{"beurre": {"sans": {"beurre doux l\u00e9ger 39-41% m.g.": 16.25, "beurre sal\u00e9 sel > 3%": 5.0, "beurre doux": 10.101851851851851, "beurre all\u00e9g\u00e9 60-62 % m.g. demi-sel": 20.0, "beurre sal\u00e9 non all\u00e9g\u00e9 ajout\u00e9 \u00e0 la cuisson": 10.0, "beurre all\u00e9g\u00e9 ajout\u00e9 au service": 8.0, "beurre all\u00e9g\u00e9 ajout\u00e9 \u00e0 la cuisson": 6.25, "beurre sal\u00e9 non all\u00e9g\u00e9 ajout\u00e9e au service": 8.68421052631579, "beurre demi-sel sel maxi 3%": 5.588235294117647, "beurre doux non all\u00e9g\u00e9 ajout\u00e9 \u00e0 la cuisson": 8.434343434343434, "beurre all\u00e9g\u00e9 sans pr\u00e9cision": 6.875, "beurre doux non all\u00e9g\u00e9 ajout\u00e9e au service": 8.211764705882352}}}