{"charcuterie": {"p\u00e2t\u00e9s, terrines, rillettes et foie gras": {"foie gras en conserve": 41.666666666666664, "p\u00e2t\u00e9 de t\u00eate ou fromage de t\u00eate": 62.5, "p\u00e2t\u00e9 de campagne": 62.5, "galantine": 50.0, "p\u00e2t\u00e9 de foie de porc": 34.5, "rillettes pur porc": 50.0, "rillettes": 37.75, "p\u00e2t\u00e9 en cro\u00fbte": 300.0}, "autre charcuterie ou charcuterie  sans pr\u00e9cision": {"autre charcuterie": 108.33333333333333}, "saucisses, saucissons, andouilles et boudins": {"saucisse s\u00e8che": 33.333333333333336, "saucisse de morteau cuite": 100.0, "rosette ou fuseau": 25.0, "cervelas": 56.25, "saucisson sec": 36.583333333333336, "saucisse de francfort": 70.0, "chair \u00e0 saucisse": 70.0, "salami": 25.0, "chipolata cuite": 200.0, "andouillette r\u00e9chauff\u00e9e": 131.25, "merguez de b\u0153uf et de mouton cuite": 127.77777777777777, "boudin blanc cuit": 90.0, "boudin noir cuit": 155.0, "andouille r\u00e9chauff\u00e9e": 100.0, "saucisse cocktail": 88.0, "mortadelle": 25.0, "saucisse sans pr\u00e9cision": 74.0, "saucisson \u00e0 l'ail": 58.333333333333336, "saucisse de strasbourg": 117.0}, "jambons et charcuteries en pi\u00e8ces": {"jambon cuit dd (d\u00e9couenn\u00e9 d\u00e9graiss\u00e9)": 77.14285714285714, "jambon cuit": 56.78082191780822, "lardon nature cuit": 38.5, "jambon cru": 45.714285714285715, "jambon cru fum\u00e9": 30.0, "jambon cuit sup\u00e9rieur": 73.57142857142857, "bacon filet cuit": 22.5}}}