{"viande": {"bœuf en pièces ou haché": {"bœuf boulettes cuites": 83.57142857142857, "bœuf faux-filet grillé": 200.0, "steak haché 5% m.g. cuit": 80.0, "brochette de bœuf": 70.0, "steak haché 15% m.g. cuit": 120.1923076923077, "fondue bourguignonne": 200.0, "boeuf bifteck grillé": 139.24137931034483, "bœuf à bourguignon cuit": 155.0, "bœuf braisé": 75.0, "bœuf rosbif rôti": 143.5, "bœuf entrecôte grillée": 166.66666666666666}, "autre viande": {"brochette mixte de viande": 300.0, "viande cuite sans précision": 122.85714285714286}, "porc": {"porc côtelette grillée": 145.1764705882353, "porc filet rôti maigre cuit": 97.5, "porc travers braisé": 130.0, "porc échine rôtie": 260.0, "porc rôti cuit": 94.76190476190476}, "agneau": {"agneau côtelette grillée": 131.66666666666666, "agneau gigot rôti": 98.0}, "veau": {"veau escalope panée": 40.0, "veau filet rôti": 100.0, "veau escalope cuite": 106.66666666666667}}}