{"condiments et sauces": {"condiments d'assaisonnement": {"ail frais": 2.375, "vinaigre": 6.344827586206897, "cube pour bouillon de b\u0153uf": 36.0, "concentr\u00e9 de tomate": 7.0, "sauce de soja": 18.0}, "condiments d'accompagnement": {"olive noire en saumure": 15.0, "olive verte en saumure": 12.666666666666666, "moutarde": 7.0, "cornichon au vinaigre": 33.888888888888886, "ketchup": 53.333333333333336}, "herbes aromatiques": {"herbes aromatiques fra\u00eeches": 1.2000000000000002, "basilic frais": 0.9333333333333332, "ciboule ou ciboulette fra\u00eeche": 2.5, "persil frais": 6.0, "thym sec": 2.0}, "sauces": {"sauce au yaourt": 23.333333333333332, "vinaigrette ajout\u00e9e au service": 20.0, "sauce tomate sans viande": 26.11764705882353, "sauce sans pr\u00e9cision": 40.0, "sauce \u00e0 la cr\u00e8me aux \u00e9pices": 30.0, "autre sauce": 15.0, "sauce \u00e0 la cr\u00e8me aux herbes": 36.666666666666664, "sauce \u00e0 la cr\u00e8me": 15.0, "sauce au vin rouge": 31.875, "sauce barbecue": 15.0, "mayonnaise ajout\u00e9e au service": 15.0, "vinaigrette all\u00e9g\u00e9e ajout\u00e9e au service": 20.0, "sauce aigre-douce": 30.0, "mayonnaise": 10.681818181818182, "sauce au beurre": 30.0, "mayonnaise all\u00e9g\u00e9e": 30.0, "vinaigrette all\u00e9g\u00e9e": 21.5, "sauce tomate \u00e0 la viande ou bolognaise type panzani ou buitoni": 53.333333333333336, "sauce moutarde": 23.0, "vinaigrette sans pr\u00e9cision": 26.904761904761905, "vinaigrette \u00e0 l'huile d'olive": 24.363636363636363, "sauce b\u00e9chamel en brique": 33.75}, "sel et \u00e9pices": {"curry en poudre": 2.0, "poivre noir moulu": 1.0588235294117647, "sel fin ou gros": 1.9411764705882353, "cannelle": 3.0, "\u00e9pices sans pr\u00e9cision": 1.5, "sel de mer": 2.0, "coriandre en graines": 2.0}}}