{"fruits": {"sans": {"ananas frais": 136.66666666666666, "litchi frais": 21.25, "cerise fraîche": 150.0, "framboise fraîche": 25.0, "raisin noir frais": 175.0, "salade de fruits frais": 300.0, "autre fruit": 200.0, "pastèque fraîche": 222.5, "abricot frais": 135.5, "mirabelle fraîche": 200.0, "banane fraîche": 177.57575757575756, "kiwi frais": 92.84210526315789, "pamplemousse frais": 105.0, "mangue fraîche": 50.0, "raisin blanc frais": 120.45454545454545, "fraise fraîche": 134.375, "nectarine non pelée fraîche": 165.0, "melon frais": 240.0, "orange fraîche": 183.6206896551724, "poire non pelée fraîche": 173.88888888888889, "citron frais": 6.0, "prune reine-claude fraîche": 140.0, "clémentine ou mandarine fraîche": 78.26923076923077, "myrtille fraîche": 18.0, "pomme non pelée fraîche": 166.56521739130434, "pêche non pelée fraîche": 180.0}}}