{"caf\u00e9": {"sans": {"caf\u00e9 expresso non sucr\u00e9": 76.66666666666667, "caf\u00e9 noir pr\u00eat \u00e0 boire non sucr\u00e9": 225.21381578947367, "caf\u00e9 d\u00e9caf\u00e9in\u00e9 pr\u00eat \u00e0 boire non sucr\u00e9": 300.0, "caf\u00e9 au lait ou caf\u00e9 cr\u00e8me ou cappuccino non sucr\u00e9": 285.75757575757575, "caf\u00e9 soluble en poudre": 2.75}}}