{"volaille et gibier": {"gibier": {"chevreuil r\u00f4ti": 105.0}, "volailles et lapins": {"poule viande bouillie": 175.0, "blanc de poulet cuit": 91.25, "poulet cuisse r\u00f4tie viande et peau": 139.23076923076923, "dinde viande r\u00f4tie": 110.0, "lapin en rago\u00fbt": 136.0, "lapin viande cuite": 180.0, "oie viande r\u00f4tie": 466.6666666666667, "brochette de volaille": 150.0, "dinde ou autre volaille escalope saut\u00e9e": 99.29166666666667, "canard viande r\u00f4tie": 100.0, "canard magret cuit \u00e0 la po\u00eale": 60.285714285714285, "autre volaille cuite": 362.6666666666667, "poulet r\u00f4ti viande et peau": 100.55}}}