{"huile": {"sans": {"huile v\u00e9g\u00e9tale sans pr\u00e9cision": 10.75, "huile de colza": 8.1, "huile de tournesol ajout\u00e9e au service": 9.733333333333333, "huile d'arachide ajout\u00e9e \u00e0 la cuisson": 12.0, "huile m\u00e9lang\u00e9e (type isio 4) ajout\u00e9e au service": 10.0, "huile m\u00e9lang\u00e9e \u00e9quilibr\u00e9e type isio 4": 12.9375, "huile de colza ajout\u00e9e au service": 10.0, "huile d'olive ajout\u00e9e au service": 10.86111111111111, "huile de colza ajout\u00e9e \u00e0 la cuisson": 12.0, "huile m\u00e9lang\u00e9e (type isio 4) ajout\u00e9e \u00e0 la cuisson": 10.5, "huile de tournesol ajout\u00e9e \u00e0 la cuisson": 10.8, "huile d'olive ajout\u00e9e \u00e0 la cuisson": 11.310344827586206, "huile d'olive vierge": 14.157142857142857, "huile de tournesol": 16.625}}}