{"pommes de terre et apparent\u00e9s": {"sans": {"pur\u00e9e de pomme de terre avec lait et beurre non sal\u00e9e": 191.1764705882353, "pomme de terre rissol\u00e9e surgel\u00e9e": 156.52173913043478, "pur\u00e9e de pomme de terre \u00e0 base de flocons reconstitu\u00e9e au lait demi-\u00e9cr\u00e9m\u00e9": 169.23076923076923, "pomme de terre dauphine cuite": 350.0, "pomme de terre frite surgel\u00e9e cuite": 93.75, "pomme de terre cuite \u00e0 la vapeur": 221.42857142857142, "pomme noisette pr\u00e9cuite surgel\u00e9e": 75.0, "pomme de terre cuite au four": 100.0, "pomme de terre frite non sal\u00e9e": 68.05555555555556, "pomme de terre cuite \u00e0 l'eau": 130.0}}}