{"l\u00e9gumes (hors pommes de terre)": {"champignons": {"champignon tout type cru sans pr\u00e9cision": 200.0, "champignon tout type en conserve": 64.16666666666667}, "m\u00e9langes de l\u00e9gumes, l\u00e9gumes pr\u00e9par\u00e9s et autres l\u00e9gumes": {"ratatouille ni\u00e7oise": 150.41666666666666, "l\u00e9gume en pur\u00e9e hors pomme de terre non sal\u00e9": 100.0, "crudit\u00e9s vinaigrette sans pr\u00e9cision": 125.0, "c\u00e9leri r\u00e9moulade": 300.0, "pulpe de tomate en conserve": 18.0, "petits pois et carottes en conserve": 116.77777777777777, "l\u00e9gumes cuits sans pr\u00e9cision": 106.25, "mac\u00e9doine de l\u00e9gumes en conserve": 100.0, "l\u00e9gumes m\u00e9lang\u00e9s surgel\u00e9s": 63.333333333333336}, "choux": {"chou-fleur cuit": 164.54545454545453, "chou vert cuit": 200.0, "chou blanc cru": 25.0, "chou rouge cru": 63.333333333333336, "chou rouge cuit \u00e0 l'eau": 216.66666666666666, "brocoli cuit": 124.16666666666667}, "l\u00e9gumes tiges": {"asperge cuite": 108.66666666666667, "artichaut cuit": 334.0, "germe ou pousse de soja cru": 25.0, "poireau cuit": 25.0, "fenouil cuit \u00e0 l'eau": 35.0, "asperge en conserve": 112.5}, "haricots verts et petits pois (l\u00e9gumes potagers)": {"haricot vert surgel\u00e9 cuit": 103.84615384615384, "haricot beurre en conserve": 250.0, "petit pois cuit": 88.0, "petit pois en conserve": 137.57142857142858, "haricot vert cuit": 141.71428571428572, "haricot vert en conserve \u00e9goutt\u00e9": 128.6}, "l\u00e9gumes racines, tubercules ou bulbes": {"oignon cuit": 23.291666666666668, "oignon cru": 25.0, "carotte en conserve": 75.0, "radis rouge cru": 58.333333333333336, "\u00e9chalote crue": 9.5, "betterave rouge cuite": 79.33333333333333, "radis noir cru": 40.0, "c\u00e9leri-rave cru": 87.5, "carotte cuite": 102.84615384615384, "carotte crue": 73.28947368421052}, "l\u00e9gumes fruits": {"tomate cerise crue": 25.0, "ma\u00efs doux en conserve": 57.142857142857146, "aubergine cuite": 100.0, "poivron vert jaune ou rouge cuit": 36.25, "avocat frais": 45.142857142857146, "concombre cru pulpe": 82.24137931034483, "tomate crue": 103.8970588235294, "ma\u00efs doux en \u00e9pis cuit": 25.0, "courgette cuite": 108.63636363636364}, "l\u00e9gumes feuilles": {"endive cuite": 175.0, "chicor\u00e9e fris\u00e9e crue": 30.0, "salade verte sans assaisonnement sans pr\u00e9cision": 41.27450980392157, "autre salade sans assaisonnement": 40.0, "laitue crue": 33.333333333333336, "\u00e9pinard cuit": 130.0, "m\u00e2che crue": 37.5, "endive crue": 32.35294117647059}}}