{"riz et blé dur ou concassé": {"riz": {"riz blanc cuit": 129.3582089552239}, "blé": {"couscous (graine seule) semoule cuite": 116.66666666666667, "blé dur précuit nature type ebly": 100.45454545454545}}}