{"margarine": {"sans": {"margarine type primev\u00e8re 60% m.g. ajout\u00e9e au service": 6.75, "margarine de cuisine 80% m.g.": 10.055555555555555, "mati\u00e8re grasse all\u00e9g\u00e9e 60% m.g.": 13.75, "margarine proactiv de fruit d'or ajout\u00e9e \u00e0 la cuisson": 10.0, "mati\u00e8re grasse all\u00e9g\u00e9e 55-60% m.g. riche en om\u00e9ga 3 et 6": 16.434782608695652, "margarine all\u00e9g\u00e9e  40% m.g. ajout\u00e9e \u00e0 la cuisson": 10.0, "margarine type primev\u00e8re 60% m.g. ajout\u00e9e \u00e0 la cuisson": 8.214285714285714, "mati\u00e8re grasse l\u00e9g\u00e8re 38-41% m.g. \u00e0 tartiner": 10.0, "margarine au tournesol en barquette 80% m.g. type fruit d'or": 11.25, "margarine au tournesol  60% m.g. ajout\u00e9e \u00e0 la cuisson": 10.0, "margarine au tournesol  70% ou 80% m.g. ajout\u00e9e \u00e0 la cuisson": 10.0, "margarine ordinaire  70% ou 80% m.g. ajout\u00e9e \u00e0 la cuisson": 9.137931034482758}}}