{"autres boissons chaudes": {"th\u00e9 et infusions": {"tisane infus\u00e9e non sucr\u00e9e": 265.7142857142857, "th\u00e9 infus\u00e9 non sucr\u00e9": 328.0}, "cacao, poudres et boissons cacaot\u00e9es": {"poudre cacaot\u00e9e sucr\u00e9e enrichie pour boisson": 24.0, "poudre cacaot\u00e9e et sucr\u00e9e pour boisson au chocolat": 11.294117647058824, "boisson instantan\u00e9e cacaot\u00e9e sucr\u00e9e reconstitu\u00e9e": 307.14285714285717}, "chicor\u00e9e et poudre malt\u00e9e": {"poudre malt\u00e9e et sucr\u00e9e pour boisson": 2.6, "poudre soluble \u00e0 base de chicor\u00e9e et de caf\u00e9 type ricor\u00e9": 2.9761904761904763}}}