{"sucres et d\u00e9riv\u00e9s": {"confiserie": {"bonbons g\u00e9lifi\u00e9s": 98.0, "confiserie drag\u00e9ifi\u00e9e au chocolat type smarties": 14.5, "p\u00e2te de fruits": 15.0, "meringue": 10.0, "confiserie \u00e0 base de cacahu\u00e8tes drag\u00e9ifi\u00e9es enrob\u00e9es de chocolat type m&ms cacah": 45.0, "bonbons tout type sauf g\u00e9lifi\u00e9s": 29.846153846153847, "chewing-gum sans sucre": 3.0, "nougat ou touron": 40.0}, "confiture et miel": {"miel": 15.027777777777779, "confiture de cerise": 30.0, "confiture ajout\u00e9e au service": 7.7272727272727275, "confiture de fraise": 34.285714285714285, "confiture d'abricot": 10.0, "confiture ou marmelade tout type": 34.3421052631579, "confiture all\u00e9g\u00e9e": 32.5}, "sucre et assimil\u00e9s": {"sucre roux": 5.934782608695652, "sucre blanc": 8.10185393258427, "sucre blanc ajout\u00e9 au service": 5.9405940594059405}}}