{"l\u00e9gumes secs": {"l\u00e9gumes secs": {"haricot blanc cuit": 200.0, "pois chiche cuit": 39.0, "lentille cuite": 207.14285714285714, "haricot flageolet en conserve": 96.875, "haricot blanc en conserve": 133.33333333333334}, "l\u00e9gumes secs pr\u00e9par\u00e9s": {"lentille cuisin\u00e9e en conserve": 166.66666666666666}}}