{"viennoiserie": {"sans": {"croissant au beurre artisanal": 73.33333333333333, "croissant sans pr\u00e9cision": 64.16666666666667, "brioche sans pr\u00e9cision": 51.95652173913044, "pain au chocolat feuillet\u00e9 artisanal": 70.85526315789474, "brioche industrielle pr\u00e9emball\u00e9e": 47.5, "chausson aux pommes": 51.666666666666664, "pain au lait artisanal": 67.8, "croissant ordinaire artisanal": 55.0}}}