{"boissons alcoolis\u00e9es": {"cidre": {"cidre brut": 360.0, "cidre": 150.0, "cidre doux": 550.0}, "spiritueux et vins cuits": {"eau-de-vie": 37.5, "porto": 50.0, "ap\u00e9ritif \u00e0 base de vin ou vermouth type martini": 133.33333333333334, "vin doux naturel ou vin mut\u00e9 autre que porto type muscat banyuls ou maury": 300.0, "gin": 30.0, "liqueurs": 50.0, "whisky": 150.0}, "vin": {"vin sans pr\u00e9cision": 226.20689655172413, "vin blanc 11\u00b0": 277.1578947368421, "vin rouge 12\u00b0": 142.29166666666666, "vin rouge 10\u00b0": 342.3529411764706, "vin rouge 11\u00b0": 236.92307692307693, "champagne": 176.0, "vin ros\u00e9 11\u00b0": 173.5}, "cocktails et m\u00e9langes": {"cocktail alcoolis\u00e9": 120.0, "pastis pr\u00eat \u00e0 boire (1+5)": 186.0, "kir royal": 225.0, "kir": 133.33333333333334}, "bi\u00e8re": {"bi\u00e8re sp\u00e9ciale \u00e0 5-6\u00b0 d'alcool type 1664 pelforth ambr\u00e9e ou fischer heineken": 312.5, "bi\u00e8re de sp\u00e9cialit\u00e9s ou d'abbaye r\u00e9gionales ou de brasserie degr\u00e9 d'alcool varia": 375.0, "bi\u00e8re brune": 330.0, "bi\u00e8re c\u0153ur de march\u00e9 \u00e0 4-5\u00b0 d'alcool type kronenbourg ou 33 export": 512.0}}}