{"riz et bl\u00e9 dur ou concass\u00e9": {"riz": {"riz blanc cuit": 129.3582089552239}, "bl\u00e9": {"couscous (graine seule) semoule cuite": 116.66666666666667, "bl\u00e9 dur pr\u00e9cuit nature type ebly": 100.45454545454545}}}