{"eaux": {"eau min\u00e9rale plate": {"vittel eau plate": 242.22222222222223, "saint amand vauban eau plate": 243.75, "aix les bains eau plate": 480.0, "luchon eau plate": 331.6666666666667, "\u00e9vian eau plate": 208.13953488372093, "h\u00e9par eau plate": 250.0, "contrex eau plate": 253.23529411764707, "thonon eau plate": 250.0, "volvic eau plate": 236.55172413793105, "valvert eau plate": 150.0}, "eau du robinet": {"eau du robinet": 303.729216152019}, "eau min\u00e9rale gazeuse": {"san pellegrino eau gazeuse": 218.75, "eau gazeuse sans pr\u00e9cision": 237.77777777777777, "perrier eau gazeuse": 170.83333333333334, "badoit eau gazeuse": 235.0, "ch\u00e2teauneuf eau gazeuse": 174.54545454545453, "la verni\u00e8re eau gazeuse": 153.33333333333334}, "eau de source": {"eau de source": 287.2169811320755}, "autre eau": {"eau min\u00e9rale sans pr\u00e9cision": 274.04761904761904, "autre eau min\u00e9rale": 201.0, "eau min\u00e9rale ou non faiblement min\u00e9ralis\u00e9e": 147.69230769230768}}}