{"fruits": {"sans": {"ananas frais": 136.66666666666666, "litchi frais": 21.25, "cerise fra\u00eeche": 150.0, "framboise fra\u00eeche": 25.0, "raisin noir frais": 175.0, "salade de fruits frais": 300.0, "autre fruit": 200.0, "past\u00e8que fra\u00eeche": 222.5, "abricot frais": 135.5, "mirabelle fra\u00eeche": 200.0, "banane fra\u00eeche": 177.57575757575756, "kiwi frais": 92.84210526315789, "pamplemousse frais": 105.0, "mangue fra\u00eeche": 50.0, "raisin blanc frais": 120.45454545454545, "fraise fra\u00eeche": 134.375, "nectarine non pel\u00e9e fra\u00eeche": 165.0, "melon frais": 240.0, "orange fra\u00eeche": 183.6206896551724, "poire non pel\u00e9e fra\u00eeche": 173.88888888888889, "citron frais": 6.0, "prune reine-claude fra\u00eeche": 140.0, "cl\u00e9mentine ou mandarine fra\u00eeche": 78.26923076923077, "myrtille fra\u00eeche": 18.0, "pomme non pel\u00e9e fra\u00eeche": 166.56521739130434, "p\u00eache non pel\u00e9e fra\u00eeche": 180.0}}}