{"lait": {"lait en bouteille ou en brique": {"lait demi-\u00e9cr\u00e9m\u00e9 uht \u00e0 teneur garantie en vitamines": 240.0, "lait demi-\u00e9cr\u00e9m\u00e9 uht \u00e0 teneur garantie en prot\u00e9ines et vitamines enrichi en min\u00e9": 291.1111111111111, "lait entier uht": 224.44444444444446, "lait entier pasteuris\u00e9": 185.0, "lait \u00e9cr\u00e9m\u00e9 uht": 138.33333333333334, "lait demi-\u00e9cr\u00e9m\u00e9 uht": 207.03636363636363}, "autre lait": {"autre lait": 204.0}}}