{"oeufs et d\u00e9riv\u00e9s": {"sans": {"omelette nature cuite au beurre": 155.83333333333334, "oeuf dur": 82.22222222222223, "jaune d'\u0153uf cuit": 60.0, "oeuf au plat sal\u00e9": 87.6923076923077, "oeuf \u00e0 la coque": 60.0, "oeufs brouill\u00e9s au beurre": 60.0, "omelette au fromage": 100.0}}}