{"légumes (hors pommes de terre)": {"champignons": {"champignon tout type cru sans précision": 200.0, "champignon tout type en conserve": 64.16666666666667}, "mélanges de légumes, légumes préparés et autres légumes": {"ratatouille niçoise": 150.41666666666666, "légume en purée hors pomme de terre non salé": 100.0, "crudités vinaigrette sans précision": 125.0, "céleri rémoulade": 300.0, "pulpe de tomate en conserve": 18.0, "petits pois et carottes en conserve": 116.77777777777777, "légumes cuits sans précision": 106.25, "macédoine de légumes en conserve": 100.0, "légumes mélangés surgelés": 63.333333333333336}, "choux": {"chou-fleur cuit": 164.54545454545453, "chou vert cuit": 200.0, "chou blanc cru": 25.0, "chou rouge cru": 63.333333333333336, "chou rouge cuit à l'eau": 216.66666666666666, "brocoli cuit": 124.16666666666667}, "légumes tiges": {"asperge cuite": 108.66666666666667, "artichaut cuit": 334.0, "germe ou pousse de soja cru": 25.0, "poireau cuit": 25.0, "fenouil cuit à l'eau": 35.0, "asperge en conserve": 112.5}, "haricots verts et petits pois (légumes potagers)": {"haricot vert surgelé cuit": 103.84615384615384, "haricot beurre en conserve": 250.0, "petit pois cuit": 88.0, "petit pois en conserve": 137.57142857142858, "haricot vert cuit": 141.71428571428572, "haricot vert en conserve égoutté": 128.6}, "légumes racines, tubercules ou bulbes": {"oignon cuit": 23.291666666666668, "oignon cru": 25.0, "carotte en conserve": 75.0, "radis rouge cru": 58.333333333333336, "échalote crue": 9.5, "betterave rouge cuite": 79.33333333333333, "radis noir cru": 40.0, "céleri-rave cru": 87.5, "carotte cuite": 102.84615384615384, "carotte crue": 73.28947368421052}, "légumes fruits": {"tomate cerise crue": 25.0, "maïs doux en conserve": 57.142857142857146, "aubergine cuite": 100.0, "poivron vert jaune ou rouge cuit": 36.25, "avocat frais": 45.142857142857146, "concombre cru pulpe": 82.24137931034483, "tomate crue": 103.8970588235294, "maïs doux en épis cuit": 25.0, "courgette cuite": 108.63636363636364}, "légumes feuilles": {"endive cuite": 175.0, "chicorée frisée crue": 30.0, "salade verte sans assaisonnement sans précision": 41.27450980392157, "autre salade sans assaisonnement": 40.0, "laitue crue": 33.333333333333336, "épinard cuit": 130.0, "mâche crue": 37.5, "endive crue": 32.35294117647059}}}