{"region_7_partitions_foodgrp_31": {"eaux": {"eau minérale plate": {"vittel eau plate": 242.22222222222223, "saint amand vauban eau plate": 243.75, "aix les bains eau plate": 480.0, "luchon eau plate": 331.6666666666667, "évian eau plate": 208.13953488372093, "hépar eau plate": 250.0, "contrex eau plate": 253.23529411764707, "thonon eau plate": 250.0, "volvic eau plate": 236.55172413793105, "valvert eau plate": 150.0}, "eau du robinet": {"eau du robinet": 303.729216152019}, "eau minérale gazeuse": {"san pellegrino eau gazeuse": 218.75, "eau gazeuse sans précision": 237.77777777777777, "perrier eau gazeuse": 170.83333333333334, "badoit eau gazeuse": 235.0, "châteauneuf eau gazeuse": 174.54545454545453, "la vernière eau gazeuse": 153.33333333333334}, "eau de source": {"eau de source": 287.2169811320755}, "autre eau": {"eau minérale sans précision": 274.04761904761904, "autre eau minérale": 201.0, "eau minérale ou non faiblement minéralisée": 147.69230769230768}}}}