{"viande": {"autre viande": {"brochette mixte de viande": 300.0, "viande cuite sans pr\u00e9cision": 122.85714285714286}, "b\u0153uf en pi\u00e8ces ou hach\u00e9": {"b\u0153uf boulettes cuites": 83.57142857142857, "b\u0153uf faux-filet grill\u00e9": 200.0, "brochette de b\u0153uf": 70.0, "steak hach\u00e9 5% m.g. cuit": 80.0, "steak hach\u00e9 15% m.g. cuit": 120.1923076923077, "b\u0153uf brais\u00e9": 75.0, "fondue bourguignonne": 200.0, "boeuf bifteck grill\u00e9": 139.24137931034483, "b\u0153uf \u00e0 bourguignon cuit": 155.0, "b\u0153uf entrec\u00f4te grill\u00e9e": 166.66666666666666, "b\u0153uf rosbif r\u00f4ti": 143.5}, "porc": {"porc c\u00f4telette grill\u00e9e": 145.1764705882353, "porc filet r\u00f4ti maigre cuit": 97.5, "porc travers brais\u00e9": 130.0, "porc \u00e9chine r\u00f4tie": 260.0, "porc r\u00f4ti cuit": 94.76190476190476}, "agneau": {"agneau c\u00f4telette grill\u00e9e": 131.66666666666666, "agneau gigot r\u00f4ti": 98.0}, "veau": {"veau escalope pan\u00e9e": 40.0, "veau filet r\u00f4ti": 100.0, "veau escalope cuite": 106.66666666666667}}}