{"sucres et d\u00e9riv\u00e9s": {"confiserie": {"bonbons g\u00e9lifi\u00e9s": 52.5, "confiserie drag\u00e9ifi\u00e9e au chocolat type smarties": 14.0, "p\u00e2te de fruits": 57.5, "p\u00e2te d'amande fabrication industrielle": 17.0, "chewing-gum sucr\u00e9": 7.3, "meringue": 19.0, "bonbons tout type sauf g\u00e9lifi\u00e9s": 19.75, "chewing-gum sans sucre": 5.368421052631579, "confiserie \u00e0 base de cacahu\u00e8tes drag\u00e9ifi\u00e9es enrob\u00e9es de chocolat type m&ms cacah": 30.833333333333332, "nougat ou touron": 40.0}, "confiture et miel": {"miel": 19.825581395348838, "confiture de cerise": 25.0, "confiture ajout\u00e9e au service": 10.217391304347826, "confiture d'orange": 38.57142857142857, "confiture de fraise": 38.65853658536585, "confiture d'abricot": 52.67857142857143, "confiture ou marmelade tout type": 32.18072289156626, "confiture all\u00e9g\u00e9e": 29.767441860465116}, "sucre et assimil\u00e9s": {"sucre roux": 10.264705882352942, "sucre blanc": 9.646258503401361, "sucre blanc ajout\u00e9 au service": 5.684410646387833, "sucre all\u00e9g\u00e9 type tutti free": 3.026315789473684}}}