{"condiments et sauces": {"condiments d'assaisonnement": {"ail frais": 3.2972972972972974, "vinaigre": 11.08, "cube pour bouillon de b\u0153uf": 4.85, "concentr\u00e9 de tomate": 40.0, "sauce de soja": 20.0}, "condiments d'accompagnement": {"raifort cru": 12.5, "olive verte en saumure": 23.22222222222222, "olive noire en saumure": 21.0, "moutarde": 9.454464285714286, "cornichon au vinaigre": 40.370370370370374, "ketchup": 39.41304347826087}, "herbes aromatiques": {"basilic frais": 1.9538461538461542, "persil frais": 6.3125, "menthe fra\u00eeche": 1.6, "thym sec": 5.942857142857143, "ciboule ou ciboulette fra\u00eeche": 6.766666666666667, "cerfeuil frais": 4.166666666666667, "herbes aromatiques fra\u00eeches": 2.12969696969697}, "sauces": {"sauce hollandaise": 27.5, "mayonnaise \u00e0 l'huile de tournesol": 12.0, "sauce au yaourt": 35.5, "vinaigrette ajout\u00e9e au service": 20.0, "sauce tomate sans viande": 39.07303370786517, "sauce au poivre ajout\u00e9e au service": 20.0, "sauce sans pr\u00e9cision": 33.75, "sauce \u00e0 la cr\u00e8me aux \u00e9pices": 39.0, "vinaigrette sans pr\u00e9cision": 22.675, "sauce \u00e0 la cr\u00e8me aux herbes": 45.0, "sauce \u00e0 la cr\u00e8me": 32.083333333333336, "sauce au vin rouge": 21.428571428571427, "sauce barbecue": 27.5, "mayonnaise ajout\u00e9e au service": 15.0, "sauce aux champignons": 39.5, "sauce au fromage": 55.0, "vinaigrette all\u00e9g\u00e9e ajout\u00e9e au service": 20.0, "mayonnaise": 13.190909090909091, "sauce b\u00e9arnaise": 15.0, "sauce au beurre": 28.0, "mayonnaise all\u00e9g\u00e9e": 13.928571428571429, "vinaigrette all\u00e9g\u00e9e": 26.081632653061224, "sauce au curry": 37.5, "sauce tomate \u00e0 la viande ou bolognaise type panzani ou buitoni": 66.07142857142857, "sauce moutarde": 37.5, "autre sauce": 32.0, "vinaigrette \u00e0 l'huile d'olive": 24.333333333333332, "sauce b\u00e9chamel en brique": 35.65217391304348}, "sel et \u00e9pices": {"curry en poudre": 3.0, "poivre noir moulu": 1.1541666666666666, "gingembre moulu": 1.5, "cumin en graines": 2.0, "sel fin ou gros": 2.4266666666666667, "sel de mer": 2.0625, "\u00e9pices sans pr\u00e9cision": 1.51}}}