{"autres boissons chaudes": {"th\u00e9 et infusions": {"tisane infus\u00e9e non sucr\u00e9e": 258.24242424242425, "th\u00e9 infus\u00e9 non sucr\u00e9": 268.82022471910113}, "cacao, poudres et boissons cacaot\u00e9es": {"boisson instantan\u00e9e cacaot\u00e9e sucr\u00e9e reconstitu\u00e9e": 248.07692307692307, "poudre cacaot\u00e9e et sucr\u00e9e pour boisson au chocolat": 13.883495145631068, "cacao en poudre non sucr\u00e9 type van houten": 2.0, "poudre cacaot\u00e9e sucr\u00e9e enrichie pour boisson": 25.5, "boisson cacaot\u00e9e sucr\u00e9e au lait type cacolac": 200.0}, "chicor\u00e9e et poudre malt\u00e9e": {"poudre malt\u00e9e et sucr\u00e9e pour boisson": 3.6875, "poudre soluble \u00e0 base de chicor\u00e9e et de caf\u00e9 type ricor\u00e9": 1.9589041095890412, "chicor\u00e9e en poudre soluble type leroux": 7.7073170731707314}}}