{"region_9_partitions_foodgrp_17": {"viande": {"bœuf en pièces ou haché": {"bœuf boulettes cuites": 109.61538461538461, "bœuf faux-filet grillé": 95.71428571428571, "brochette de bœuf": 172.0, "steak haché 5% m.g. cuit": 105.0, "steak haché 5% m.g. cru": 200.0, "carpaccio de boeuf": 100.0, "steak haché 15% m.g. cuit": 123.57758620689656, "bœuf à pot-au-feu cuit": 160.0, "boeuf bifteck grillé": 126.63793103448276, "steak haché 10% m.g. cuit": 118.0, "fondue bourguignonne": 232.5, "bœuf à bourguignon cuit": 80.35714285714286, "bœuf braisé": 155.0, "bœuf rosbif rôti": 101.38888888888889, "bœuf entrecôte grillée": 145.0}, "autre viande": {"autre viande": 168.33333333333334, "cheval viande rôtie": 70.0, "brochette mixte de viande": 70.0, "viande cuite sans précision": 118.0}, "porc": {"porc côtelette grillée": 128.77777777777777, "porc filet rôti maigre cuit": 86.07142857142857, "porc travers braisé": 81.875, "porc échine rôtie": 170.0, "porc rôti cuit": 93.75510204081633}, "agneau": {"agneau épaule rôtie": 105.0, "agneau côtelette grillée": 140.0, "brochette d'agneau": 90.0, "agneau gigot rôti": 107.5}, "veau": {"veau escalope cuite": 101.47058823529412, "veau rôti": 106.66666666666667, "veau filet rôti": 80.0, "veau côte cuite": 115.0, "veau mijoté": 111.5, "veau escalope panée": 152.5}}}}