{"volaille et gibier": {"gibier": {"chevreuil rôti": 200.0}, "volailles et lapins": {"blanc de poulet cuit": 89.86875, "poulet cuisse rôtie viande et peau": 218.06896551724137, "dinde viande rôtie": 133.86666666666667, "lapin en ragoût": 140.0, "lapin viande cuite": 163.33333333333334, "volaille cuite sans précision": 45.0, "confit de canard": 350.0, "brochette de volaille": 110.0, "dinde ou autre volaille escalope sautée": 102.48076923076923, "canard viande rôtie": 184.0, "canard magret cuit à la poêle": 83.0625, "autre volaille cuite": 192.14285714285714, "caille cuite viande et peau": 153.33333333333334, "poulet rôti viande et peau": 154.77142857142857}}}