{"beurre": {"sans": {"beurre doux l\u00e9ger 39-41% m.g.": 12.25, "beurre sal\u00e9 sel > 3%": 16.0, "mati\u00e8re grasse laiti\u00e8re l\u00e9g\u00e8re 25% m.g. \u00e0 tartiner type bridelight": 11.8, "beurre doux": 12.231884057971014, "beurre all\u00e9g\u00e9 sans pr\u00e9cision": 10.38888888888889, "beurre sal\u00e9 non all\u00e9g\u00e9 ajout\u00e9 \u00e0 la cuisson": 8.333333333333334, "beurre all\u00e9g\u00e9 ajout\u00e9 au service": 8.5, "beurre all\u00e9g\u00e9 ajout\u00e9 \u00e0 la cuisson": 8.924731182795698, "beurre sal\u00e9 non all\u00e9g\u00e9 ajout\u00e9e au service": 7.578947368421052, "beurre demi-sel sel maxi 3%": 18.653846153846153, "beurre doux non all\u00e9g\u00e9 ajout\u00e9 \u00e0 la cuisson": 9.30232558139535, "beurre doux non all\u00e9g\u00e9 ajout\u00e9e au service": 9.448275862068966}}}