{"pommes de terre et apparentés": {"sans": {"purée de pomme de terre avec lait et beurre non salée": 174.7111111111111, "pomme de terre rissolée surgelée": 150.71428571428572, "purée de pomme de terre à base de flocons reconstituée au lait demi-écrémé": 156.66666666666666, "pomme de terre dauphine cuite": 85.3076923076923, "gnocchis de pommes de terre": 183.63636363636363, "pomme de terre frite surgelée cuite": 78.49166666666666, "pomme de terre cuite à la vapeur": 189.41860465116278, "pomme noisette précuite surgelée": 65.27777777777777, "pomme de terre cuite au four": 170.0, "pomme de terre frite non salée": 77.88461538461539, "pomme de terre cuite à l'eau": 174.44954128440367}}}