{"pain et panification s\u00e8che": {"biscottes et panification s\u00e8che": {"autre biscotte": 28.023255813953487, "tartine extrud\u00e9e fourr\u00e9e au chocolat ou aux fruits type craquinette de lu": 28.95, "pain grill\u00e9 au froment type tranches pain grill\u00e9 pelletier lu braisotte jacquet": 22.01923076923077, "biscotte compl\u00e8te ou riche en fibres": 25.416666666666668, "biscotte multic\u00e9r\u00e9ales type heudebert aux six c\u00e9r\u00e9ales": 32.142857142857146, "biscotte classique type heudebert lu": 19.5}, "autres produits de panification": {"chapelure ou panure": 8.8, "cro\u00fbtons": 19.6, "fougasse garnie": 105.0}, "pain": {"pain grill\u00e9 maison": 53.294117647058826, "pain aux c\u00e9r\u00e9ales artisanal": 59.25, "pain courant fran\u00e7ais boule \u00e0 la levure": 65.39024390243902, "pain sans pr\u00e9cision": 44.6875, "pain de seigle et froment": 27.363636363636363, "pain brioch\u00e9 ou viennois": 36.71875, "pain complet ou int\u00e9gral artisanal": 48.125, "pain type poil\u00e2ne": 87.5, "autre pain": 106.5, "pain de mie": 64.75342465753425, "pain baguette": 58.47808764940239, "pain de campagne ou bis": 71.86046511627907}}}