{"region_9_partitions_foodgrp_23": {"légumes (hors pommes de terre)": {"champignons": {"champignon tout type cru sans précision": 44.285714285714285, "champignon tout type en conserve": 75.17, "champignon de paris en conserve": 111.71428571428571, "champignon de paris sauté": 108.33333333333333}, "mélanges de légumes, légumes préparés et autres légumes": {"ratatouille niçoise": 190.54054054054055, "légume en purée hors pomme de terre non salé": 101.33333333333333, "crudités vinaigrette sans précision": 95.0, "céleri rémoulade": 83.92857142857143, "pulpe de tomate en conserve": 68.0, "purée de tomate": 105.0, "petits pois et carottes en conserve": 111.53125, "légumes cuits sans précision": 135.625, "autre légume frais ou crudité, sans assaisonnement": 15.0, "macédoine de légumes en conserve": 121.92307692307692, "légumes mélangés surgelés": 140.25, "terrine ou mousse de légumes": 100.0, "choucroute sans garniture": 216.66666666666666}, "choux": {"chou-fleur cuit": 147.6, "chou vert cuit": 136.5, "chou blanc cru": 39.0, "chou rouge cuit à l'eau": 83.33333333333333, "chou rouge cru": 70.45454545454545, "chou-fleur cru": 139.33333333333334, "brocoli cuit": 163.42857142857142, "chou de bruxelles cuit": 172.25}, "légumes tiges": {"asperge cuite": 82.6, "cœur de palmier en conserve": 120.0, "artichaut cuit": 128.0, "germe ou pousse de soja en conserve": 50.0, "céleri branche cuit": 71.0, "germe ou pousse de soja cru": 50.0, "poireau cuit": 96.92307692307692, "fenouil cuit à l'eau": 83.26923076923077, "asperge en conserve": 82.6, "fenouil cru": 10.0}, "haricots verts et petits pois (légumes potagers)": {"haricot vert surgelé cuit": 112.21875, "haricot beurre en conserve": 124.75, "petit pois cuit": 83.46153846153847, "petit pois en conserve": 82.53333333333333, "haricot vert cuit": 92.19444444444444, "haricot vert en conserve égoutté": 116.56164383561644}, "légumes racines, tubercules ou bulbes": {"oignon cuit": 16.910958904109588, "salsifis en conserve": 122.57142857142857, "oignon cru": 14.5625, "carotte en conserve": 62.5625, "radis rouge cru": 67.08333333333333, "échalote crue": 9.302631578947368, "céleri-rave cuit": 62.5, "betterave rouge cuite": 83.23076923076923, "topinambour cuit": 50.0, "navet cuit": 73.125, "céleri-rave cru": 53.875, "carotte cuite": 104.12295081967213, "salsifis cuit": 250.0, "carotte crue": 64.13315217391305}, "légumes fruits": {"tomate cerise crue": 33.421052631578945, "poivron vert jaune ou rouge cru": 25.0, "potiron cuit": 70.66666666666667, "maïs doux en conserve": 46.54761904761905, "aubergine cuite": 66.25, "poivron vert jaune ou rouge cuit": 67.0, "maïs doux en épis cuit": 60.2, "poivron rouge cuit": 25.0, "tomate pelée en conserve": 100.0, "concombre cru pulpe": 77.82407407407408, "tomate crue": 86.95431472081218, "poivron rouge cru": 50.0, "avocat frais": 100.640625, "courgette cuite": 103.46875}, "légumes feuilles": {"scarole crue": 42.5, "endive cuite": 177.47368421052633, "chicorée frisée crue": 35.45454545454545, "mâche crue": 32.7027027027027, "autre salade sans assaisonnement": 42.765957446808514, "laitue crue": 28.958333333333332, "épinard cuit": 145.83333333333334, "salade verte sans assaisonnement sans précision": 34.75845410628019, "bette ou blette cuite": 132.16666666666666, "pissenlit cru": 40.0, "endive crue": 31.71875}}}}