{"viennoiserie": {"sans": {"croissant au beurre artisanal": 77.0, "croissant sans pr\u00e9cision": 47.78846153846154, "brioche sans pr\u00e9cision": 59.53488372093023, "pain aux raisins": 105.0, "pain au chocolat feuillet\u00e9 artisanal": 64.92244680851064, "brioche industrielle pr\u00e9emball\u00e9e": 50.95744680851064, "autre viennoiserie": 75.0, "chausson aux pommes": 45.9375, "pain au lait artisanal": 57.89473684210526, "croissant aux amandes artisanal": 122.5, "croissant ordinaire artisanal": 64.16666666666667}}}