{"abats": {"sans": {"foie de volaille cuit": 70.0, "langue de veau cuite": 50.0, "foie de g\u00e9nisse cuit": 108.33333333333333, "autre abat": 145.0, "langue de b\u0153uf cuite": 100.0, "canard g\u00e9sier confit \u00e9goutt\u00e9 et r\u00e9chauff\u00e9": 60.0, "ris de veau brais\u00e9 ou po\u00eal\u00e9": 150.0, "foie de veau cuit": 128.33333333333334}}}