{"charcuterie": {"p\u00e2t\u00e9s, terrines, rillettes et foie gras": {"foie gras en conserve": 35.15, "p\u00e2t\u00e9 de t\u00eate ou fromage de t\u00eate": 65.33333333333333, "p\u00e2t\u00e9 de campagne": 47.25, "galantine": 56.666666666666664, "mousse de foie": 29.333333333333332, "p\u00e2t\u00e9 de foie de porc": 39.875, "rillettes pur porc": 25.0, "p\u00e2t\u00e9 de lapin": 33.333333333333336, "rillettes": 64.71428571428571, "p\u00e2t\u00e9 en cro\u00fbte": 66.36363636363636, "foie gras de canard entier en conserve": 105.0, "terrine de canard": 38.0}, "autre charcuterie ou charcuterie  sans pr\u00e9cision": {"charcuterie sans pr\u00e9cision": 55.0, "autre charcuterie": 48.529411764705884}, "saucisses, saucissons, andouilles et boudins": {"saucisse de morteau cuite": 70.5, "mortadelle": 55.75, "chorizo sec": 56.5, "saucisse s\u00e8che": 22.25, "saucisson sec pur porc": 25.0, "boudin noir cuit": 143.63636363636363, "saucisse alsacienne fum\u00e9e ou gendarme": 75.0, "saucisse cocktail": 37.75, "rosette ou fuseau": 29.333333333333332, "saucisson sec": 40.675, "chair \u00e0 saucisse": 88.57142857142857, "salami": 50.09090909090909, "chipolata cuite": 81.25, "andouillette r\u00e9chauff\u00e9e": 137.66666666666666, "merguez de b\u0153uf et de mouton cuite": 78.47222222222223, "boudin blanc cuit": 125.0, "saucisson \u00e0 l'ail": 47.6, "saucisse de toulouse cuite": 150.0, "cervelas": 46.0, "saucisse de montb\u00e9liard": 55.0, "saucisse sans pr\u00e9cision": 67.89830508474576, "saucisse de strasbourg": 67.56521739130434}, "jambons et charcuteries en pi\u00e8ces": {"jambon cuit dd (d\u00e9couenn\u00e9 d\u00e9graiss\u00e9)": 60.294117647058826, "jambon cuit": 57.52777777777778, "poitrine de porc fum\u00e9e": 70.0, "jambon cuit fum\u00e9": 50.0, "lardon nature cuit": 26.41269841269841, "jambon cuit sup\u00e9rieur": 71.875, "jambon cru fum\u00e9": 74.16666666666667, "pancetta ou poitrine roul\u00e9e s\u00e8che": 44.0, "jambon sec dd (d\u00e9couenn\u00e9 d\u00e9graiss\u00e9)": 71.42857142857143, "jambon cru": 57.903225806451616, "jambonneau cuit": 110.0, "lardon nature cru": 150.0, "bacon filet cuit": 32.666666666666664}}}