{"sucres et dérivés": {"confiserie": {"bonbons gélifiés": 52.5, "confiserie dragéifiée au chocolat type smarties": 14.0, "pâte de fruits": 57.5, "pâte d'amande fabrication industrielle": 17.0, "chewing-gum sucré": 7.3, "meringue": 19.0, "bonbons tout type sauf gélifiés": 19.75, "chewing-gum sans sucre": 5.368421052631579, "confiserie à base de cacahuètes dragéifiées enrobées de chocolat type m&ms cacah": 30.833333333333332, "nougat ou touron": 40.0}, "confiture et miel": {"miel": 19.825581395348838, "confiture de cerise": 25.0, "confiture ajoutée au service": 10.217391304347826, "confiture d'orange": 38.57142857142857, "confiture de fraise": 38.65853658536585, "confiture d'abricot": 52.67857142857143, "confiture ou marmelade tout type": 32.18072289156626, "confiture allégée": 29.767441860465116}, "sucre et assimilés": {"sucre roux": 10.264705882352942, "sucre blanc": 9.646258503401361, "sucre blanc ajouté au service": 5.684410646387833, "sucre allégé type tutti free": 3.026315789473684}}}