{"oeufs et d\u00e9riv\u00e9s": {"sans": {"omelette nature cuite au beurre": 142.89473684210526, "oeuf dur": 62.21153846153846, "oeuf poch\u00e9": 60.0, "jaune d'\u0153uf cuit": 45.0, "oeuf au plat sal\u00e9": 138.46153846153845, "omelette aux fines herbes": 50.0, "omelette aux champignons": 175.0, "oeuf \u00e0 la coque": 85.71428571428571, "oeufs brouill\u00e9s au beurre": 120.0, "omelette au fromage": 100.0}}}