{"beurre": {"sans": {"beurre doux léger 39-41% m.g.": 12.25, "beurre salé sel > 3%": 16.0, "matière grasse laitière légère 25% m.g. à tartiner type bridelight": 11.8, "beurre doux": 12.231884057971014, "beurre allégé sans précision": 10.38888888888889, "beurre salé non allégé ajouté à la cuisson": 8.333333333333334, "beurre allégé ajouté au service": 8.5, "beurre allégé ajouté à la cuisson": 8.924731182795698, "beurre salé non allégé ajoutée au service": 7.578947368421052, "beurre demi-sel sel maxi 3%": 18.653846153846153, "beurre doux non allégé ajouté à la cuisson": 9.30232558139535, "beurre doux non allégé ajoutée au service": 9.448275862068966}}}