{"huile": {"sans": {"huile d'arachide ajout\u00e9e au service": 6.8, "autre huile v\u00e9g\u00e9tale": 7.5, "huile m\u00e9lang\u00e9e (type isio 4) ajout\u00e9e au service": 10.0, "huile de colza ajout\u00e9e \u00e0 la cuisson": 12.0, "huile d'olive vierge": 12.962389380530974, "huile de noix": 4.75, "huile de p\u00e9pins de raisin": 19.285714285714285, "huile d'olive ajout\u00e9e au service": 9.26, "huile de colza ajout\u00e9e au service": 10.071428571428571, "huile d'olive ajout\u00e9e \u00e0 la cuisson": 11.232876712328768, "huile d'arachide ajout\u00e9e \u00e0 la cuisson": 8.0, "huile de p\u00e9pin de raisins ajout\u00e9e \u00e0 la cuisson": 12.0, "huile m\u00e9lang\u00e9e (type isio 4) ajout\u00e9e \u00e0 la cuisson": 10.574257425742575, "huile de ma\u00efs ajout\u00e9e au service": 10.0, "huile de colza": 12.666666666666666, "huile v\u00e9g\u00e9tale sans pr\u00e9cision": 16.424242424242426, "huile m\u00e9lang\u00e9e \u00e9quilibr\u00e9e type isio 4": 13.186274509803921, "huile de tournesol ajout\u00e9e \u00e0 la cuisson": 9.614457831325302, "huile de ma\u00efs ajout\u00e9e \u00e0 la cuisson": 12.0, "huile de tournesol ajout\u00e9e au service": 10.0, "huile d'arachide": 10.0, "huile de ma\u00efs": 3.0, "huile de tournesol": 15.255813953488373}}}