{"fruits secs et graines ol\u00e9agineuses": {"ol\u00e9agineux et graines": {"cacahu\u00e8te ou arachide": 26.25, "pistache r\u00f4tie sal\u00e9e": 17.5, "cacahu\u00e8te grill\u00e9e sal\u00e9e": 30.0, "noix": 50.91304347826087, "pignon de pin": 20.0, "amande": 41.333333333333336, "noisette": 25.0}, "fruits secs et ch\u00e2taignes": {"abricot sec": 32.333333333333336, "ch\u00e2taigne grill\u00e9e": 12.5, "datte s\u00e8che": 26.4, "pruneau sec": 34.0, "ch\u00e2taigne cuite \u00e0 l'eau": 70.0, "raisin sec": 16.666666666666668, "banane mi-s\u00e8che": 2.0}, "m\u00e9langes": {"fruits secs ou s\u00e9ch\u00e9s et graines ol\u00e9agineuses sans pr\u00e9cision": 40.0}}}