{"glaces et desserts glac\u00e9s": {"desserts glac\u00e9s": {"barre chocolat\u00e9e glac\u00e9e type mars twix snickers": 55.0, "p\u00eache melba": 175.0, "profiteroles glace vanille et sauce chocolat": 250.0, "omelette norv\u00e9gienne": 155.0}, "glaces": {"cr\u00e8me glac\u00e9e \u00e0 la vanille type carte d'or vanille": 118.65517241379311, "glace en cornet": 111.66666666666667, "cr\u00e8me glac\u00e9e au chocolat type carte d'or chocolat": 126.66666666666667, "glace cr\u00e8me glac\u00e9e sorbet ou glace \u00e0 l'eau parfums divers": 95.90277777777777, "glace enrob\u00e9e de chocolat type esquimau": 102.77777777777777}, "sorbets": {"sorbet tout type": 57.44444444444444}}}