{"region_9_partitions_foodgrp_31": {"eaux": {"eau minérale plate": {"vittel eau plate": 210.30927835051546, "beckerich eau plate": 223.0, "wattwiller eau plate": 268.0, "saint amand vauban eau plate": 314.61538461538464, "saint antonin noble val eau plate": 150.0, "évian eau plate": 366.9465648854962, "hépar eau plate": 271.6, "eau minérale plate sans précision": 358.125, "mont roucous eau plate": 232.66666666666666, "contrex eau plate": 318.5126582278481, "thonon eau plate": 375.0, "volvic eau plate": 302.8169014084507, "amanda eau plate": 360.0, "valvert eau plate": 151.92307692307693, "courmayeur eau plate": 110.0}, "eau du robinet": {"eau du robinet": 276.7296395193591}, "eau minérale gazeuse": {"san pellegrino eau gazeuse": 400.0, "eau gazeuse sans précision": 253.52941176470588, "vernet eau gazeuse": 195.0, "saint yorre eau gazeuse": 400.0, "perrier eau gazeuse": 329.5238095238095, "quézac eau gazeuse": 480.0, "badoit eau gazeuse": 313.125, "arvie eau gazeuse": 180.0, "salvetat eau gazeuse": 200.0}, "eau de source": {"eau de source": 241.05982905982907}, "autre eau": {"eau minérale sans précision": 261.83673469387753, "autre eau minérale": 585.0, "eau minérale ou non faiblement minéralisée": 250.52631578947367}}}}