{"region_9_partitions_foodgrp_26": {"fruits": {"sans": {"fruit sans précision": 200.0, "ananas frais": 72.375, "litchi frais": 83.33333333333333, "cerise fraîche": 166.66666666666666, "framboise fraîche": 93.75, "raisin noir frais": 81.5, "salade de fruits frais": 216.66666666666666, "autre fruit": 45.0, "pastèque fraîche": 390.0, "abricot frais": 186.25, "grenade fraîche": 249.0, "mirabelle fraîche": 90.0, "banane fraîche": 147.8273381294964, "kiwi frais": 113.2280701754386, "pamplemousse frais": 153.75, "raisin blanc frais": 150.6875, "fraise fraîche": 153.44827586206895, "nectarine non pelée fraîche": 171.76923076923077, "melon frais": 225.0, "orange fraîche": 173.013698630137, "kaki frais": 165.0, "fruits rouges frais (framboises, fraises, groseilles, cassis)": 87.5, "poire non pelée fraîche": 184.325, "citron frais": 37.5, "prune reine-claude fraîche": 60.0, "clémentine ou mandarine fraîche": 117.0, "myrtille fraîche": 6.0, "pomme non pelée fraîche": 213.93724696356276, "pêche non pelée fraîche": 177.69230769230768, "pêche pelée fraîche": 220.0}}}}