{"pizzas, quiches et p\u00e2tisseries sal\u00e9es": {"quiches et tartes sal\u00e9es": {"tarte au fromage ou quiche au fromage": 156.66666666666666, "flamenkueche (tarte sal\u00e9e aux lardons)": 282.15384615384613, "tarte aux poireaux": 280.0, "cake sal\u00e9 avec garniture (viande poisson volaille fromage l\u00e9gumes \u2026)": 41.666666666666664, "tarte au saumon et \u00e0 l'oseille": 178.0, "tarte aux l\u00e9gumes": 129.2, "quiche lorraine": 131.38888888888889}, "pizzas": {"pizza jambon fromage": 228.84615384615384, "pizza royale (jambon fromage champignon)": 193.07692307692307, "pizza 4 saisons": 53.333333333333336, "autre pizza": 140.0, "pizza au fromage": 196.25, "pizza 4 fromages": 197.5, "pizza sans pr\u00e9cision": 211.61764705882354, "pizza sp\u00e9ciale": 341.8181818181818}, "feuillet\u00e9s et friands": {"feuillet\u00e9 au saumon": 155.0, "croissant au jambon": 105.0, "friand au fromage artisanal": 100.0, "friand \u00e0 la viande artisanal": 111.0}}}