{"riz et bl\u00e9 dur ou concass\u00e9": {"riz": {"riz blanc cuit": 121.5125, "riz blanc \u00e9tuv\u00e9 cuit": 112.5, "riz complet cuit": 140.0}, "bl\u00e9": {"couscous (graine seule) semoule cuite": 118.42105263157895, "bl\u00e9 dur pr\u00e9cuit nature type ebly": 61.3235294117647}}}