{"pommes de terre et apparent\u00e9s": {"sans": {"pur\u00e9e de pomme de terre avec lait et beurre non sal\u00e9e": 174.7111111111111, "pomme de terre rissol\u00e9e surgel\u00e9e": 150.71428571428572, "pur\u00e9e de pomme de terre \u00e0 base de flocons reconstitu\u00e9e au lait demi-\u00e9cr\u00e9m\u00e9": 156.66666666666666, "pomme de terre dauphine cuite": 85.3076923076923, "gnocchis de pommes de terre": 183.63636363636363, "pomme de terre frite surgel\u00e9e cuite": 78.49166666666666, "pomme de terre cuite \u00e0 la vapeur": 189.41860465116278, "pomme noisette pr\u00e9cuite surgel\u00e9e": 65.27777777777777, "pomme de terre cuite au four": 170.0, "pomme de terre frite non sal\u00e9e": 77.88461538461539, "pomme de terre cuite \u00e0 l'eau": 174.44954128440367}}}