{"boissons alcoolis\u00e9es": {"cidre": {"cidre brut": 350.0, "cidre": 156.66666666666666, "cidre doux": 400.0}, "spiritueux et vins cuits": {"eau-de-vie": 40.0, "cognac armagnac": 4.0, "vodka": 50.0, "rhum": 69.28571428571429, "porto": 65.0, "ap\u00e9ritif \u00e0 la gentiane": 100.85714285714286, "vin doux naturel ou vin mut\u00e9 autre que porto type muscat banyuls ou maury": 42.0, "ap\u00e9ritif \u00e0 base de vin ou vermouth type martini": 69.16666666666667, "liqueurs": 52.0, "whisky": 80.0}, "vin": {"vin sans pr\u00e9cision": 200.37037037037038, "vin rouge 11\u00b0": 255.41666666666666, "vin blanc 11\u00b0": 178.38333333333333, "vin rouge 12\u00b0": 161.975, "vin rouge 10\u00b0": 193.828125, "vin blanc mousseux": 180.0, "champagne": 152.77777777777777, "vin ros\u00e9 11\u00b0": 155.0, "vin rouge 13\u00b0 et plus": 175.0}, "cocktails et m\u00e9langes": {"kir": 133.33333333333334, "cocktail type punch planteur": 87.5, "sangria": 400.0, "panach\u00e9": 246.0, "pastis pr\u00eat \u00e0 boire (1+5)": 240.0, "p\u00e9tillant de fruits": 200.0, "cocktail alcoolis\u00e9": 257.5, "kir royal": 200.0}, "bi\u00e8re": {"bi\u00e8re de sp\u00e9cialit\u00e9s ou d'abbaye r\u00e9gionales ou de brasserie degr\u00e9 d'alcool varia": 250.0, "bi\u00e8re sp\u00e9ciale \u00e0 5-6\u00b0 d'alcool type 1664 pelforth ambr\u00e9e ou fischer heineken": 196.25, "bi\u00e8re c\u0153ur de march\u00e9 \u00e0 4-5\u00b0 d'alcool type kronenbourg ou 33 export": 407.5595238095238}}}