{"l\u00e9gumes secs": {"l\u00e9gumes secs": {"haricot rouge cuit": 110.0, "haricot blanc cuit": 56.666666666666664, "haricot blanc en conserve": 166.66666666666666, "lentille cuite": 170.625, "pois chiche cuit": 50.0, "haricot flageolet en conserve": 113.15789473684211, "autre l\u00e9gume sec cuit": 75.0}, "l\u00e9gumes secs pr\u00e9par\u00e9s": {"lentille cuisin\u00e9e en conserve": 110.0}}}