{"fruits": {"sans": {"fruit sans pr\u00e9cision": 200.0, "ananas frais": 72.375, "litchi frais": 83.33333333333333, "cerise fra\u00eeche": 166.66666666666666, "framboise fra\u00eeche": 93.75, "raisin noir frais": 81.5, "salade de fruits frais": 216.66666666666666, "autre fruit": 45.0, "past\u00e8que fra\u00eeche": 390.0, "abricot frais": 186.25, "grenade fra\u00eeche": 249.0, "mirabelle fra\u00eeche": 90.0, "banane fra\u00eeche": 147.8273381294964, "kiwi frais": 113.2280701754386, "pamplemousse frais": 153.75, "raisin blanc frais": 150.6875, "fraise fra\u00eeche": 153.44827586206895, "nectarine non pel\u00e9e fra\u00eeche": 171.76923076923077, "melon frais": 225.0, "orange fra\u00eeche": 173.013698630137, "kaki frais": 165.0, "fruits rouges frais (framboises, fraises, groseilles, cassis)": 87.5, "poire non pel\u00e9e fra\u00eeche": 184.325, "citron frais": 37.5, "prune reine-claude fra\u00eeche": 60.0, "cl\u00e9mentine ou mandarine fra\u00eeche": 117.0, "myrtille fra\u00eeche": 6.0, "pomme non pel\u00e9e fra\u00eeche": 213.93724696356276, "p\u00eache non pel\u00e9e fra\u00eeche": 177.69230769230768, "p\u00eache pel\u00e9e fra\u00eeche": 220.0}}}