{"lait": {"lait aromatis\u00e9": {"milk-shake sans pr\u00e9cision": 250.0, "lait demi-\u00e9cr\u00e9m\u00e9 aromatis\u00e9": 70.0, "lait demi-\u00e9cr\u00e9m\u00e9 aromatis\u00e9 \u00e0 la fraise": 250.0, "lait demi-\u00e9cr\u00e9m\u00e9 aromatis\u00e9 au chocolat": 250.0}, "lait concentr\u00e9 ou en poudre": {"lait entier concentr\u00e9 non sucr\u00e9": 14.0, "lait entier en poudre": 6.5}, "lait en bouteille ou en brique": {"lait demi-\u00e9cr\u00e9m\u00e9 pasteuris\u00e9": 25.0, "lait demi-\u00e9cr\u00e9m\u00e9 uht \u00e0 teneur garantie en vitamines": 182.72727272727272, "lait demi-\u00e9cr\u00e9m\u00e9 en poudre": 6.0, "lait demi-\u00e9cr\u00e9m\u00e9 uht \u00e0 teneur garantie en prot\u00e9ines et vitamines enrichi en min\u00e9": 93.33333333333333, "lait entier uht": 247.5, "lait entier pasteuris\u00e9": 350.0, "lait \u00e9cr\u00e9m\u00e9 uht": 210.5, "lait demi-\u00e9cr\u00e9m\u00e9 uht": 219.7080291970803, "lait \u00e9cr\u00e9m\u00e9 uht \u00e0 teneur garantie en vitamines": 147.25925925925927}, "autre lait": {"autre lait": 218.66666666666666}}}