{"aliments destin\u00e9s \u00e0 une alimentation particuli\u00e8re": {"sans": {"\u00e9dulcorant \u00e0 l'aspartame": 0.3690196078431373, "\u00e9dulcorant ajout\u00e9 au service": 0.1127777777777778, "g\u00e9latine": 40.0, "tofu": 50.0, "substitut de repas hypocalorique \u00e0 boire poudre reconstitu\u00e9e avec lait \u00e9cr\u00e9m\u00e9 to": 250.0}}}