{"eaux": {"eau min\u00e9rale plate": {"vittel eau plate": 210.30927835051546, "beckerich eau plate": 223.0, "wattwiller eau plate": 268.0, "saint amand vauban eau plate": 314.61538461538464, "saint antonin noble val eau plate": 150.0, "\u00e9vian eau plate": 366.9465648854962, "h\u00e9par eau plate": 271.6, "eau min\u00e9rale plate sans pr\u00e9cision": 358.125, "mont roucous eau plate": 232.66666666666666, "contrex eau plate": 318.5126582278481, "thonon eau plate": 375.0, "volvic eau plate": 302.8169014084507, "amanda eau plate": 360.0, "valvert eau plate": 151.92307692307693, "courmayeur eau plate": 110.0}, "eau du robinet": {"eau du robinet": 276.7296395193591}, "eau min\u00e9rale gazeuse": {"san pellegrino eau gazeuse": 400.0, "eau gazeuse sans pr\u00e9cision": 253.52941176470588, "vernet eau gazeuse": 195.0, "saint yorre eau gazeuse": 400.0, "perrier eau gazeuse": 329.5238095238095, "qu\u00e9zac eau gazeuse": 480.0, "badoit eau gazeuse": 313.125, "arvie eau gazeuse": 180.0, "salvetat eau gazeuse": 200.0}, "eau de source": {"eau de source": 241.05982905982907}, "autre eau": {"eau min\u00e9rale sans pr\u00e9cision": 261.83673469387753, "autre eau min\u00e9rale": 585.0, "eau min\u00e9rale ou non faiblement min\u00e9ralis\u00e9e": 250.52631578947367}}}