{"viande": {"autre viande": {"autre viande": 168.33333333333334, "cheval viande r\u00f4tie": 70.0, "brochette mixte de viande": 70.0, "viande cuite sans pr\u00e9cision": 118.0}, "b\u0153uf en pi\u00e8ces ou hach\u00e9": {"b\u0153uf \u00e0 pot-au-feu cuit": 160.0, "b\u0153uf boulettes cuites": 109.61538461538461, "b\u0153uf faux-filet grill\u00e9": 95.71428571428571, "brochette de b\u0153uf": 172.0, "steak hach\u00e9 5% m.g. cuit": 105.0, "steak hach\u00e9 10% m.g. cuit": 118.0, "carpaccio de boeuf": 100.0, "steak hach\u00e9 15% m.g. cuit": 123.57758620689656, "b\u0153uf brais\u00e9": 155.0, "fondue bourguignonne": 232.5, "boeuf bifteck grill\u00e9": 126.63793103448276, "b\u0153uf \u00e0 bourguignon cuit": 80.35714285714286, "b\u0153uf entrec\u00f4te grill\u00e9e": 145.0, "b\u0153uf rosbif r\u00f4ti": 101.38888888888889, "steak hach\u00e9 5% m.g. cru": 200.0}, "porc": {"porc c\u00f4telette grill\u00e9e": 128.77777777777777, "porc filet r\u00f4ti maigre cuit": 86.07142857142857, "porc travers brais\u00e9": 81.875, "porc \u00e9chine r\u00f4tie": 170.0, "porc r\u00f4ti cuit": 93.75510204081633}, "agneau": {"agneau \u00e9paule r\u00f4tie": 105.0, "agneau c\u00f4telette grill\u00e9e": 140.0, "brochette d'agneau": 90.0, "agneau gigot r\u00f4ti": 107.5}, "veau": {"veau escalope cuite": 101.47058823529412, "veau r\u00f4ti": 106.66666666666667, "veau filet r\u00f4ti": 80.0, "veau c\u00f4te cuite": 115.0, "veau mijot\u00e9": 111.5, "veau escalope pan\u00e9e": 152.5}}}