{"margarine": {"sans": {"margarine \u00e0 l'huile d'olive  60% m.g. ajout\u00e9ee \u00e0 la cuisson": 7.647058823529412, "mati\u00e8re grasse compos\u00e9e all\u00e9g\u00e9e 60% m.g. type le fleurier ou tartine et cuisine": 21.333333333333332, "margarine type primev\u00e8re 60% m.g. ajout\u00e9e \u00e0 la cuisson": 10.0, "margarine all\u00e9g\u00e9e  40% m.g. ajout\u00e9e \u00e0 la cuisson": 10.0, "mati\u00e8re grasse l\u00e9g\u00e8re 38-41% m.g. demi-sel tartiner": 12.5, "margarine ordinaire  70% ou 80% m.g. ajout\u00e9e \u00e0 la cuisson": 9.866666666666667, "margarine ordinaire  60% m.g. ajout\u00e9e \u00e0 la cuisson": 9.166666666666666, "margarine \u00e0 l'huile d'olive 60% m.g. ajout\u00e9e au service": 5.0, "mati\u00e8re grasse l\u00e9g\u00e8re 38-41% m.g. \u00e0 tartiner": 10.830188679245284, "margarine au tournesol 70% ou 80% m.g. ajout\u00e9e au service": 12.0, "mati\u00e8re grasse 70% m.g. en pain type astra": 13.333333333333334, "mati\u00e8re grasse l\u00e9g\u00e8re 35% m.g. enrichie en st\u00e9rols/stanols type proactive tartin": 19.166666666666668, "margarine au tournesol  70% ou 80% m.g. ajout\u00e9e \u00e0 la cuisson": 10.0, "margarine au tournesol en barquette 80% m.g. type fruit d'or": 13.4, "margarine au tournesol  60% m.g. ajout\u00e9e \u00e0 la cuisson": 9.0, "margarine type primev\u00e8re 60% m.g. ajout\u00e9e au service": 8.88888888888889, "mati\u00e8re grasse all\u00e9g\u00e9e 55-60% m.g. riche en om\u00e9ga 3 et 6": 12.055555555555555, "margarine de cuisine 80% m.g.": 7.733333333333333, "mati\u00e8re grasse all\u00e9g\u00e9e 60% m.g.": 11.425531914893616, "margarine all\u00e9g\u00e9e 40% m.g. ajout\u00e9e au service": 6.75, "margarine proactiv de fruit d'or ajout\u00e9e \u00e0 la cuisson": 9.183673469387756, "margarine ordinaire 60% m.g. ajout\u00e9e au service": 5.777777777777778, "margarine proactiv de fruit d'or ajout\u00e9e au service": 9.454545454545455}}}