{"soupes et bouillons": {"potages et soupes": {"soupe poireau pomme de terre type fait maison": 300.0, "soupe aux champignons": 262.5, "soupe de poissons et/ou de crustac\u00e9s pr\u00e9emball\u00e9e \u00e0 r\u00e9chauffer": 500.0, "soupe \u00e0 la tomate pr\u00e9emball\u00e9e \u00e0 r\u00e9chauffer ou d\u00e9shydrat\u00e9e reconstitu\u00e9e": 375.0, "soupe aux l\u00e9gumes pr\u00e9emball\u00e9e \u00e0 r\u00e9chauffer": 325.88235294117646, "minestrone pr\u00e9emball\u00e9e \u00e0 r\u00e9chauffer ou d\u00e9shydrat\u00e9e reconstitu\u00e9e": 466.6666666666667, "soupe aux l\u00e9gumes type fait maison": 351.34615384615387, "soupe aux lentilles": 200.0, "soupe aux l\u00e9gumes d\u00e9shydrat\u00e9e reconstitu\u00e9e": 303.84615384615387, "soupe chinoise": 350.0, "soupe poireau pomme de terre pr\u00e9emball\u00e9e \u00e0 r\u00e9chauffer": 366.6666666666667, "soupe au potiron": 428.125, "soupe \u00e0 la volaille et aux vermicelles pr\u00e9emball\u00e9e \u00e0 r\u00e9chauffer ou d\u00e9shydrat\u00e9e r": 270.0}, "bouillons": {"bouillon v\u00e9g\u00e9tal": 141.33333333333334, "bouillon de viande d\u00e9shydrat\u00e9 reconstitu\u00e9 type bouillon de b\u0153uf knorr": 249.6, "bouillon de viande et de l\u00e9gumes": 287.5, "bouillon de volaille d\u00e9shydrat\u00e9 reconstitu\u00e9 type bouillon de poule knorr": 133.15384615384616}}}