{"charcuterie": {"pâtés, terrines, rillettes et foie gras": {"foie gras en conserve": 35.15, "pâté de tête ou fromage de tête": 65.33333333333333, "pâté de campagne": 47.25, "galantine": 56.666666666666664, "mousse de foie": 29.333333333333332, "pâté de foie de porc": 39.875, "rillettes pur porc": 25.0, "pâté de lapin": 33.333333333333336, "rillettes": 64.71428571428571, "pâté en croûte": 66.36363636363636, "foie gras de canard entier en conserve": 105.0, "terrine de canard": 38.0}, "autre charcuterie ou charcuterie  sans précision": {"charcuterie sans précision": 55.0, "autre charcuterie": 48.529411764705884}, "saucisses, saucissons, andouilles et boudins": {"saucisse de morteau cuite": 70.5, "mortadelle": 55.75, "chorizo sec": 56.5, "saucisse sèche": 22.25, "saucisson sec pur porc": 25.0, "merguez de bœuf et de mouton cuite": 78.47222222222223, "boudin noir cuit": 143.63636363636363, "saucisse alsacienne fumée ou gendarme": 75.0, "saucisse cocktail": 37.75, "rosette ou fuseau": 29.333333333333332, "saucisson sec": 40.675, "chair à saucisse": 88.57142857142857, "salami": 50.09090909090909, "chipolata cuite": 81.25, "andouillette réchauffée": 137.66666666666666, "boudin blanc cuit": 125.0, "saucisson à l'ail": 47.6, "saucisse de toulouse cuite": 150.0, "cervelas": 46.0, "saucisse de montbéliard": 55.0, "saucisse sans précision": 67.89830508474576, "saucisse de strasbourg": 67.56521739130434}, "jambons et charcuteries en pièces": {"jambon cuit dd (découenné dégraissé)": 60.294117647058826, "jambon cuit": 57.52777777777778, "poitrine de porc fumée": 70.0, "jambon cuit fumé": 50.0, "lardon nature cuit": 26.41269841269841, "jambon cuit supérieur": 71.875, "jambon cru fumé": 74.16666666666667, "pancetta ou poitrine roulée sèche": 44.0, "jambon sec dd (découenné dégraissé)": 71.42857142857143, "jambon cru": 57.903225806451616, "jambonneau cuit": 110.0, "lardon nature cru": 150.0, "bacon filet cuit": 32.666666666666664}}}