{"caf\u00e9": {"sans": {"caf\u00e9 soluble d\u00e9caf\u00e9in\u00e9 reconstitu\u00e9 pr\u00eat \u00e0 boire non sucr\u00e9": 362.0, "caf\u00e9 soluble en poudre": 3.183333333333333, "caf\u00e9 au lait ou caf\u00e9 cr\u00e8me ou cappuccino non sucr\u00e9": 302.8313253012048, "caf\u00e9 soluble reconstitu\u00e9 pr\u00eat \u00e0 boire non sucr\u00e9": 242.5, "caf\u00e9 expresso non sucr\u00e9": 119.07894736842105, "caf\u00e9 noir pr\u00eat \u00e0 boire non sucr\u00e9": 248.02845528455285, "caf\u00e9 d\u00e9caf\u00e9in\u00e9 pr\u00eat \u00e0 boire non sucr\u00e9": 463.921568627451}}}