{"p\u00e2tisseries et g\u00e2teaux": {"p\u00e2tisseries et tartes": {"tarte ou tartelette aux pommes": 201.07142857142858, "macaron moelleux fourr\u00e9 \u00e0 la confiture ou \u00e0 la cr\u00e8me artisanal": 50.0, "p\u00e2tisserie sans pr\u00e9cision": 54.0, "crumble aux pommes": 112.5, "millefeuille": 103.33333333333333, "chou \u00e0 la cr\u00e8me chantilly ou p\u00e2tissi\u00e8re": 106.66666666666667, "tarte ou tartelette aux fruits": 192.34177215189874, "chouquette artisanale": 47.5, "autre p\u00e2tisserie": 152.14285714285714, "\u00e9clair": 101.625}, "g\u00e2teaux": {"g\u00e2teau moelleux fourr\u00e9 au chocolat ou aux p\u00e9pites de chocolat noir ou au lait": 58.7, "pain d'\u00e9pices": 45.0, "autre g\u00e2teau": 105.83333333333333, "g\u00e2teau au chocolat": 75.9090909090909, "g\u00e2teau moelleux fourr\u00e9 au chocolat multicouches type napolitain lu ou kinder d\u00e9l": 36.3, "galette des rois feuillet\u00e9e fourr\u00e9e \u00e0 la frangipane": 147.41379310344828, "g\u00e2teau moelleux g\u00e9noise fourr\u00e9e \u00e0 l'orange enrob\u00e9e de chocolat type pim's": 50.0, "charlotte aux fruits artisanale": 60.0, "cake aux fruits": 47.72727272727273, "g\u00e2teau au fromage blanc": 88.75, "g\u00e2teau moelleux fourr\u00e9 aux fruits type mini roul\u00e9 fraise captain choc": 39.0, "baba au rhum": 150.0, "g\u00e2teau de savoie": 31.25, "madeleine": 54.212765957446805, "g\u00e2teau \u00e0 la cr\u00e8me": 128.57142857142858, "g\u00e2teau sans pr\u00e9cision": 87.36842105263158, "g\u00e2teau mousse aux fruits sur g\u00e9noise type miroir aux fruits rouges de picard": 80.0, "brownie au chocolat": 50.666666666666664, "quatre-quarts fabrication industrielle": 58.03030303030303}, "beignets, cr\u00eapes et gaufres": {"cr\u00eape au froment fourr\u00e9e au chocolat ou ou \u00e0 la p\u00e2te \u00e0 tartiner chocolat et nois": 95.4, "beignet sucr\u00e9 nature": 69.21052631578948, "cr\u00eape au froment sucr\u00e9e non fourr\u00e9e": 141.66666666666666, "beignet fourr\u00e9 aux fruits": 52.0, "cr\u00eape au froment nature": 176.74242424242425, "beignet fourr\u00e9 \u00e0 la confiture": 35.0, "gaufre bruxelloise ou li\u00e9geoise avec ou sans chocolat pr\u00e9emball\u00e9e": 76.5625, "cr\u00eape au froment fourr\u00e9e \u00e0 la confiture": 375.0}}}