{"condiments et sauces": {"condiments d'assaisonnement": {"ail frais": 3.2972972972972974, "cube pour bouillon de bœuf": 4.85, "vinaigre": 11.08, "sauce de soja": 20.0, "concentré de tomate": 40.0}, "condiments d'accompagnement": {"raifort cru": 12.5, "olive verte en saumure": 23.22222222222222, "olive noire en saumure": 21.0, "moutarde": 9.454464285714286, "cornichon au vinaigre": 40.370370370370374, "ketchup": 39.41304347826087}, "herbes aromatiques": {"basilic frais": 1.9538461538461542, "persil frais": 6.3125, "menthe fraîche": 1.6, "thym sec": 5.942857142857143, "ciboule ou ciboulette fraîche": 6.766666666666667, "cerfeuil frais": 4.166666666666667, "herbes aromatiques fraîches": 2.12969696969697}, "sauces": {"sauce hollandaise": 27.5, "mayonnaise à l'huile de tournesol": 12.0, "sauce au yaourt": 35.5, "vinaigrette ajoutée au service": 20.0, "sauce tomate sans viande": 39.07303370786517, "sauce au poivre ajoutée au service": 20.0, "sauce sans précision": 33.75, "sauce à la crème aux épices": 39.0, "vinaigrette sans précision": 22.675, "sauce à la crème aux herbes": 45.0, "sauce à la crème": 32.083333333333336, "sauce au vin rouge": 21.428571428571427, "sauce barbecue": 27.5, "mayonnaise ajoutée au service": 15.0, "sauce aux champignons": 39.5, "sauce au fromage": 55.0, "vinaigrette allégée ajoutée au service": 20.0, "mayonnaise": 13.190909090909091, "sauce béarnaise": 15.0, "sauce au beurre": 28.0, "mayonnaise allégée": 13.928571428571429, "vinaigrette allégée": 26.081632653061224, "sauce au curry": 37.5, "sauce tomate à la viande ou bolognaise type panzani ou buitoni": 66.07142857142857, "sauce moutarde": 37.5, "autre sauce": 32.0, "vinaigrette à l'huile d'olive": 24.333333333333332, "sauce béchamel en brique": 35.65217391304348}, "sel et épices": {"curry en poudre": 3.0, "poivre noir moulu": 1.1541666666666666, "gingembre moulu": 1.5, "cumin en graines": 2.0, "sel fin ou gros": 2.4266666666666667, "sel de mer": 2.0625, "épices sans précision": 1.51}}}