{"l\u00e9gumes (hors pommes de terre)": {"champignons": {"champignon tout type cru sans pr\u00e9cision": 44.285714285714285, "champignon tout type en conserve": 75.17, "champignon de paris en conserve": 111.71428571428571, "champignon de paris saut\u00e9": 108.33333333333333}, "m\u00e9langes de l\u00e9gumes, l\u00e9gumes pr\u00e9par\u00e9s et autres l\u00e9gumes": {"ratatouille ni\u00e7oise": 190.54054054054055, "l\u00e9gume en pur\u00e9e hors pomme de terre non sal\u00e9": 101.33333333333333, "crudit\u00e9s vinaigrette sans pr\u00e9cision": 95.0, "c\u00e9leri r\u00e9moulade": 83.92857142857143, "pulpe de tomate en conserve": 68.0, "pur\u00e9e de tomate": 105.0, "petits pois et carottes en conserve": 111.53125, "l\u00e9gumes cuits sans pr\u00e9cision": 135.625, "autre l\u00e9gume frais ou crudit\u00e9, sans assaisonnement": 15.0, "mac\u00e9doine de l\u00e9gumes en conserve": 121.92307692307692, "l\u00e9gumes m\u00e9lang\u00e9s surgel\u00e9s": 140.25, "terrine ou mousse de l\u00e9gumes": 100.0, "choucroute sans garniture": 216.66666666666666}, "choux": {"chou-fleur cuit": 147.6, "chou vert cuit": 136.5, "chou blanc cru": 39.0, "chou rouge cuit \u00e0 l'eau": 83.33333333333333, "chou rouge cru": 70.45454545454545, "chou-fleur cru": 139.33333333333334, "brocoli cuit": 163.42857142857142, "chou de bruxelles cuit": 172.25}, "l\u00e9gumes tiges": {"asperge cuite": 82.6, "artichaut cuit": 128.0, "germe ou pousse de soja en conserve": 50.0, "c\u00e9leri branche cuit": 71.0, "germe ou pousse de soja cru": 50.0, "poireau cuit": 96.92307692307692, "fenouil cuit \u00e0 l'eau": 83.26923076923077, "c\u0153ur de palmier en conserve": 120.0, "asperge en conserve": 82.6, "fenouil cru": 10.0}, "haricots verts et petits pois (l\u00e9gumes potagers)": {"haricot vert surgel\u00e9 cuit": 112.21875, "haricot beurre en conserve": 124.75, "petit pois cuit": 83.46153846153847, "petit pois en conserve": 82.53333333333333, "haricot vert cuit": 92.19444444444444, "haricot vert en conserve \u00e9goutt\u00e9": 116.56164383561644}, "l\u00e9gumes racines, tubercules ou bulbes": {"oignon cuit": 16.910958904109588, "salsifis en conserve": 122.57142857142857, "oignon cru": 14.5625, "carotte en conserve": 62.5625, "radis rouge cru": 67.08333333333333, "\u00e9chalote crue": 9.302631578947368, "c\u00e9leri-rave cuit": 62.5, "betterave rouge cuite": 83.23076923076923, "topinambour cuit": 50.0, "navet cuit": 73.125, "c\u00e9leri-rave cru": 53.875, "carotte cuite": 104.12295081967213, "salsifis cuit": 250.0, "carotte crue": 64.13315217391305}, "l\u00e9gumes fruits": {"tomate cerise crue": 33.421052631578945, "poivron vert jaune ou rouge cru": 25.0, "potiron cuit": 70.66666666666667, "ma\u00efs doux en conserve": 46.54761904761905, "aubergine cuite": 66.25, "poivron vert jaune ou rouge cuit": 67.0, "ma\u00efs doux en \u00e9pis cuit": 60.2, "poivron rouge cuit": 25.0, "tomate pel\u00e9e en conserve": 100.0, "concombre cru pulpe": 77.82407407407408, "tomate crue": 86.95431472081218, "poivron rouge cru": 50.0, "avocat frais": 100.640625, "courgette cuite": 103.46875}, "l\u00e9gumes feuilles": {"scarole crue": 42.5, "endive cuite": 177.47368421052633, "chicor\u00e9e fris\u00e9e crue": 35.45454545454545, "m\u00e2che crue": 32.7027027027027, "autre salade sans assaisonnement": 42.765957446808514, "laitue crue": 28.958333333333332, "\u00e9pinard cuit": 145.83333333333334, "salade verte sans assaisonnement sans pr\u00e9cision": 34.75845410628019, "bette ou blette cuite": 132.16666666666666, "pissenlit cru": 40.0, "endive crue": 31.71875}}}