{"volaille et gibier": {"gibier": {"chevreuil r\u00f4ti": 200.0}, "volailles et lapins": {"blanc de poulet cuit": 89.86875, "poulet cuisse r\u00f4tie viande et peau": 218.06896551724137, "dinde viande r\u00f4tie": 133.86666666666667, "lapin en rago\u00fbt": 140.0, "lapin viande cuite": 163.33333333333334, "volaille cuite sans pr\u00e9cision": 45.0, "confit de canard": 350.0, "brochette de volaille": 110.0, "dinde ou autre volaille escalope saut\u00e9e": 102.48076923076923, "canard viande r\u00f4tie": 184.0, "canard magret cuit \u00e0 la po\u00eale": 83.0625, "autre volaille cuite": 192.14285714285714, "caille cuite viande et peau": 153.33333333333334, "poulet r\u00f4ti viande et peau": 154.77142857142857}}}