{"viennoiserie": {"sans": {"croissant au beurre artisanal": 82.5, "croissant sans pr\u00e9cision": 74.06862745098039, "brioche sans pr\u00e9cision": 56.96629213483146, "pain aux raisins": 62.5, "pain au chocolat feuillet\u00e9 artisanal": 74.55960264900662, "brioche industrielle pr\u00e9emball\u00e9e": 51.49295774647887, "chausson aux pommes": 91.5, "pain au lait artisanal": 51.627906976744185, "croissant aux amandes artisanal": 70.0, "croissant ordinaire artisanal": 59.583333333333336}}}