{"l\u00e9gumes (hors pommes de terre)": {"champignons": {"champignon tout type cru sans pr\u00e9cision": 83.33333333333333, "champignon tout type en conserve": 80.0, "champignon de paris en conserve": 73.59375, "champignon de paris saut\u00e9": 76.57142857142857}, "m\u00e9langes de l\u00e9gumes, l\u00e9gumes pr\u00e9par\u00e9s et autres l\u00e9gumes": {"ratatouille ni\u00e7oise": 152.975, "l\u00e9gume en pur\u00e9e hors pomme de terre non sal\u00e9": 146.25, "crudit\u00e9s vinaigrette sans pr\u00e9cision": 64.28571428571429, "c\u00e9leri r\u00e9moulade": 71.42857142857143, "pulpe de tomate en conserve": 62.45454545454545, "champignons \u00e0 la grecque": 51.0, "pur\u00e9e de tomate": 107.5, "petits pois et carottes en conserve": 130.54545454545453, "l\u00e9gumes cuits sans pr\u00e9cision": 107.54545454545455, "autre l\u00e9gume frais ou crudit\u00e9, sans assaisonnement": 35.666666666666664, "mac\u00e9doine de l\u00e9gumes en conserve": 114.46511627906976, "l\u00e9gumes m\u00e9lang\u00e9s surgel\u00e9s": 120.63636363636364, "terrine ou mousse de l\u00e9gumes": 155.0, "choucroute sans garniture": 191.25}, "choux": {"chou-fleur cuit": 153.85714285714286, "chou vert cuit": 128.84615384615384, "chou blanc cru": 79.16666666666667, "chou rouge cru": 39.285714285714285, "chou-fleur cru": 175.0, "brocoli cuit": 155.11764705882354, "chou de bruxelles cuit": 86.11111111111111}, "l\u00e9gumes tiges": {"asperge cuite": 119.42105263157895, "artichaut cuit": 235.30434782608697, "c\u00e9leri branche cuit": 109.5, "germe ou pousse de soja cru": 35.0, "cardon cru": 225.0, "poireau cuit": 115.18604651162791, "fenouil cuit \u00e0 l'eau": 162.5, "c\u0153ur de palmier en conserve": 64.0909090909091, "asperge en conserve": 104.16666666666667}, "haricots verts et petits pois (l\u00e9gumes potagers)": {"haricot vert surgel\u00e9 cuit": 106.29166666666667, "haricot beurre en conserve": 62.5, "petit pois cuit": 116.85185185185185, "petit pois en conserve": 134.16216216216216, "haricot vert cuit": 115.0, "haricot vert en conserve \u00e9goutt\u00e9": 126.27380952380952}, "l\u00e9gumes racines, tubercules ou bulbes": {"oignon cuit": 20.36103448275862, "salsifis en conserve": 149.125, "oignon cru": 21.5, "carotte en conserve": 100.0, "radis rouge cru": 58.333333333333336, "\u00e9chalote crue": 6.2727272727272725, "betterave rouge cuite": 74.38636363636364, "topinambour cuit": 150.0, "radis noir cru": 10.0, "navet cuit": 100.0, "c\u00e9leri-rave cru": 61.36363636363637, "carotte cuite": 114.57142857142857, "salsifis cuit": 125.2, "carotte crue": 75.72}, "l\u00e9gumes fruits": {"tomate cerise crue": 34.791666666666664, "courgette crue": 66.66666666666667, "poivron vert jaune ou rouge cru": 50.0, "potiron cuit": 123.0, "ma\u00efs doux en conserve": 57.54807692307692, "aubergine cuite": 106.85, "poivron vert jaune ou rouge cuit": 52.904761904761905, "ma\u00efs doux en \u00e9pis cuit": 33.0, "poivron rouge cuit": 49.0, "tomate pel\u00e9e en conserve": 200.0, "concombre cru pulpe": 81.53378378378379, "tomate crue": 88.05, "avocat frais": 99.68452380952381, "poivron vert cuit": 83.33333333333333, "courgette cuite": 131.16964285714286}, "l\u00e9gumes feuilles": {"scarole crue": 38.0, "endive cuite": 135.59459459459458, "chicor\u00e9e fris\u00e9e crue": 42.5, "m\u00e2che crue": 38.17307692307692, "oseille cuite \u00e0 l'eau": 183.33333333333334, "autre salade sans assaisonnement": 43.64705882352941, "laitue cuite": 100.0, "laitue crue": 40.804597701149426, "\u00e9pinard cuit": 138.3132530120482, "salade verte sans assaisonnement sans pr\u00e9cision": 38.25670498084291, "bette ou blette cuite": 128.78571428571428, "pissenlit cru": 55.0, "endive crue": 34.7816091954023}}}