{"abats": {"sans": {"foie de volaille cuit": 96.38888888888889, "cervelle d'agneau cuite": 75.0, "rognon cuit sans pr\u00e9cision": 150.0, "foie de g\u00e9nisse cuit": 103.57142857142857, "rognon de b\u0153uf cuit": 120.0, "autre abat": 113.33333333333333, "foie d'agneau cuit": 102.5, "langue de b\u0153uf cuite": 78.125, "c\u0153ur de b\u0153uf cuit": 102.5, "canard g\u00e9sier confit \u00e9goutt\u00e9 et r\u00e9chauff\u00e9": 54.166666666666664, "ris de veau brais\u00e9 ou po\u00eal\u00e9": 112.5, "foie de veau cuit": 120.0}}}