{"pommes de terre et apparent\u00e9s": {"sans": {"pur\u00e9e de pomme de terre avec lait et beurre non sal\u00e9e": 169.25, "pomme de terre rissol\u00e9e surgel\u00e9e": 148.8861788617886, "pur\u00e9e de pomme de terre \u00e0 base de flocons reconstitu\u00e9e au lait demi-\u00e9cr\u00e9m\u00e9": 192.3913043478261, "pomme de terre dauphine cuite": 93.75, "gnocchis de pommes de terre": 136.36363636363637, "pomme de terre frite surgel\u00e9e cuite": 84.55882352941177, "pomme de terre cuite \u00e0 la vapeur": 197.13114754098362, "pomme noisette pr\u00e9cuite surgel\u00e9e": 93.0, "pomme de terre cuite au four": 131.25, "pomme de terre frite non sal\u00e9e": 82.9326923076923, "patate douce cuite": 100.0, "pomme de terre cuite \u00e0 l'eau": 171.5040650406504}}}