{"plats compos\u00e9s": {"plats \u00e0 base de fromage": {"fondue savoyarde (fondue au fromage)": 177.0, "goug\u00e8re": 35.0, "souffl\u00e9 au fromage": 200.0}, "plats \u00e0 base de p\u00e2tes ou de pommes de terre": {"gratin dauphinois": 157.61904761904762, "raviolis \u00e0 la viande \u00e0 la sauce tomate en conserve": 212.19298245614036, "gratin de p\u00e2tes": 200.0, "salade de p\u00e2tes v\u00e9g\u00e9tarienne": 113.75, "spaghettis \u00e0 la sauce tomate": 218.75, "lasagnes \u00e0 la bolognaise": 278.4868421052632, "ravioles ou raviolis au fromage": 193.63636363636363, "cannellonis \u00e0 la viande": 300.0, "hachis parmentier": 327.1578947368421, "p\u00e2tes \u00e0 la carbonara": 255.0, "salade de pommes de terre": 116.73913043478261}, "plats \u00e0 base de l\u00e9gumes": {"tomate \u00e0 la proven\u00e7ale": 92.375, "tomate farcie": 208.33333333333334, "l\u00e9gumes divers farcis sauf tomate": 136.66666666666666, "moussaka": 278.57142857142856, "gratin endives jambon": 150.0, "gratin de l\u00e9gumes": 112.25}, "plats sans garniture": {"poisson sauce oseille type cabillaud \u00e0 l'oseille marie": 241.66666666666666, "paupiette de veau": 89.33333333333333, "quenelle de volaille en conserve": 132.5, "viande en sauce sans pr\u00e9cision": 80.0, "quenelle au naturel en conserve": 121.33333333333333, "cordon bleu de volaille type p\u00e8re dodu ou le gaulois": 113.75, "brandade de morue recette traditionnelle": 150.0, "poisson en sauce surgel\u00e9": 113.33333333333333, "poulet au curry": 149.0, "quenelle en sauce en conserve": 102.5, "tripes \u00e0 la mode de caen artisanales": 266.6666666666667, "quenelle de poisson cuite": 158.33333333333334, "escalopes v\u00e9g\u00e9tales \u00e0 base de soja": 145.0, "paupiette de volaille": 100.0}, "garnitures compos\u00e9es": {"riz cantonais": 170.0, "salade de thon et l\u00e9gumes en conserve": 104.0, "salade de riz": 183.33333333333334, "salade compos\u00e9e avec viande ou poisson en conserve": 70.0, "taboul\u00e9 ou salade de couscous": 103.91304347826087}, "beignets, cr\u00eapes et bouch\u00e9es \u00e0 la reine": {"nugget de volaille": 124.97058823529412, "samossas": 78.75, "cr\u00eape fourr\u00e9e b\u00e9chamel jambon fromage champignon": 115.0, "beignet sal\u00e9 fourr\u00e9 de viande volaille ou poisson": 50.0, "cr\u00eape fourr\u00e9e b\u00e9chamel jambon": 93.0, "nem ou p\u00e2t\u00e9 imp\u00e9rial": 124.21052631578948, "brick garni (garniture : crevettes l\u00e9gumes volaille viande poisson\u2026)": 37.5, "bouch\u00e9e \u00e0 la reine au poulet": 260.0, "acra de morue": 50.0, "rouleau de printemps": 155.0, "cr\u00eape fourr\u00e9e b\u00e9chamel fromage": 180.0, "cr\u00eape fourr\u00e9e b\u00e9chamel jambon fromage": 173.0, "beignet de crevette industriel": 70.0, "beignet de l\u00e9gumes": 200.0}, "plats garnis \u00e0 base de viande": {"chili con carne": 313.3333333333333, "couscous de mouton garni": 230.0, "blanquette de veau": 131.25, "osso buco \u00e0 la milanaise": 80.0, "b\u0153uf bourguignon": 128.0, "tajine de mouton": 362.5, "couscous royal \u00e0 la viande": 475.81081081081084, "choucroute garnie en conserve": 386.3636363636364, "b\u0153uf carottes": 128.0, "paella": 417.6190476190476, "cassoulet en conserve": 348.3333333333333, "petit sal\u00e9 aux lentilles ou saucisse aux lentilles": 235.0, "pot-au-feu": 434.2857142857143, "navarin d'agneau": 120.0, "couscous au poulet": 540.0, "pot\u00e9e auvergnate": 407.5}}}