{"volaille et gibier": {"gibier": {"chevreuil r\u00f4ti": 138.33333333333334, "sanglier r\u00f4ti": 100.0, "autre gibier": 80.0, "faisan viande r\u00f4tie": 53.333333333333336}, "volailles et lapins": {"poule viande bouillie": 204.6, "blanc de poulet cuit": 87.0923076923077, "poulet cuisse r\u00f4tie viande et peau": 211.24193548387098, "dinde viande r\u00f4tie": 132.1153846153846, "lapin en rago\u00fbt": 151.53846153846155, "lapin viande cuite": 136.11111111111111, "pigeon viande r\u00f4tie": 50.0, "confit de canard": 171.25, "brochette de volaille": 130.625, "dinde ou autre volaille escalope saut\u00e9e": 100.67708333333333, "volaille cuite sans pr\u00e9cision": 72.66666666666667, "canard viande r\u00f4tie": 125.0, "canard magret cuit \u00e0 la po\u00eale": 82.0, "autre volaille cuite": 112.55555555555556, "caille cuite viande et peau": 135.83333333333334, "poulet r\u00f4ti viande et peau": 138.5452380952381}}}