{"oeufs et dérivés": {"sans": {"omelette aux lardons": 133.33333333333334, "oeuf au plat salé": 101.42857142857143, "jaune d'œuf cuit": 21.25, "omelette nature cuite au beurre": 124.65517241379311, "oeuf entier cru": 17.5, "oeuf dur": 59.016216216216215, "blanc d'œuf dur": 76.66666666666667, "omelette aux champignons": 142.85714285714286, "oeuf à la coque": 87.6923076923077, "oeufs brouillés au beurre": 180.0, "omelette au fromage": 150.0}}}