{"region_18_partitions_foodgrp_13": {"beurre": {"sans": {"beurre doux léger 39-41% m.g.": 11.923076923076923, "beurre salé sel > 3%": 16.45, "matière grasse laitière légère 25% m.g. à tartiner type bridelight": 16.666666666666668, "beurre doux": 12.0260663507109, "beurre allégé sans précision": 11.162162162162161, "beurre salé non allégé ajouté à la cuisson": 8.484848484848484, "beurre allégé ajouté au service": 7.75, "beurre allégé ajouté à la cuisson": 8.411764705882353, "beurre salé non allégé ajoutée au service": 9.941176470588236, "beurre demi-sel sel maxi 3%": 9.770212765957446, "beurre doux non allégé ajouté à la cuisson": 8.980099502487562, "beurre doux non allégé ajoutée au service": 9.094660194174757}}}}