{"pizzas, quiches et pâtisseries salées": {"quiches et tartes salées": {"tarte au fromage ou quiche au fromage": 146.66666666666666, "flamenkueche (tarte salée aux lardons)": 110.0, "tarte aux poireaux": 120.54545454545455, "tarte au saumon et à l'oseille": 127.38461538461539, "tarte provençale à la tomate": 174.5, "cake salé avec garniture (viande poisson volaille fromage légumes …)": 77.08333333333333, "tarte aux légumes": 139.14285714285714, "quiche lorraine": 120.32467532467533}, "pizzas": {"pizza jambon fromage": 150.15625, "pizza royale (jambon fromage champignon)": 247.30769230769232, "pizza 4 saisons": 500.0, "autre pizza": 239.0625, "pizza au fromage": 180.3846153846154, "pizza 4 fromages": 225.0, "pizza sans précision": 189.59016393442624, "pizza spéciale": 229.6875}, "feuilletés et friands": {"feuilleté au saumon": 89.16666666666667, "croissant au jambon": 166.66666666666666, "friand au fromage artisanal": 104.0625, "friand à la viande artisanal": 157.0}}}