{"region_18_partitions_foodgrp_23": {"légumes (hors pommes de terre)": {"champignons": {"champignon tout type cru sans précision": 83.33333333333333, "champignon tout type en conserve": 80.0, "champignon de paris en conserve": 73.59375, "champignon de paris sauté": 76.57142857142857}, "mélanges de légumes, légumes préparés et autres légumes": {"ratatouille niçoise": 152.975, "légume en purée hors pomme de terre non salé": 146.25, "crudités vinaigrette sans précision": 64.28571428571429, "céleri rémoulade": 71.42857142857143, "pulpe de tomate en conserve": 62.45454545454545, "champignons à la grecque": 51.0, "purée de tomate": 107.5, "petits pois et carottes en conserve": 130.54545454545453, "légumes cuits sans précision": 107.54545454545455, "autre légume frais ou crudité, sans assaisonnement": 35.666666666666664, "macédoine de légumes en conserve": 114.46511627906976, "légumes mélangés surgelés": 120.63636363636364, "terrine ou mousse de légumes": 155.0, "choucroute sans garniture": 191.25}, "choux": {"chou-fleur cuit": 153.85714285714286, "chou vert cuit": 128.84615384615384, "chou blanc cru": 79.16666666666667, "chou rouge cru": 39.285714285714285, "chou-fleur cru": 175.0, "brocoli cuit": 155.11764705882354, "chou de bruxelles cuit": 86.11111111111111}, "légumes tiges": {"asperge cuite": 119.42105263157895, "cœur de palmier en conserve": 64.0909090909091, "artichaut cuit": 235.30434782608697, "céleri branche cuit": 109.5, "germe ou pousse de soja cru": 35.0, "cardon cru": 225.0, "poireau cuit": 115.18604651162791, "fenouil cuit à l'eau": 162.5, "asperge en conserve": 104.16666666666667}, "haricots verts et petits pois (légumes potagers)": {"haricot vert surgelé cuit": 106.29166666666667, "haricot beurre en conserve": 62.5, "petit pois cuit": 116.85185185185185, "petit pois en conserve": 134.16216216216216, "haricot vert cuit": 115.0, "haricot vert en conserve égoutté": 126.27380952380952}, "légumes racines, tubercules ou bulbes": {"oignon cuit": 20.36103448275862, "salsifis en conserve": 149.125, "oignon cru": 21.5, "carotte en conserve": 100.0, "radis rouge cru": 58.333333333333336, "échalote crue": 6.2727272727272725, "betterave rouge cuite": 74.38636363636364, "topinambour cuit": 150.0, "radis noir cru": 10.0, "navet cuit": 100.0, "céleri-rave cru": 61.36363636363637, "carotte cuite": 114.57142857142857, "salsifis cuit": 125.2, "carotte crue": 75.72}, "légumes fruits": {"tomate cerise crue": 34.791666666666664, "courgette crue": 66.66666666666667, "poivron vert jaune ou rouge cru": 50.0, "potiron cuit": 123.0, "maïs doux en conserve": 57.54807692307692, "aubergine cuite": 106.85, "poivron vert jaune ou rouge cuit": 52.904761904761905, "maïs doux en épis cuit": 33.0, "poivron rouge cuit": 49.0, "tomate pelée en conserve": 200.0, "concombre cru pulpe": 81.53378378378379, "tomate crue": 88.05, "avocat frais": 99.68452380952381, "poivron vert cuit": 83.33333333333333, "courgette cuite": 131.16964285714286}, "légumes feuilles": {"scarole crue": 38.0, "endive cuite": 135.59459459459458, "chicorée frisée crue": 42.5, "mâche crue": 38.17307692307692, "oseille cuite à l'eau": 183.33333333333334, "autre salade sans assaisonnement": 43.64705882352941, "laitue cuite": 100.0, "laitue crue": 40.804597701149426, "épinard cuit": 138.3132530120482, "salade verte sans assaisonnement sans précision": 38.25670498084291, "bette ou blette cuite": 128.78571428571428, "pissenlit cru": 55.0, "endive crue": 34.7816091954023}}}}