{"boissons alcoolisées": {"cidre": {"cidre brut": 235.0, "cidre": 285.55555555555554, "cidre doux": 100.0}, "spiritueux et vins cuits": {"eau-de-vie": 34.028571428571425, "porto": 54.166666666666664, "vodka": 92.85714285714286, "rhum": 53.55555555555556, "apéritif à base de vin ou vermouth type martini": 99.0909090909091, "apéritif à la gentiane": 50.0, "vin doux naturel ou vin muté autre que porto type muscat banyuls ou maury": 41.666666666666664, "gin": 80.0, "liqueurs": 45.2, "whisky": 103.70370370370371}, "vin": {"vin sans précision": 192.01298701298703, "vin rouge 11°": 197.3684210526316, "vin blanc 11°": 163.05050505050505, "vin rouge 12°": 210.70866141732284, "vin rouge 10°": 166.14527027027026, "vin blanc mousseux": 150.0, "champagne": 188.3783783783784, "vin rosé 11°": 169.4433962264151, "vin rouge 13° et plus": 166.66666666666666}, "cocktails et mélanges": {"kir": 107.58620689655173, "cocktail type punch planteur": 100.0, "sangria": 128.0, "panaché": 295.55555555555554, "pastis prêt à boire (1+5)": 246.09756097560975, "pétillant de fruits": 100.0, "cocktail alcoolisé": 320.0, "kir royal": 125.0}, "bière": {"bière cœur de marché à 4-5° d'alcool type kronenbourg ou 33 export": 357.6373626373626, "bière spéciale à 5-6° d'alcool type 1664 pelforth ambrée ou fischer heineken": 255.83333333333334, "bière brune": 312.5, "bière de spécialités ou d'abbaye régionales ou de brasserie degré d'alcool varia": 232.5}}}