{"eaux": {"eau min\u00e9rale plate": {"vittel eau plate": 296.6666666666667, "beckerich eau plate": 190.0, "courmayeur eau plate": 585.7142857142857, "saint amand vauban eau plate": 206.66666666666666, "aix les bains eau plate": 240.0, "luchon eau plate": 168.75, "or\u00e9e du bois eau plate": 240.0, "\u00e9vian eau plate": 373.55345911949684, "h\u00e9par eau plate": 217.85714285714286, "eau min\u00e9rale plate sans pr\u00e9cision": 585.2941176470588, "contrex eau plate": 413.77777777777777, "thonon eau plate": 239.0909090909091, "volvic eau plate": 307.1287128712871}, "eau du robinet": {"eau du robinet": 303.6925983841543}, "eau min\u00e9rale gazeuse": {"rozana eau gazeuse": 175.0, "saint alban antonin eau gazeuse": 350.0, "eau gazeuse sans pr\u00e9cision": 297.6, "vals saint jean eau gazeuse": 260.0, "salvetat eau gazeuse": 185.66666666666666, "saint yorre eau gazeuse": 282.0, "perrier eau gazeuse": 252.94117647058823, "puits saint georges eau gazeuse": 125.35714285714286, "qu\u00e9zac eau gazeuse": 251.36363636363637, "badoit eau gazeuse": 325.3, "vals vivaraise eau gazeuse": 381.25, "arvie eau gazeuse": 551.578947368421, "san pellegrino eau gazeuse": 317.85714285714283, "la verni\u00e8re eau gazeuse": 210.0, "vichy c\u00e9lestins eau gazeuse": 275.0, "sainte marguerite eau gazeuse": 220.0, "parot eau gazeuse": 325.0}, "eau de source": {"eau de source": 345.5304347826087}, "autre eau": {"eau min\u00e9rale sans pr\u00e9cision": 318.7323943661972, "autre eau min\u00e9rale": 344.2857142857143, "eau min\u00e9rale ou non faiblement min\u00e9ralis\u00e9e": 416.3736263736264}}}