{"region_18_partitions_foodgrp_14": {"huile": {"sans": {"huile d'arachide ajoutée au service": 10.0, "autre huile végétale": 13.2, "huile mélangée (type isio 4) ajoutée au service": 9.363636363636363, "huile de colza ajoutée à la cuisson": 11.538461538461538, "huile d'olive vierge": 11.916083916083917, "huile de noix": 8.894736842105264, "huile de noix ajoutée au service": 10.0, "huile de pépins de raisin": 14.6, "huile d'olive ajoutée au service": 10.90566037735849, "huile de colza ajoutée au service": 10.0, "huile d'olive ajoutée à la cuisson": 10.457990115321252, "huile d'arachide ajoutée à la cuisson": 10.0, "huile de pépin de raisins ajoutée à la cuisson": 8.727272727272727, "huile mélangée (type isio 4) ajoutée à la cuisson": 10.292682926829269, "huile de colza": 7.444444444444445, "huile végétale sans précision": 13.265625, "huile mélangée équilibrée type isio 4": 12.241071428571429, "huile de tournesol ajoutée à la cuisson": 9.989010989010989, "huile de tournesol ajoutée au service": 9.636363636363637, "huile d'arachide": 25.0, "huile de maïs": 20.0, "huile de tournesol": 12.532786885245901}}}}