{"beurre": {"sans": {"beurre doux l\u00e9ger 39-41% m.g.": 11.923076923076923, "beurre sal\u00e9 sel > 3%": 16.45, "mati\u00e8re grasse laiti\u00e8re l\u00e9g\u00e8re 25% m.g. \u00e0 tartiner type bridelight": 16.666666666666668, "beurre doux": 12.0260663507109, "beurre all\u00e9g\u00e9 sans pr\u00e9cision": 11.162162162162161, "beurre sal\u00e9 non all\u00e9g\u00e9 ajout\u00e9 \u00e0 la cuisson": 8.484848484848484, "beurre all\u00e9g\u00e9 ajout\u00e9 au service": 7.75, "beurre all\u00e9g\u00e9 ajout\u00e9 \u00e0 la cuisson": 8.411764705882353, "beurre sal\u00e9 non all\u00e9g\u00e9 ajout\u00e9e au service": 9.941176470588236, "beurre demi-sel sel maxi 3%": 9.770212765957446, "beurre doux non all\u00e9g\u00e9 ajout\u00e9 \u00e0 la cuisson": 8.980099502487562, "beurre doux non all\u00e9g\u00e9 ajout\u00e9e au service": 9.094660194174757}}}