{"region_18_partitions_foodgrp_34": {"café": {"sans": {"café soluble en poudre": 1.8371428571428574, "café au lait ou café crème ou cappuccino non sucré": 231.02564102564102, "café soluble reconstitué prêt à boire non sucré": 348.4259259259259, "café expresso non sucré": 126.3768115942029, "café noir prêt à boire non sucré": 202.9968905472637, "café décaféiné prêt à boire non sucré": 229.3548387096774}}}}