{"p\u00e2tisseries et g\u00e2teaux": {"p\u00e2tisseries et tartes": {"tarte ou tartelette aux pommes": 164.2982456140351, "p\u00e2tisserie orientale aux amandes et au sirop": 138.1818181818182, "p\u00e2tisserie sans pr\u00e9cision": 72.25, "crumble aux pommes": 180.0, "millefeuille": 106.0, "chou \u00e0 la cr\u00e8me chantilly ou p\u00e2tissi\u00e8re": 103.75, "tarte \u00e0 la cr\u00e8me": 180.0, "tarte ou tartelette aux fruits": 167.9746835443038, "chouquette artisanale": 155.0, "macaron moelleux fourr\u00e9 \u00e0 la confiture ou \u00e0 la cr\u00e8me artisanal": 50.2, "autre p\u00e2tisserie": 174.6153846153846, "\u00e9clair": 100.9375}, "g\u00e2teaux": {"g\u00e2teau moelleux fourr\u00e9 au chocolat ou aux p\u00e9pites de chocolat noir ou au lait": 49.7037037037037, "pain d'\u00e9pices": 39.583333333333336, "autre g\u00e2teau": 110.0, "g\u00e2teau au chocolat": 83.77884615384616, "g\u00e2teau moelleux fourr\u00e9 au chocolat multicouches type napolitain lu ou kinder d\u00e9l": 56.0, "muffin": 44.166666666666664, "g\u00e2teau \u00e0 la cr\u00e8me": 119.29411764705883, "galette des rois feuillet\u00e9e fourr\u00e9e \u00e0 la frangipane": 155.1639344262295, "g\u00e2teau moelleux g\u00e9noise fourr\u00e9e \u00e0 l'orange enrob\u00e9e de chocolat type pim's": 40.0, "cake aux fruits": 47.63793103448276, "g\u00e2teau au fromage blanc": 63.333333333333336, "g\u00e2teau moelleux fourr\u00e9 aux fruits type mini roul\u00e9 fraise captain choc": 78.71428571428571, "baba au rhum": 155.0, "g\u00e2teau breton ou far aux pruneau": 155.0, "g\u00e2teau de savoie": 80.0, "madeleine": 62.72727272727273, "g\u00e2teau moelleux g\u00e9noise fourr\u00e9e \u00e0 l'orange type chamonix": 100.0, "g\u00e2teau sans pr\u00e9cision": 104.9, "g\u00e2teau mousse aux fruits sur g\u00e9noise type miroir aux fruits rouges de picard": 131.3, "brownie au chocolat": 102.5, "quatre-quarts fabrication industrielle": 59.166666666666664}, "beignets, cr\u00eapes et gaufres": {"cr\u00eape au froment fourr\u00e9e au chocolat ou ou \u00e0 la p\u00e2te \u00e0 tartiner chocolat et nois": 80.0, "gaufre bruxelloise ou li\u00e9geoise avec ou sans chocolat pr\u00e9emball\u00e9e": 61.104166666666664, "blinis": 83.14285714285714, "cr\u00eape au froment sucr\u00e9e non fourr\u00e9e": 123.125, "beignet fourr\u00e9 aux fruits": 61.666666666666664, "cr\u00eape au froment nature": 131.36764705882354, "beignet fourr\u00e9 \u00e0 la confiture": 62.0, "pain perdu": 125.0, "beignet sucr\u00e9 nature": 57.04545454545455, "cr\u00eape ou galette bretonne au bl\u00e9 noir ou sarrasin": 108.33333333333333, "cr\u00eape au froment fourr\u00e9e \u00e0 la confiture": 95.0}}}