{"pain et panification sèche": {"biscottes et panification sèche": {"autre biscotte": 26.638961038961035, "tartine extrudée fourrée au chocolat ou aux fruits type craquinette de lu": 14.333333333333334, "pain grillé au froment type tranches pain grillé pelletier lu braisotte jacquet": 43.25, "biscotte complète ou riche en fibres": 45.0, "biscotte multicéréales type heudebert aux six céréales": 24.11764705882353, "pain grillé multicéréales type pain grillé multicéréales heudebert lu": 26.666666666666668, "biscotte classique type heudebert lu": 23.43006993006993}, "autres produits de panification": {"chapelure ou panure": 11.5, "croûtons": 19.176470588235293, "fougasse garnie": 92.14285714285714}, "pain": {"pain grillé maison": 72.88461538461539, "pain aux céréales artisanal": 53.904761904761905, "pain courant français boule à la levure": 69.63333333333334, "pain sans précision": 79.0, "pain de seigle et froment": 47.19230769230769, "pain brioché ou viennois": 45.476190476190474, "pain complet ou intégral artisanal": 64.4407894736842, "pain type poilâne": 50.0, "autre pain": 49.756410256410255, "pain de mie": 57.28012048192771, "pain baguette": 62.80695698353691, "pain de campagne ou bis": 66.9831223628692}}}