{"sandwichs, casse-cro\u00fbte": {"hamburgers et hot-dog": {"cheeseburger": 155.94117647058823, "cheeseburger double": 244.88888888888889, "hamburger": 180.56521739130434, "hot-dog": 151.25}, "sandwichs baguette": {"sandwich baguette sans pr\u00e9cision": 159.375, "sandwich baguette camembert ou autre fromage et beurre": 105.0, "sandwich baguette jambon emmental beurre": 119.0909090909091, "sandwich baguette p\u00e2t\u00e9 cornichons": 78.57142857142857, "sandwich baguette thon crudit\u00e9s": 118.125, "sandwich baguette saucisson sec beurre": 110.0, "sandwich baguette poulet crudit\u00e9s": 151.42857142857142, "sandwich baguette dinde crudit\u00e9s": 140.0, "sandwich baguette jambon \u0153uf dur crudit\u00e9s": 100.0, "sandwich baguette merguez ketchup moutarde": 115.0, "sandwich baguette jambon beurre": 119.86842105263158}, "autres sandwichs": {"sandwich grec ou kebab pita et crudit\u00e9s": 416.1111111111111, "canap\u00e9s ou toasts sal\u00e9s aux garnitures vari\u00e9es": 51.75, "autre sandwich": 173.33333333333334, "croque-monsieur": 131.40625, "pan bagna": 286.6666666666667, "sandwich pain de mie garnitures diverses sans pr\u00e9cision": 186.66666666666666}}}