{"lait": {"lait aromatis\u00e9": {"lait demi-\u00e9cr\u00e9m\u00e9 aromatis\u00e9 au chocolat": 383.3333333333333}, "lait concentr\u00e9 ou en poudre": {"lait entier concentr\u00e9 sucr\u00e9": 40.0, "lait \u00e9cr\u00e9m\u00e9 en poudre": 30.0, "lait entier en poudre": 10.0}, "lait en bouteille ou en brique": {"lait demi-\u00e9cr\u00e9m\u00e9 pasteuris\u00e9": 150.0, "lait demi-\u00e9cr\u00e9m\u00e9 uht \u00e0 teneur garantie en vitamines": 222.5108695652174, "lait demi-\u00e9cr\u00e9m\u00e9 uht \u00e0 teneur garantie en prot\u00e9ines et vitamines enrichi en min\u00e9": 180.0, "lait entier uht": 131.66666666666666, "lait entier pasteuris\u00e9": 120.0, "lait \u00e9cr\u00e9m\u00e9 uht": 187.9811320754717, "lait demi-\u00e9cr\u00e9m\u00e9 uht": 215.888202247191, "lait \u00e9cr\u00e9m\u00e9 uht \u00e0 teneur garantie en vitamines": 98.44444444444444}, "autre lait": {"autre lait": 126.91836734693878}}}