{"sucres et d\u00e9riv\u00e9s": {"confiserie": {"bonbons g\u00e9lifi\u00e9s": 24.636363636363637, "confiserie drag\u00e9ifi\u00e9e au chocolat type smarties": 11.555555555555555, "p\u00e2te de fruits": 23.333333333333332, "p\u00e2te d'amande fabrication industrielle": 25.0, "chewing-gum sucr\u00e9": 3.5833333333333335, "meringue": 17.571428571428573, "bonbons tout type sauf g\u00e9lifi\u00e9s": 15.04814814814815, "chewing-gum sans sucre": 6.2894736842105265, "confiserie \u00e0 base de cacahu\u00e8tes drag\u00e9ifi\u00e9es enrob\u00e9es de chocolat type m&ms cacah": 71.66666666666667, "nougat ou touron": 15.166666666666666}, "confiture et miel": {"miel": 21.897058823529413, "confiture de cerise": 25.294117647058822, "confiture ajout\u00e9e au service": 9.802631578947368, "confiture d'orange": 37.0, "confiture de fraise": 36.03448275862069, "confiture d'abricot": 32.096774193548384, "confiture ou marmelade tout type": 34.515669515669515, "confiture all\u00e9g\u00e9e": 26.9811320754717}, "sucre et assimil\u00e9s": {"sucre roux": 7.995481927710843, "sucre blanc": 8.514796819787986, "sucre blanc ajout\u00e9 au service": 6.091954022988506, "sucre all\u00e9g\u00e9 type tutti free": 5.2700000000000005}}}