{"oeufs et d\u00e9riv\u00e9s": {"sans": {"omelette aux lardons": 133.33333333333334, "omelette nature cuite au beurre": 124.65517241379311, "oeuf entier cru": 17.5, "oeuf dur": 59.016216216216215, "jaune d'\u0153uf cuit": 21.25, "oeuf au plat sal\u00e9": 101.42857142857143, "omelette aux champignons": 142.85714285714286, "oeuf \u00e0 la coque": 87.6923076923077, "oeufs brouill\u00e9s au beurre": 180.0, "omelette au fromage": 150.0, "blanc d'\u0153uf dur": 76.66666666666667}}}