{"fruits secs et graines ol\u00e9agineuses": {"ol\u00e9agineux et graines": {"cacahu\u00e8te ou arachide": 31.31578947368421, "pistache r\u00f4tie sal\u00e9e": 31.363636363636363, "graine de tournesol": 40.0, "cacahu\u00e8te grill\u00e9e sal\u00e9e": 25.5, "noix": 51.0, "graine de s\u00e9same et autres": 21.5, "pignon de pin": 7.333333333333333, "noix de coco amande m\u00fbre fra\u00eeche": 50.0, "amande": 24.0, "noix de cajou sal\u00e9e": 7.5, "noisette": 24.5}, "fruits secs et ch\u00e2taignes": {"abricot sec": 46.5, "ch\u00e2taigne grill\u00e9e": 100.0, "datte s\u00e8che": 30.4, "figue s\u00e8che": 20.0, "pruneau sec": 23.13888888888889, "ch\u00e2taigne cuite \u00e0 l'eau": 84.5, "raisin sec": 28.571428571428573}, "m\u00e9langes": {"m\u00e9lange pour ap\u00e9ritif de graines sal\u00e9es et raisin sec": 30.0, "fruits secs ou s\u00e9ch\u00e9s et graines ol\u00e9agineuses sans pr\u00e9cision": 37.5}}}