{"fruits": {"sans": {"m\u00fbre de ronce fra\u00eeche": 50.0, "fruit sans pr\u00e9cision": 243.63636363636363, "ananas frais": 97.55172413793103, "litchi frais": 14.642857142857142, "cerise fra\u00eeche": 151.11111111111111, "framboise fra\u00eeche": 87.46153846153847, "pamplemousse frais": 156.03658536585365, "raisin noir frais": 97.6, "salade de fruits frais": 172.05882352941177, "autre fruit": 55.0, "past\u00e8que fra\u00eeche": 301.0, "abricot frais": 132.25581395348837, "mirabelle fra\u00eeche": 60.0, "banane fra\u00eeche": 157.8996062992126, "kiwi frais": 100.76315789473684, "figue fra\u00eeche": 112.5, "mangue fra\u00eeche": 116.71875, "raisin blanc frais": 180.46428571428572, "fraise fra\u00eeche": 168.3139534883721, "nectarine non pel\u00e9e fra\u00eeche": 174.0, "melon frais": 238.5185185185185, "orange fra\u00eeche": 179.10596026490066, "kaki frais": 705.0, "poire non pel\u00e9e fra\u00eeche": 156.36979166666666, "citron frais": 15.6, "prune reine-claude fra\u00eeche": 125.625, "cl\u00e9mentine ou mandarine fra\u00eeche": 105.26960784313725, "figue de barbarie": 100.0, "groseille fra\u00eeche": 25.0, "pomme non pel\u00e9e fra\u00eeche": 205.53068181818182, "p\u00eache non pel\u00e9e fra\u00eeche": 136.5873015873016, "p\u00eache pel\u00e9e fra\u00eeche": 145.0}}}