{"riz et bl\u00e9 dur ou concass\u00e9": {"riz": {"riz blanc cuit": 124.41520467836257, "riz blanc \u00e9tuv\u00e9 cuit": 200.0, "riz complet cuit": 146.15384615384616}, "bl\u00e9": {"couscous (graine seule) semoule cuite": 122.60416666666667, "bl\u00e9 dur pr\u00e9cuit nature type ebly": 77.64150943396227}}}