{"region_18_partitions_foodgrp_43": {"condiments et sauces": {"condiments d'assaisonnement": {"ail frais": 3.368985507246377, "cube pour bouillon de bœuf": 14.65, "vinaigre": 6.841523809523809, "sauce de soja": 13.863636363636363, "concentré de tomate": 20.764705882352942}, "condiments d'accompagnement": {"câpres": 7.75, "olive verte en saumure": 22.396551724137932, "olive noire en saumure": 23.384615384615383, "moutarde": 9.267241379310345, "cornichon au vinaigre": 37.82051282051282, "tapenade d'olives": 19.666666666666668, "ketchup": 39.75}, "herbes aromatiques": {"basilic frais": 1.9000000000000006, "persil frais": 6.241216216216216, "menthe fraîche": 5.0, "thym sec": 3.0, "ciboule ou ciboulette fraîche": 8.380434782608695, "cerfeuil frais": 5.0, "herbes aromatiques fraîches": 1.6466666666666663}, "sauces": {"sauce hollandaise": 165.0, "vinaigrette allégée ajoutée au service": 20.0, "sauce au yaourt": 29.25, "vinaigrette ajoutée au service": 19.330357142857142, "sauce tomate sans viande": 44.313380281690144, "sauce au poivre ajoutée au service": 20.0, "sauce sans précision": 21.0, "sauce pesto": 53.333333333333336, "vinaigrette sans précision": 20.864864864864863, "sauce à la crème aux herbes": 18.75, "sauce à la crème": 29.25, "sauce au vin rouge": 23.47826086956522, "sauce barbecue": 23.0, "mayonnaise ajoutée au service": 15.0, "sauce aux champignons": 35.76923076923077, "sauce aigre-douce": 16.875, "mayonnaise": 13.876050420168067, "sauce béarnaise": 33.75, "sauce au beurre": 26.666666666666668, "mayonnaise allégée": 16.666666666666668, "vinaigrette allégée": 18.78409090909091, "sauce au curry": 26.875, "sauce tomate à la viande ou bolognaise type panzani ou buitoni": 68.76923076923077, "sauce moutarde": 31.818181818181817, "sauce à la crème aux épices": 29.285714285714285, "autre sauce": 21.630434782608695, "vinaigrette à l'huile d'olive": 19.503067484662576, "sauce béchamel en brique": 33.41417910447761}, "sel et épices": {"curry en poudre": 1.5, "poivre noir moulu": 1.320235294117647, "gingembre moulu": 2.0, "cumin en graines": 1.0, "sel fin ou gros": 2.1044137931034483, "sel de mer": 2.5352380952380953, "épices sans précision": 3.5134285714285713}}}}