{"pizzas, quiches et p\u00e2tisseries sal\u00e9es": {"quiches et tartes sal\u00e9es": {"tarte au fromage ou quiche au fromage": 146.66666666666666, "flamenkueche (tarte sal\u00e9e aux lardons)": 110.0, "tarte aux poireaux": 120.54545454545455, "cake sal\u00e9 avec garniture (viande poisson volaille fromage l\u00e9gumes \u2026)": 77.08333333333333, "tarte au saumon et \u00e0 l'oseille": 127.38461538461539, "tarte proven\u00e7ale \u00e0 la tomate": 174.5, "tarte aux l\u00e9gumes": 139.14285714285714, "quiche lorraine": 120.32467532467533}, "pizzas": {"pizza jambon fromage": 150.15625, "pizza royale (jambon fromage champignon)": 247.30769230769232, "pizza 4 saisons": 500.0, "autre pizza": 239.0625, "pizza au fromage": 180.3846153846154, "pizza 4 fromages": 225.0, "pizza sans pr\u00e9cision": 189.59016393442624, "pizza sp\u00e9ciale": 229.6875}, "feuillet\u00e9s et friands": {"feuillet\u00e9 au saumon": 89.16666666666667, "croissant au jambon": 166.66666666666666, "friand au fromage artisanal": 104.0625, "friand \u00e0 la viande artisanal": 157.0}}}