{"viande": {"bœuf en pièces ou haché": {"steak haché 20% m.g. cuit": 165.0, "bœuf boulettes cuites": 98.26923076923077, "bœuf faux-filet grillé": 127.22222222222223, "brochette de bœuf": 138.0, "steak haché 5% m.g. cuit": 114.0, "steak haché 5% m.g. cru": 182.5, "carpaccio de boeuf": 110.0, "steak haché 15% m.g. cuit": 130.47846889952154, "bœuf à pot-au-feu cuit": 200.0, "boeuf bifteck grillé": 126.953125, "steak haché 10% m.g. cuit": 130.0, "fondue bourguignonne": 193.33333333333334, "bœuf à bourguignon cuit": 103.0, "bœuf braisé": 110.0, "bœuf rosbif rôti": 124.82758620689656, "bœuf entrecôte grillée": 173.25}, "autre viande": {"autre viande": 233.33333333333334, "cheval viande rôtie": 146.42857142857142, "brochette mixte de viande": 131.11111111111111, "viande cuite sans précision": 88.2}, "porc": {"porc côtelette grillée": 149.72222222222223, "porc filet rôti maigre cuit": 99.72222222222223, "porc travers braisé": 115.35714285714286, "porc échine rôtie": 199.71428571428572, "porc rôti cuit": 94.05405405405405}, "agneau": {"agneau épaule rôtie": 121.25, "agneau côtelette grillée": 123.70370370370371, "brochette d'agneau": 100.0, "agneau gigot rôti": 105.15151515151516}, "veau": {"veau escalope cuite": 113.94736842105263, "veau rôti": 102.06896551724138, "veau filet rôti": 134.16666666666666, "veau côte cuite": 131.25, "veau mijoté": 108.07692307692308, "veau escalope panée": 115.0}}}