{"boissons alcoolis\u00e9es": {"cidre": {"cidre brut": 235.0, "cidre": 285.55555555555554, "cidre doux": 100.0}, "spiritueux et vins cuits": {"eau-de-vie": 34.028571428571425, "porto": 54.166666666666664, "vodka": 92.85714285714286, "rhum": 53.55555555555556, "ap\u00e9ritif \u00e0 base de vin ou vermouth type martini": 99.0909090909091, "ap\u00e9ritif \u00e0 la gentiane": 50.0, "vin doux naturel ou vin mut\u00e9 autre que porto type muscat banyuls ou maury": 41.666666666666664, "gin": 80.0, "liqueurs": 45.2, "whisky": 103.70370370370371}, "vin": {"vin sans pr\u00e9cision": 192.01298701298703, "vin rouge 11\u00b0": 197.3684210526316, "vin blanc 11\u00b0": 163.05050505050505, "vin rouge 12\u00b0": 210.70866141732284, "vin rouge 10\u00b0": 166.14527027027026, "vin blanc mousseux": 150.0, "champagne": 188.3783783783784, "vin ros\u00e9 11\u00b0": 169.4433962264151, "vin rouge 13\u00b0 et plus": 166.66666666666666}, "cocktails et m\u00e9langes": {"kir": 107.58620689655173, "cocktail type punch planteur": 100.0, "sangria": 128.0, "panach\u00e9": 295.55555555555554, "pastis pr\u00eat \u00e0 boire (1+5)": 246.09756097560975, "p\u00e9tillant de fruits": 100.0, "cocktail alcoolis\u00e9": 320.0, "kir royal": 125.0}, "bi\u00e8re": {"bi\u00e8re sp\u00e9ciale \u00e0 5-6\u00b0 d'alcool type 1664 pelforth ambr\u00e9e ou fischer heineken": 255.83333333333334, "bi\u00e8re de sp\u00e9cialit\u00e9s ou d'abbaye r\u00e9gionales ou de brasserie degr\u00e9 d'alcool varia": 232.5, "bi\u00e8re brune": 312.5, "bi\u00e8re c\u0153ur de march\u00e9 \u00e0 4-5\u00b0 d'alcool type kronenbourg ou 33 export": 357.6373626373626}}}