{"glaces et desserts glac\u00e9s": {"desserts glac\u00e9s": {"barre chocolat\u00e9e glac\u00e9e type mars twix snickers": 54.25, "poire belle h\u00e9l\u00e8ne": 200.0, "p\u00eache melba": 185.0, "profiteroles glace vanille et sauce chocolat": 137.5, "omelette norv\u00e9gienne": 155.0}, "glaces": {"cr\u00e8me glac\u00e9e \u00e0 la vanille type carte d'or vanille": 96.44736842105263, "glace en cornet": 111.61538461538461, "cr\u00e8me glac\u00e9e au chocolat type carte d'or chocolat": 85.5952380952381, "glace cr\u00e8me glac\u00e9e sorbet ou glace \u00e0 l'eau parfums divers": 86.11702127659575, "glace enrob\u00e9e de chocolat type esquimau": 81.78571428571429}, "sorbets": {"sorbet tout type": 83.48484848484848}}}