{"l\u00e9gumes secs": {"l\u00e9gumes secs": {"pois cass\u00e9 cuit": 75.0, "haricot rouge cuit": 75.0, "haricot blanc cuit": 163.63636363636363, "haricot blanc en conserve": 138.88888888888889, "lentille cuite": 165.1851851851852, "pois chiche cuit": 73.46153846153847, "haricot flageolet en conserve": 103.125, "f\u00e8ve cuite": 125.0}, "l\u00e9gumes secs pr\u00e9par\u00e9s": {"lentille cuisin\u00e9e en conserve": 158.125}}}