{"poissons": {"autres poissons ou poissons sans pr\u00e9cision": {"poisson sans pr\u00e9cision": 130.27272727272728, "autre poisson": 131.8181818181818, "brochette de poisson": 150.0}, "produits d\u00e9riv\u00e9s des poissons": {"tarama industriel": 13.333333333333334, "rillettes de saumon": 41.6, "poisson pan\u00e9 frit": 98.21428571428571, "foie de morue en conserve": 40.0, "croquette ou nugget de poisson frit": 108.33333333333333, "mousse de poisson": 105.5, "rillettes de thon": 30.0, "terrine de poisson": 90.5, "surimi en b\u00e2tonnets": 52.54054054054054}, "poissons d'eau douce": {"brochet cuit au four": 100.0, "cuisse de grenouille crue": 112.0, "carpe cuite au four": 50.0}, "poissons de mer": {"morue sal\u00e9e poch\u00e9e": 85.0, "carrelet ou plie cuit \u00e0 la vapeur": 140.0, "\u00e9glefin cuit \u00e0 la vapeur": 180.0, "maquereau filet \u00e0 la sauce moutarde en conserve": 62.375, "merlu cuit \u00e0 l'\u00e9touff\u00e9e": 122.5, "raie au court-bouillon": 190.0, "haddock ou \u00e9glefin fum\u00e9": 52.5, "espadon cuit au four": 162.5, "turbot cuit au four": 60.0, "thon cuit au four": 181.66666666666666, "saumon cuit \u00e0 la vapeur": 145.375, "julienne ou lingue crue": 111.66666666666667, "thon cru": 50.0, "thon \u00e0 l'huile en conserve \u00e9goutt\u00e9": 95.83333333333333, "cabillaud cuit \u00e0 la vapeur": 130.55555555555554, "limande-sole cuite \u00e0 la vapeur": 212.5, "saumon fum\u00e9 cru": 34.285714285714285, "roussette ou saumonette brais\u00e9e": 100.0, "rouget cuit \u00e0 l'\u00e9touff\u00e9e": 130.0, "truite arc-en-ciel d'\u00e9levage cuite \u00e0 la vapeur": 380.0, "anchois filets \u00e0 l'huile semi-conserve": 21.0, "saumon cru d'\u00e9levage": 37.5, "carpaccio de saumon": 60.0, "anchois cru": 108.0, "perche cuite au four": 111.11111111111111, "merlan cuit \u00e0 la vapeur": 100.0, "truite arc-en-ciel d'\u00e9levage cuite au four": 197.08333333333334, "sardine \u00e0 l'huile en conserve \u00e9goutt\u00e9e": 47.30769230769231, "sardine grill\u00e9e": 80.0, "lieu ou colin noir cuit": 140.26315789473685, "thon au naturel en conserve \u00e9goutt\u00e9": 58.82716049382716, "cabillaud cuit au four": 138.84615384615384, "truite fum\u00e9e": 26.666666666666668, "sole cuite au four": 118.75, "lotte ou baudroie grill\u00e9e": 55.0, "maquereau cuit au four": 50.0, "hareng fum\u00e9": 48.75, "fl\u00e9tan cru": 163.33333333333334, "sardine \u00e0 la sauce tomate en conserve": 90.0, "bar ou loup commun cru": 87.5, "maquereau filet au vin blanc en conserve": 81.22222222222223, "merlan frit": 150.0, "dorade ou daurade grise crue": 276.6666666666667}}}