{"aliments destin\u00e9s \u00e0 une alimentation particuli\u00e8re": {"sans": {"\u00e9dulcorant \u00e0 l'aspartame": 0.33348684210526314, "g\u00e9latine": 25.714285714285715, "tofu": 150.0, "substitut de repas hypocalorique \u00e0 boire poudre reconstitu\u00e9e avec lait \u00e9cr\u00e9m\u00e9 to": 451.1111111111111, "\u00e9dulcorant ajout\u00e9 au service": 0.08555555555555555, "levure alimentaire": 14.285714285714286, "substitut de repas hypocalorique genre cr\u00e8me dessert ultrafrais en pot tout ar\u00f4m": 285.8333333333333}}}