{"pain et panification s\u00e8che": {"biscottes et panification s\u00e8che": {"autre biscotte": 26.638961038961035, "tartine extrud\u00e9e fourr\u00e9e au chocolat ou aux fruits type craquinette de lu": 14.333333333333334, "pain grill\u00e9 au froment type tranches pain grill\u00e9 pelletier lu braisotte jacquet": 43.25, "biscotte compl\u00e8te ou riche en fibres": 45.0, "biscotte multic\u00e9r\u00e9ales type heudebert aux six c\u00e9r\u00e9ales": 24.11764705882353, "pain grill\u00e9 multic\u00e9r\u00e9ales type pain grill\u00e9 multic\u00e9r\u00e9ales heudebert lu": 26.666666666666668, "biscotte classique type heudebert lu": 23.43006993006993}, "autres produits de panification": {"chapelure ou panure": 11.5, "cro\u00fbtons": 19.176470588235293, "fougasse garnie": 92.14285714285714}, "pain": {"pain grill\u00e9 maison": 72.88461538461539, "pain aux c\u00e9r\u00e9ales artisanal": 53.904761904761905, "pain courant fran\u00e7ais boule \u00e0 la levure": 69.63333333333334, "pain sans pr\u00e9cision": 79.0, "pain de seigle et froment": 47.19230769230769, "pain brioch\u00e9 ou viennois": 45.476190476190474, "pain complet ou int\u00e9gral artisanal": 64.4407894736842, "pain type poil\u00e2ne": 50.0, "autre pain": 49.756410256410255, "pain de mie": 57.28012048192771, "pain baguette": 62.80695698353691, "pain de campagne ou bis": 66.9831223628692}}}