{"region_18_partitions_foodgrp_18": {"volaille et gibier": {"gibier": {"chevreuil rôti": 138.33333333333334, "sanglier rôti": 100.0, "autre gibier": 80.0, "faisan viande rôtie": 53.333333333333336}, "volailles et lapins": {"poule viande bouillie": 204.6, "blanc de poulet cuit": 87.0923076923077, "poulet cuisse rôtie viande et peau": 211.24193548387098, "dinde viande rôtie": 132.1153846153846, "lapin en ragoût": 151.53846153846155, "lapin viande cuite": 136.11111111111111, "pigeon viande rôtie": 50.0, "confit de canard": 171.25, "brochette de volaille": 130.625, "dinde ou autre volaille escalope sautée": 100.67708333333333, "volaille cuite sans précision": 72.66666666666667, "canard viande rôtie": 125.0, "canard magret cuit à la poêle": 82.0, "autre volaille cuite": 112.55555555555556, "caille cuite viande et peau": 135.83333333333334, "poulet rôti viande et peau": 138.5452380952381}}}}