{"riz et blé dur ou concassé": {"riz": {"riz blanc cuit": 124.41520467836257, "riz blanc étuvé cuit": 200.0, "riz complet cuit": 146.15384615384616}, "blé": {"couscous (graine seule) semoule cuite": 122.60416666666667, "blé dur précuit nature type ebly": 77.64150943396227}}}