{"region_18_partitions_foodgrp_30": {"sucres et dérivés": {"confiserie": {"bonbons gélifiés": 24.636363636363637, "confiserie dragéifiée au chocolat type smarties": 11.555555555555555, "pâte de fruits": 23.333333333333332, "pâte d'amande fabrication industrielle": 25.0, "chewing-gum sucré": 3.5833333333333335, "meringue": 17.571428571428573, "bonbons tout type sauf gélifiés": 15.04814814814815, "chewing-gum sans sucre": 6.2894736842105265, "confiserie à base de cacahuètes dragéifiées enrobées de chocolat type m&ms cacah": 71.66666666666667, "nougat ou touron": 15.166666666666666}, "confiture et miel": {"miel": 21.897058823529413, "confiture de cerise": 25.294117647058822, "confiture ajoutée au service": 9.802631578947368, "confiture d'orange": 37.0, "confiture de fraise": 36.03448275862069, "confiture d'abricot": 32.096774193548384, "confiture ou marmelade tout type": 34.515669515669515, "confiture allégée": 26.9811320754717}, "sucre et assimilés": {"sucre roux": 7.995481927710843, "sucre blanc": 8.514796819787986, "sucre blanc ajouté au service": 6.091954022988506, "sucre allégé type tutti free": 5.2700000000000005}}}}