{"caf\u00e9": {"sans": {"caf\u00e9 soluble en poudre": 1.8371428571428574, "caf\u00e9 au lait ou caf\u00e9 cr\u00e8me ou cappuccino non sucr\u00e9": 231.02564102564102, "caf\u00e9 soluble reconstitu\u00e9 pr\u00eat \u00e0 boire non sucr\u00e9": 348.4259259259259, "caf\u00e9 expresso non sucr\u00e9": 126.3768115942029, "caf\u00e9 noir pr\u00eat \u00e0 boire non sucr\u00e9": 202.9968905472637, "caf\u00e9 d\u00e9caf\u00e9in\u00e9 pr\u00eat \u00e0 boire non sucr\u00e9": 229.3548387096774}}}