{"fruits": {"sans": {"mûre de ronce fraîche": 50.0, "fruit sans précision": 243.63636363636363, "ananas frais": 97.55172413793103, "litchi frais": 14.642857142857142, "cerise fraîche": 151.11111111111111, "framboise fraîche": 87.46153846153847, "pamplemousse frais": 156.03658536585365, "raisin noir frais": 97.6, "salade de fruits frais": 172.05882352941177, "autre fruit": 55.0, "pastèque fraîche": 301.0, "abricot frais": 132.25581395348837, "mirabelle fraîche": 60.0, "banane fraîche": 157.8996062992126, "kiwi frais": 100.76315789473684, "figue fraîche": 112.5, "mangue fraîche": 116.71875, "raisin blanc frais": 180.46428571428572, "fraise fraîche": 168.3139534883721, "nectarine non pelée fraîche": 174.0, "melon frais": 238.5185185185185, "orange fraîche": 179.10596026490066, "kaki frais": 705.0, "poire non pelée fraîche": 156.36979166666666, "citron frais": 15.6, "prune reine-claude fraîche": 125.625, "clémentine ou mandarine fraîche": 105.26960784313725, "figue de barbarie": 100.0, "groseille fraîche": 25.0, "pomme non pelée fraîche": 205.53068181818182, "pêche non pelée fraîche": 136.5873015873016, "pêche pelée fraîche": 145.0}}}