{"ultra-frais laitier": {"cr\u00e8me fra\u00eeche": {"cr\u00e8me fra\u00eeche ou cr\u00e8me de lait \u00e9paisse all\u00e9g\u00e9e 15 \u00e0 20% m.g. rayon frais": 10.0, "cr\u00e8me chantilly sucr\u00e9e sous pression uht": 25.8125, "cr\u00e8me fra\u00eeche ou cr\u00e8me de lait sans pr\u00e9cision": 21.719827586206897, "cr\u00e8me fra\u00eeche ou cr\u00e8me de lait fluide au moins 30% m.g. uht": 41.25, "cr\u00e8me fra\u00eeche all\u00e9g\u00e9e ajout\u00e9e \u00e0 la cuisson": 20.0, "cr\u00e8me fra\u00eeche non all\u00e9g\u00e9e ajout\u00e9e \u00e0 la cuisson": 17.5, "cr\u00e8me fra\u00eeche ou cr\u00e8me de lait \u00e9paisse au moins 30% m.g. rayon frais": 27.333333333333332, "cr\u00e8me fra\u00eeche non all\u00e9g\u00e9e ajout\u00e9e au service": 16.21951219512195, "cr\u00e8me fra\u00eeche all\u00e9g\u00e9e ajout\u00e9e au service": 17.115384615384617, "sp\u00e9cialit\u00e9 \u00e0 base de cr\u00e8me l\u00e9g\u00e8re 8% m.g. type cr\u00e8me fluide ou \u00e9paisse": 26.666666666666668, "cr\u00e8me fra\u00eeche ou cr\u00e8me de lait fluide all\u00e9g\u00e9e 15 \u00e0 20% m.g. uht": 23.303030303030305, "cr\u00e8me fra\u00eeche ou cr\u00e8me de lait fluide au moins 30% m.g. rayon frais": 15.777777777777779}, "yaourts et assimil\u00e9s": {"yaourt brass\u00e9 nature au lait entier type danone velout\u00e9 nature": 144.1860465116279, "yaourt bulgare ou velout\u00e9 \u00e0 la pulpe de fruits au lait entier": 138.85714285714286, "sp\u00e9cialit\u00e9 laiti\u00e8re type yaourt au bifidus aromatis\u00e9 au lait entier sucr\u00e9e type": 149.45652173913044, "sp\u00e9cialit\u00e9 laiti\u00e8re type yaourt au lait entier au bifidus et aux fruits sucr\u00e9e": 132.35294117647058, "sp\u00e9cialit\u00e9 laiti\u00e8re type yaourt 0% aux fruits aux \u00e9dulcorants type panier de yop": 131.02409638554218, "yaourt aux fruits au lait entier sucr\u00e9 type danone recette cr\u00e9meuse aux fruits o": 125.80645161290323, "yaourt ou sp\u00e9cialit\u00e9 laiti\u00e8re nature": 126.98324022346368, "yaourt nature au lait entier": 125.0, "sp\u00e9cialit\u00e9 laiti\u00e8re type yaourt 0% aux fruits sucr\u00e9e type sveltesse aux fruits p": 135.22727272727272, "yaourt nature au lait entier sucr\u00e9": 125.0, "yaourt \u00e0 boire aux fruits au lait demi-\u00e9cr\u00e9m\u00e9 sucr\u00e9 type danone velout\u00e9 ou fruix": 100.0, "sp\u00e9cialit\u00e9 laiti\u00e8re aux fruits \u00e0 base de fromage blanc enrichie en cr\u00e8me type ge": 40.0, "autre yaourt ou sp\u00e9cialit\u00e9 laiti\u00e8re nature ou aux fruit": 111.88888888888889, "lait ferment\u00e9 \u00e0 boire maigre nature type lait ribot ou lact\u00e9or l'ben": 105.55555555555556, "sp\u00e9cialit\u00e9 laiti\u00e8re type yaourt 0% aromatis\u00e9e sucr\u00e9e type weight watcher": 125.0, "yaourt aromatis\u00e9 au lait entier sucr\u00e9": 130.65217391304347, "lait ferment\u00e9 au bifidus nature au lait entier type danone activa": 123.1, "yaourt ou sp\u00e9cialit\u00e9 laiti\u00e8re aux fruits sans pr\u00e9cision": 132.5177304964539, "yaourt \u00e0 boire aromatis\u00e9 au lait demi-\u00e9cr\u00e9m\u00e9 sucr\u00e9 type yopi": 133.94736842105263, "yaourt ou sp\u00e9cialit\u00e9 laiti\u00e8re sans pr\u00e9cision": 127.6043956043956, "lait ferment\u00e9 \u00e0 boire au bifidus et aux fruits genre yaourt \u00e0 boire": 1.0, "yaourt aux fruits au lait demi-\u00e9cr\u00e9m\u00e9 sucr\u00e9 type panier de yoplait": 129.46428571428572, "sp\u00e9cialit\u00e9 laiti\u00e8re nature \u00e0 base de fromage blanc enrichie en cr\u00e8me type fjord": 121.875, "yaourt nature 0% m.g. type taillefine nature 0% danone yoplait silhouette": 127.94117647058823, "yaourt nature au lait demi-\u00e9cr\u00e9m\u00e9": 121.42857142857143, "lait ferment\u00e9 \u00e0 boire au lait demi-\u00e9cr\u00e9m\u00e9 nature type actimel": 100.29019607843136, "yaourt nature au lait demi-\u00e9cr\u00e9m\u00e9 sucr\u00e9": 127.5, "yaourt aromatis\u00e9 au lait demi-\u00e9cr\u00e9m\u00e9 sucr\u00e9": 125.37974683544304, "sp\u00e9cialit\u00e9 laiti\u00e8re au lait entier enrichie en cr\u00e8me au chocolat type stracciate": 125.0}, "fromage blanc et petits suisses": {"petit-suisse nature 20% m.g. type gervais petit vitalit\u00e9": 138.75, "fromage blanc sans pr\u00e9cision": 109.015625, "petit suisse aux fruits au lait demi-\u00e9cr\u00e9m\u00e9 type petits filous": 101.08108108108108, "fromage blanc type petit suisse 20% mg/ms, aromatis\u00e9 vanille ou chocolat": 104.16666666666667, "fromage blanc battu nature 40% m.g. type danone jockey 40% ou yoplait calin 40%": 117.3076923076923, "fromage blanc battu 20% m.g. nature": 103.27777777777777, "fromage blanc de campagne nature 40% m.g. type senoble fromage frais 43% campagn": 102.27272727272727, "fromage blanc sucr\u00e9 aromatis\u00e9 ou aux fruits sans pr\u00e9cision": 120.0, "fromage blanc aux fruits sucr\u00e9 30-40% m.g.": 110.0, "fromage blanc de campagne nature 0% m.g.": 100.0, "petit-suisse nature 40% m.g.": 92.5, "autre fromage blanc": 70.0, "fromage blanc battu nature 0% m.g.": 107.41379310344827}}}