{"region_18_partitions_foodgrp_20": {"charcuterie": {"pâtés, terrines, rillettes et foie gras": {"foie gras en conserve": 40.0, "pâté de tête ou fromage de tête": 102.53333333333333, "pâté de campagne": 49.829268292682926, "galantine": 38.0, "mousse de foie": 25.0, "pâté de foie de porc": 63.5, "rillettes pur porc": 41.666666666666664, "pâté de lapin": 58.25, "rillettes": 44.857142857142854, "pâté de foie de volaille": 37.666666666666664, "pâté en croûte": 113.515625, "foie gras de canard entier en conserve": 55.0, "terrine de canard": 32.333333333333336}, "autre charcuterie ou charcuterie  sans précision": {"charcuterie sans précision": 72.5, "autre charcuterie": 105.48571428571428}, "saucisses, saucissons, andouilles et boudins": {"saucisse de morteau cuite": 121.0, "mortadelle": 37.1, "chorizo sec": 34.857142857142854, "saucisse sèche": 35.92857142857143, "saucisson sec pur porc": 34.8, "merguez de bœuf et de mouton cuite": 96.32352941176471, "saucisse de francfort": 70.0, "boudin noir cuit": 138.2258064516129, "saucisse alsacienne fumée ou gendarme": 79.16666666666667, "saucisse cocktail": 66.18181818181819, "rosette ou fuseau": 37.6, "saucisson sec": 38.02272727272727, "chair à saucisse": 59.166666666666664, "salami": 43.833333333333336, "chipolata cuite": 65.9090909090909, "andouillette réchauffée": 140.39285714285714, "boudin blanc cuit": 111.11111111111111, "saucisson à l'ail": 37.666666666666664, "saucisse de toulouse cuite": 194.16666666666666, "cervelas": 70.6, "saucisse de montbéliard": 104.6, "saucisse sans précision": 86.52777777777777, "saucisse de strasbourg": 69.58823529411765}, "jambons et charcuteries en pièces": {"jambon cuit supérieur dd (découenné dégraissé)": 86.0, "jambon cuit": 55.20522388059702, "poitrine de porc fumée": 59.333333333333336, "coppa": 15.0, "jambon cuit fumé": 72.5, "lardon nature cuit": 25.066326530612244, "jambon cuit supérieur": 68.23529411764706, "jambon cru fumé": 51.333333333333336, "jambon cuit dd (découenné dégraissé)": 53.3, "pancetta ou poitrine roulée sèche": 13.0, "jambon sec dd (découenné dégraissé)": 38.1, "jambon cru": 51.32183908045977, "jambonneau cuit": 73.33333333333333, "bacon filet cuit": 35.27272727272727}}}}