{"soupes et bouillons": {"potages et soupes": {"soupe poireau pomme de terre type fait maison": 340.0, "soupe aux champignons": 175.0, "soupe de poissons et/ou de crustac\u00e9s pr\u00e9emball\u00e9e \u00e0 r\u00e9chauffer": 287.5, "soupe \u00e0 la tomate pr\u00e9emball\u00e9e \u00e0 r\u00e9chauffer ou d\u00e9shydrat\u00e9e reconstitu\u00e9e": 316.6666666666667, "soupe aux l\u00e9gumes pr\u00e9emball\u00e9e \u00e0 r\u00e9chauffer": 292.33870967741933, "soupe au pistou pr\u00e9emball\u00e9e \u00e0 r\u00e9chauffer ou d\u00e9shydrat\u00e9e reconstitu\u00e9e": 400.0, "minestrone pr\u00e9emball\u00e9e \u00e0 r\u00e9chauffer ou d\u00e9shydrat\u00e9e reconstitu\u00e9e": 333.3333333333333, "soupe aux l\u00e9gumes type fait maison": 367.2330097087379, "soupe aux l\u00e9gumes d\u00e9shydrat\u00e9e reconstitu\u00e9e": 287.3076923076923, "soupe poireau pomme de terre pr\u00e9emball\u00e9e \u00e0 r\u00e9chauffer": 430.0, "soupe au potiron": 350.0, "soupe \u00e0 l'oignon": 312.5, "soupe \u00e0 la volaille et aux vermicelles pr\u00e9emball\u00e9e \u00e0 r\u00e9chauffer ou d\u00e9shydrat\u00e9e r": 342.10526315789474}, "bouillons": {"bouillon v\u00e9g\u00e9tal": 349.3333333333333, "bouillon de viande d\u00e9shydrat\u00e9 reconstitu\u00e9 type bouillon de b\u0153uf knorr": 96.0, "bouillon de viande et de l\u00e9gumes": 200.0, "bouillon de volaille d\u00e9shydrat\u00e9 reconstitu\u00e9 type bouillon de poule knorr": 186.54545454545453}}}