{"fromages": {"fromages affin\u00e9s": {"fromage triple cr\u00e8me plus de 75% m.g. type brillat savarin": 45.0, "fromage et mini fromage type bonbel-babybel": 23.666666666666668, "bleu et mini bleu de bresse fromage \u00e0 p\u00e2te persill\u00e9e 45% m.g.": 32.285714285714285, "comt\u00e9 fromage \u00e0 p\u00e2te press\u00e9e cuite 45% m.g.": 38.24242424242424, "emmental all\u00e9g\u00e9": 14.666666666666666, "reblochon fromage \u00e0 p\u00e2te press\u00e9e non cuite 45% m.g.": 54.361702127659576, "brie fromage \u00e0 p\u00e2te molle \u00e0 cro\u00fbte fleurie 45% m.g.": 42.86, "\u00e9poisses fromage \u00e0 p\u00e2te molle \u00e0 cro\u00fbte lav\u00e9e 45% m.g.": 30.0, "morbier fromage \u00e0 p\u00e2te press\u00e9e non cuite 45% m.g.": 30.0, "fourme d'ambert fromage \u00e0 p\u00e2te persill\u00e9e 50% m.g.": 18.46153846153846, "saint-paulin fromage \u00e0 p\u00e2te press\u00e9e non cuite 45-50% m.g.": 28.571428571428573, "fromage de ch\u00e8vre affin\u00e9 au lait pasteuris\u00e9 ou cru": 29.310344827586206, "coulommiers fromage \u00e0 p\u00e2te molle \u00e0 cro\u00fbte fleurie 40-45% m.g.": 33.94736842105263, "vacherin mont d'or fromage \u00e0 p\u00e2te molle \u00e0 cro\u00fbte lav\u00e9e au moins 45% m.g": 54.0, "caprice des dieux fromage \u00e0 p\u00e2te molle 60% m.g.": 52.857142857142854, "fromage \u00e0 cuire pan\u00e9 nature type crousti'cho de pr\u00e9sident": 40.0, "cantal salers ou laguiole fromages \u00e0 p\u00e2te press\u00e9e non cuite 45% m.g.": 65.0, "parmesan fromage \u00e0 p\u00e2te press\u00e9e cuite 45% m.g.": 18.225806451612904, "fromage \u00e0 cuire pan\u00e9 au jambon type menu fromage": 160.0, "fromage de ch\u00e8vre mi-sec": 37.532467532467535, "emmental fromage \u00e0 p\u00e2te press\u00e9e cuite 45% m.g.": 34.74285714285714, "tome ou tomme fromage \u00e0 p\u00e2te press\u00e9e non cuite 45% m.g.": 46.683673469387756, "saint-nectaire fromage \u00e0 p\u00e2te press\u00e9e non cuite 45% m.g.": 23.333333333333332, "camembert et apparent\u00e9s 50% m.g.": 37.5, "raclette fromage \u00e0 p\u00e2te press\u00e9e non cuite 45% m.g.": 128.69565217391303, "pav\u00e9 d'affinois fromage \u00e0 p\u00e2te molle 45% m.g.": 32.5, "mimolette fromage \u00e0 p\u00e2te press\u00e9e non cuite 45% m.g.": 26.0, "fromage sans pr\u00e9cision": 43.59701492537314, "gruy\u00e8re fromage \u00e0 p\u00e2te press\u00e9e cuite 45% m.g.": 30.684549356223176, "roquefort fromage de brebis \u00e0 p\u00e2te persill\u00e9e 52% m.g.": 45.583333333333336, "bleu d'auvergne fromage \u00e0 p\u00e2te persill\u00e9e 50% m.g.": 40.0, "fromage \u00e0 p\u00e2te molle \u00e0 cro\u00fbte fleurie genre camembert all\u00e9g\u00e9 20-30% m.g.": 50.0, "camembert sans pr\u00e9cision": 45.95522388059702, "beaufort fromage \u00e0 p\u00e2te press\u00e9e cuite 45% m.g.": 37.74193548387097, "sainte-maure fromage de ch\u00e8vre": 18.88888888888889, "bleu des causses fromage \u00e0 p\u00e2te persill\u00e9e 45% m.g.": 82.0, "rouy fromage \u00e0 p\u00e2te molle \u00e0 cro\u00fbte lav\u00e9e 40% m.g.": 30.0, "autre fromage \u00e0 p\u00e2te molle \u00e0 cro\u00fbte lav\u00e9e": 20.0, "fromage \u00e0 p\u00e2te press\u00e9e non cuite 40-50% m.g.": 15.0, "chaumes fromage \u00e0 p\u00e2te molle \u00e0 cro\u00fbte lav\u00e9e 50% m.g.": 37.5, "fromage de ch\u00e8vre sec": 38.333333333333336, "autre fromage \u00e0 p\u00e2te press\u00e9e cuite": 27.8, "gorgonzola fromage \u00e0 p\u00e2te molle persill\u00e9e 45% m.g.": 31.11111111111111, "picodon fromage de ch\u00e8vre": 25.0, "tomme de montagne ou tomme de savoie": 50.9375, "saint-f\u00e9licien fromage \u00e0 p\u00e2te molle 60% m.g.": 38.46153846153846, "fromage de ch\u00e8vre p\u00e2te molle": 47.142857142857146, "crottin fromage de ch\u00e8vre": 44.285714285714285, "chamois d'or fromage \u00e0 p\u00e2te molle 60% m.g.": 52.5, "fol \u00e9pi fromage \u00e0 p\u00e2te press\u00e9e cuite \u00e0 trous 50% m.g.": 25.0, "camembert fromage \u00e0 p\u00e2te molle \u00e0 cro\u00fbte fleurie 45% m.g.": 46.0, "gruy\u00e8re r\u00e2p\u00e9 ajout\u00e9 au service": 20.0, "fromage des pyr\u00e9n\u00e9es au lait de brebis": 37.708333333333336, "fromage \u00e0 p\u00e2te press\u00e9e non cuite all\u00e9g\u00e9 20-30% m.g.": 41.666666666666664, "hollande fromage \u00e0 p\u00e2te press\u00e9e non cuite 30-40% m.g.": 80.0, "bleu au lait de vache fromage \u00e0 p\u00e2te persill\u00e9e sans pr\u00e9cision": 35.5, "gouda fromage \u00e0 p\u00e2te press\u00e9e non cuite 30-40% m.g.": 75.0, "pont l'\u00e9v\u00eaque fromage \u00e0 p\u00e2te molle \u00e0 cro\u00fbte lav\u00e9e 45% m.g.": 30.0, "munster fromage \u00e0 p\u00e2te molle \u00e0 cro\u00fbte lav\u00e9e 45-50% m.g.": 37.77777777777778, "saint-marcellin fromage \u00e0 p\u00e2te molle \u00e0 cro\u00fbte naturelle 40-50% m.g.": 40.416666666666664}, "autres fromages ou fromage sans pr\u00e9cision": {"autre fromage": 43.75}, "fromages fondus": {"p'tit louis fromage fondu 65% m.g.": 40.0, "saint-moret fromage fondu demi-sel 30% m.g.": 34.416666666666664, "fromage de ch\u00e8vre fondu \u00e0 tartiner nature type cabrette ou chavroux": 63.333333333333336, "vache qui rit fromage fondu 50% m.g.": 30.161290322580644, "fromage fondu en portions ou en cubes 45-50% m.g.": 26.3, "ap\u00e9ricube fromage fondu 50% m.g.": 25.5, "samos 99 fromage fondu double cr\u00e8me 70% m.g.": 30.0, "saint-moret all\u00e9g\u00e9 fromage fondu demi-sel 20% m.g.": 37.333333333333336, "snack pour enfants \u00e0 base de fromage fondu et gressins type pik et croq ou kiri": 35.0, "fromage fondu 25% m.g. type sylphide ou vache qui rit \u00e9quilibre et ligne": 17.5, "kiri cr\u00e8me fromage fondu double cr\u00e8me 70% m.g.": 23.466666666666665}, "fromages frais non affin\u00e9s": {"sp\u00e9cialit\u00e9 fromag\u00e8re non affin\u00e9e double cr\u00e8me 70% m.g.": 20.0, "f\u00e9ta de brebis": 32.391304347826086, "boursin fromage frais sal\u00e9 aromatis\u00e9 70% m.g.": 23.38888888888889, "fromage de ch\u00e8vre frais": 52.69230769230769, "tartare fromage frais aromatis\u00e9 sal\u00e9 70% m.g.": 23.810000000000002, "carr\u00e9 frais fromage \u00e0 tartiner 40% m.g.": 26.857142857142858, "ricotta": 46.666666666666664, "fromage frais \u00e0 tartiner \u00e0 plus de 60% m.g.": 29.5, "mozzarella": 46.22727272727273, "fromage frais \u00e0 tartiner 40-60% m.g": 47.5}}}