{"autres boissons chaudes": {"th\u00e9 et infusions": {"tisane infus\u00e9e non sucr\u00e9e": 289.6511627906977, "th\u00e9 infus\u00e9 non sucr\u00e9": 328.48194662480375}, "cacao, poudres et boissons cacaot\u00e9es": {"poudre cacaot\u00e9e sucr\u00e9e enrichie pour boisson": 8.8, "poudre cacaot\u00e9e et sucr\u00e9e pour boisson au chocolat": 12.409556313993175, "cacao en poudre non sucr\u00e9 type van houten": 8.0, "boisson instantan\u00e9e cacaot\u00e9e sucr\u00e9e reconstitu\u00e9e": 244.16666666666666}, "chicor\u00e9e et poudre malt\u00e9e": {"poudre malt\u00e9e et sucr\u00e9e pour boisson": 2.764705882352941, "poudre soluble \u00e0 base de chicor\u00e9e et de caf\u00e9 type ricor\u00e9": 2.5982142857142856, "chicor\u00e9e en poudre soluble type leroux": 6.666666666666667}}}