{"margarine": {"sans": {"margarine ordinaire 70% ou 80% m.g. ajout\u00e9e au service": 9.454545454545455, "margarine type primev\u00e8re 60% m.g. ajout\u00e9e au service": 5.0, "margarine au tournesol  70% ou 80% m.g. ajout\u00e9e \u00e0 la cuisson": 9.264705882352942, "margarine \u00e0 l'huile d'olive  60% m.g. ajout\u00e9ee \u00e0 la cuisson": 9.117647058823529, "mati\u00e8re grasse compos\u00e9e all\u00e9g\u00e9e 60% m.g. type le fleurier ou tartine et cuisine": 13.0, "margarine au tournesol 60% m.g. ajout\u00e9e au service": 7.8, "margarine de cuisine 80% m.g.": 12.18421052631579, "mati\u00e8re grasse all\u00e9g\u00e9e 60% m.g.": 9.91891891891892, "margarine \u00e0 l'huile d'olive 60% m.g. ajout\u00e9e au service": 8.5, "margarine all\u00e9g\u00e9e 40% m.g. ajout\u00e9e au service": 8.0, "margarine proactiv de fruit d'or ajout\u00e9e \u00e0 la cuisson": 10.0, "margarine type primev\u00e8re 60% m.g. ajout\u00e9e \u00e0 la cuisson": 10.0, "mati\u00e8re grasse all\u00e9g\u00e9e 55-60% m.g. riche en om\u00e9ga 3 et 6": 11.916666666666666, "margarine ordinaire  60% m.g. ajout\u00e9e \u00e0 la cuisson": 9.743589743589743, "margarine all\u00e9g\u00e9e  40% m.g. ajout\u00e9e \u00e0 la cuisson": 9.634146341463415, "margarine ordinaire 60% m.g. ajout\u00e9e au service": 10.833333333333334, "mati\u00e8re grasse l\u00e9g\u00e8re 38-41% m.g. \u00e0 tartiner": 17.1875, "mati\u00e8re grasse l\u00e9g\u00e8re 38-41% m.g. demi-sel tartiner": 3.2142857142857144, "margarine au tournesol  60% m.g. ajout\u00e9e \u00e0 la cuisson": 9.096385542168674, "margarine au tournesol en barquette 80% m.g. type fruit d'or": 14.238095238095237, "margarine ordinaire  70% ou 80% m.g. ajout\u00e9e \u00e0 la cuisson": 9.385964912280702}}}