{"huile": {"sans": {"huile d'arachide ajout\u00e9e au service": 10.0, "autre huile v\u00e9g\u00e9tale": 13.2, "huile m\u00e9lang\u00e9e (type isio 4) ajout\u00e9e au service": 9.363636363636363, "huile de colza ajout\u00e9e \u00e0 la cuisson": 11.538461538461538, "huile d'olive vierge": 11.916083916083917, "huile de noix": 8.894736842105264, "huile de noix ajout\u00e9e au service": 10.0, "huile de p\u00e9pins de raisin": 14.6, "huile d'olive ajout\u00e9e au service": 10.90566037735849, "huile de colza ajout\u00e9e au service": 10.0, "huile d'olive ajout\u00e9e \u00e0 la cuisson": 10.457990115321252, "huile d'arachide ajout\u00e9e \u00e0 la cuisson": 10.0, "huile de p\u00e9pin de raisins ajout\u00e9e \u00e0 la cuisson": 8.727272727272727, "huile m\u00e9lang\u00e9e (type isio 4) ajout\u00e9e \u00e0 la cuisson": 10.292682926829269, "huile de colza": 7.444444444444445, "huile v\u00e9g\u00e9tale sans pr\u00e9cision": 13.265625, "huile m\u00e9lang\u00e9e \u00e9quilibr\u00e9e type isio 4": 12.241071428571429, "huile de tournesol ajout\u00e9e \u00e0 la cuisson": 9.989010989010989, "huile de tournesol ajout\u00e9e au service": 9.636363636363637, "huile d'arachide": 25.0, "huile de ma\u00efs": 20.0, "huile de tournesol": 12.532786885245901}}}