{"viande": {"autre viande": {"autre viande": 233.33333333333334, "cheval viande r\u00f4tie": 146.42857142857142, "brochette mixte de viande": 131.11111111111111, "viande cuite sans pr\u00e9cision": 88.2}, "b\u0153uf en pi\u00e8ces ou hach\u00e9": {"b\u0153uf \u00e0 pot-au-feu cuit": 200.0, "steak hach\u00e9 20% m.g. cuit": 165.0, "b\u0153uf boulettes cuites": 98.26923076923077, "b\u0153uf faux-filet grill\u00e9": 127.22222222222223, "brochette de b\u0153uf": 138.0, "steak hach\u00e9 5% m.g. cuit": 114.0, "steak hach\u00e9 10% m.g. cuit": 130.0, "carpaccio de boeuf": 110.0, "steak hach\u00e9 15% m.g. cuit": 130.47846889952154, "b\u0153uf brais\u00e9": 110.0, "fondue bourguignonne": 193.33333333333334, "boeuf bifteck grill\u00e9": 126.953125, "b\u0153uf \u00e0 bourguignon cuit": 103.0, "b\u0153uf entrec\u00f4te grill\u00e9e": 173.25, "b\u0153uf rosbif r\u00f4ti": 124.82758620689656, "steak hach\u00e9 5% m.g. cru": 182.5}, "porc": {"porc c\u00f4telette grill\u00e9e": 149.72222222222223, "porc filet r\u00f4ti maigre cuit": 99.72222222222223, "porc travers brais\u00e9": 115.35714285714286, "porc \u00e9chine r\u00f4tie": 199.71428571428572, "porc r\u00f4ti cuit": 94.05405405405405}, "agneau": {"agneau \u00e9paule r\u00f4tie": 121.25, "agneau c\u00f4telette grill\u00e9e": 123.70370370370371, "brochette d'agneau": 100.0, "agneau gigot r\u00f4ti": 105.15151515151516}, "veau": {"veau escalope cuite": 113.94736842105263, "veau r\u00f4ti": 102.06896551724138, "veau filet r\u00f4ti": 134.16666666666666, "veau c\u00f4te cuite": 131.25, "veau mijot\u00e9": 108.07692307692308, "veau escalope pan\u00e9e": 115.0}}}