{"charcuterie": {"p\u00e2t\u00e9s, terrines, rillettes et foie gras": {"foie gras en conserve": 40.0, "p\u00e2t\u00e9 de t\u00eate ou fromage de t\u00eate": 102.53333333333333, "p\u00e2t\u00e9 de campagne": 49.829268292682926, "galantine": 38.0, "mousse de foie": 25.0, "p\u00e2t\u00e9 de foie de porc": 63.5, "rillettes pur porc": 41.666666666666664, "p\u00e2t\u00e9 de lapin": 58.25, "rillettes": 44.857142857142854, "p\u00e2t\u00e9 de foie de volaille": 37.666666666666664, "p\u00e2t\u00e9 en cro\u00fbte": 113.515625, "foie gras de canard entier en conserve": 55.0, "terrine de canard": 32.333333333333336}, "autre charcuterie ou charcuterie  sans pr\u00e9cision": {"charcuterie sans pr\u00e9cision": 72.5, "autre charcuterie": 105.48571428571428}, "saucisses, saucissons, andouilles et boudins": {"saucisse de morteau cuite": 121.0, "mortadelle": 37.1, "chorizo sec": 34.857142857142854, "saucisse s\u00e8che": 35.92857142857143, "saucisson sec pur porc": 34.8, "saucisse de francfort": 70.0, "boudin noir cuit": 138.2258064516129, "saucisse alsacienne fum\u00e9e ou gendarme": 79.16666666666667, "saucisse cocktail": 66.18181818181819, "rosette ou fuseau": 37.6, "saucisson sec": 38.02272727272727, "chair \u00e0 saucisse": 59.166666666666664, "salami": 43.833333333333336, "chipolata cuite": 65.9090909090909, "andouillette r\u00e9chauff\u00e9e": 140.39285714285714, "merguez de b\u0153uf et de mouton cuite": 96.32352941176471, "boudin blanc cuit": 111.11111111111111, "saucisson \u00e0 l'ail": 37.666666666666664, "saucisse de toulouse cuite": 194.16666666666666, "cervelas": 70.6, "saucisse de montb\u00e9liard": 104.6, "saucisse sans pr\u00e9cision": 86.52777777777777, "saucisse de strasbourg": 69.58823529411765}, "jambons et charcuteries en pi\u00e8ces": {"jambon cuit sup\u00e9rieur dd (d\u00e9couenn\u00e9 d\u00e9graiss\u00e9)": 86.0, "jambon cuit": 55.20522388059702, "poitrine de porc fum\u00e9e": 59.333333333333336, "coppa": 15.0, "jambon cuit fum\u00e9": 72.5, "lardon nature cuit": 25.066326530612244, "jambon cuit sup\u00e9rieur": 68.23529411764706, "jambon cru fum\u00e9": 51.333333333333336, "jambon cuit dd (d\u00e9couenn\u00e9 d\u00e9graiss\u00e9)": 53.3, "pancetta ou poitrine roul\u00e9e s\u00e8che": 13.0, "jambon sec dd (d\u00e9couenn\u00e9 d\u00e9graiss\u00e9)": 38.1, "jambon cru": 51.32183908045977, "jambonneau cuit": 73.33333333333333, "bacon filet cuit": 35.27272727272727}}}