;reg_code;reg_name;entries_num;indiv_num;mean_qte_brute
0;1;Région Parisienne;49;14;12.1836734694
1;2;Champagne;0;3;
2;3;Picardie;0;1;
3;4;Haute-Normandie;1;4;10.0
4;5;Centre;12;8;7.91666666667
5;6;Basse-Normandie;8;5;10.0
6;7;Bourgogne;20;4;9.3
7;8;Nord;17;3;8.88235294118
8;9;Lorraine;48;11;10.625
9;10;Alsace;11;6;22.4545454545
10;11;Franche Comté;19;2;9.42105263158
11;12;Pays de la Loire;5;5;10.8
12;13;Bretagne;37;9;9.83783783784
13;14;Poitou Charentes;40;9;12.375
14;15;Aquitaine;32;13;11.34375
15;16;Midi-Pyrénées;18;5;14.6666666667
16;17;limousin;0;0;
17;18;Rhône-Alpes;19;6;7.84210526316
18;19;Auvergne;3;4;10.0
19;20;Languedoc;50;9;11.56
20;21;Provence Côte d'Azur;23;7;8.39130434783
