;reg_code;reg_name;entries_num;indiv_num;mean
0;1;Région Parisienne;68;14;23.4955882353
1;2;Champagne;37;8;23.5675675676
2;3;Picardie;61;9;12.0754098361
3;4;Haute-Normandie;43;9;16.0895348837
4;5;Centre;31;6;17.9838709677
5;6;Basse-Normandie;76;7;12.8809210526
6;7;Bourgogne;13;2;22.6538461538
7;8;Nord;48;6;12.2083333333
8;9;Lorraine;52;9;21.5778846154
9;10;Alsace;111;12;19.6103603604
10;11;Franche Comté;29;2;11.1206896552
11;12;Pays de la Loire;101;13;15.8143564356
12;13;Bretagne;49;9;23.9489795918
13;14;Poitou Charentes;42;8;17.55
14;15;Aquitaine;158;22;19.8123417722
15;16;Midi-Pyrénées;44;5;5.82954545455
16;17;limousin;0;0;
17;18;Rhône-Alpes;97;13;17.0806185567
18;19;Auvergne;50;5;15.145
19;20;Languedoc;115;12;15.2626086957
20;21;Provence Côte d'Azur;64;11;16.61109375
