{"condiments et sauces": {"condiments d'assaisonnement": {"ail frais": 2.1184210526315788, "vinaigre": 9.020689655172415, "cube pour bouillon de b\u0153uf": 3.6, "concentr\u00e9 de tomate": 31.071428571428573, "sauce de soja": 30.0}, "condiments d'accompagnement": {"c\u00e2pres": 10.0, "olive verte en saumure": 13.923076923076923, "olive noire en saumure": 10.0, "moutarde": 7.46969696969697, "cornichon au vinaigre": 28.933333333333334, "tapenade d'olives": 30.0, "ketchup": 30.0}, "herbes aromatiques": {"basilic frais": 1.6000000000000003, "persil frais": 7.25, "thym sec": 1.8, "ciboule ou ciboulette fra\u00eeche": 5.0, "cerfeuil frais": 1.25, "herbes aromatiques fra\u00eeches": 0.7999999999999999}, "sauces": {"vinaigrette all\u00e9g\u00e9e ajout\u00e9e au service": 20.0, "sauce au yaourt": 15.0, "vinaigrette ajout\u00e9e au service": 20.0, "sauce tomate sans viande": 29.294871794871796, "sauce sans pr\u00e9cision": 25.0, "sauce \u00e0 la cr\u00e8me aux \u00e9pices": 40.714285714285715, "vinaigrette sans pr\u00e9cision": 26.297101449275363, "sauce \u00e0 la cr\u00e8me aux herbes": 22.5, "sauce \u00e0 la cr\u00e8me": 25.3125, "sauce au vin rouge": 36.0, "sauce barbecue": 5.0, "mayonnaise ajout\u00e9e au service": 15.0, "sauce aux champignons": 40.0, "sauce aigre-douce": 37.5, "mayonnaise": 12.115384615384615, "sauce au beurre": 42.5, "mayonnaise all\u00e9g\u00e9e": 11.333333333333334, "vinaigrette all\u00e9g\u00e9e": 24.473684210526315, "sauce au curry": 15.0, "sauce tomate \u00e0 la viande ou bolognaise type panzani ou buitoni": 67.27272727272727, "sauce moutarde": 15.0, "sauce au fromage blanc ajout\u00e9e au service": 20.0, "autre sauce": 30.0, "vinaigrette \u00e0 l'huile d'olive": 26.72, "sauce b\u00e9chamel en brique": 46.973684210526315}, "sel et \u00e9pices": {"curry en poudre": 1.1388888888888888, "poivre noir moulu": 1.2, "cumin en graines": 2.0, "sel fin ou gros": 2.44, "cannelle": 4.0, "sel de mer": 3.6666666666666665, "\u00e9pices sans pr\u00e9cision": 1.2884615384615385}}}