{"volaille et gibier": {"gibier": {"chevreuil r\u00f4ti": 147.14285714285714, "sanglier r\u00f4ti": 50.0, "autre gibier": 178.33333333333334}, "volailles et lapins": {"poule viande bouillie": 175.0, "blanc de poulet cuit": 83.66, "poulet cuisse r\u00f4tie viande et peau": 178.0, "dinde viande r\u00f4tie": 138.86666666666667, "lapin en rago\u00fbt": 130.0, "lapin viande cuite": 135.3846153846154, "pigeon viande r\u00f4tie": 200.0, "confit de canard": 117.5, "brochette de volaille": 100.0, "poule bouillie viande et peau": 173.75, "dinde ou autre volaille escalope saut\u00e9e": 102.63888888888889, "canard viande r\u00f4tie": 162.14285714285714, "canard magret cuit \u00e0 la po\u00eale": 89.0, "autre volaille cuite": 112.0, "caille cuite viande et peau": 150.0, "poulet r\u00f4ti viande et peau": 181.66538461538462}}}