{"lait": {"lait aromatis\u00e9": {"lait demi-\u00e9cr\u00e9m\u00e9 aromatis\u00e9 \u00e0 la fraise": 200.0, "lait demi-\u00e9cr\u00e9m\u00e9 aromatis\u00e9 au chocolat": 233.33333333333334}, "lait concentr\u00e9 ou en poudre": {"lait entier concentr\u00e9 non sucr\u00e9": 20.0, "lait entier concentr\u00e9 sucr\u00e9": 20.0, "lait \u00e9cr\u00e9m\u00e9 en poudre": 10.0}, "lait en bouteille ou en brique": {"lait demi-\u00e9cr\u00e9m\u00e9 pasteuris\u00e9": 150.0, "lait demi-\u00e9cr\u00e9m\u00e9 uht \u00e0 teneur garantie en vitamines": 250.0, "lait demi-\u00e9cr\u00e9m\u00e9 en poudre": 15.0, "lait entier uht": 350.0, "lait entier pasteuris\u00e9": 300.0, "lait \u00e9cr\u00e9m\u00e9 uht": 174.8695652173913, "lait demi-\u00e9cr\u00e9m\u00e9 uht": 220.9322033898305, "lait \u00e9cr\u00e9m\u00e9 uht \u00e0 teneur garantie en vitamines": 350.0}, "autre lait": {"autre lait": 122.6}}}