{"l\u00e9gumes (hors pommes de terre)": {"champignons": {"champignon tout type cru sans pr\u00e9cision": 100.0, "champignon tout type en conserve": 82.6, "champignon de paris en conserve": 50.0, "champignon de paris saut\u00e9": 28.75}, "m\u00e9langes de l\u00e9gumes, l\u00e9gumes pr\u00e9par\u00e9s et autres l\u00e9gumes": {"ratatouille ni\u00e7oise": 169.34782608695653, "l\u00e9gume en pur\u00e9e hors pomme de terre non sal\u00e9": 148.0, "crudit\u00e9s vinaigrette sans pr\u00e9cision": 108.33333333333333, "c\u00e9leri r\u00e9moulade": 90.0, "pulpe de tomate en conserve": 54.0, "petits pois et carottes en conserve": 141.66666666666666, "l\u00e9gumes cuits sans pr\u00e9cision": 133.33333333333334, "autre l\u00e9gume frais ou crudit\u00e9, sans assaisonnement": 23.333333333333332, "mac\u00e9doine de l\u00e9gumes en conserve": 130.6875, "l\u00e9gumes m\u00e9lang\u00e9s surgel\u00e9s": 156.375, "terrine ou mousse de l\u00e9gumes": 44.0, "choucroute sans garniture": 112.5}, "choux": {"chou-fleur cuit": 176.42857142857142, "chou vert cuit": 125.0, "chou blanc cru": 83.33333333333333, "chou rouge cru": 62.5, "chou rouge cuit \u00e0 l'eau": 50.0, "brocoli cuit": 113.14285714285714, "chou de bruxelles cuit": 77.6}, "l\u00e9gumes tiges": {"asperge cuite": 85.0, "artichaut cuit": 214.54545454545453, "germe ou pousse de soja en conserve": 50.0, "germe ou pousse de soja cru": 50.0, "poireau cuit": 100.0, "fenouil cuit \u00e0 l'eau": 100.0, "c\u0153ur de palmier en conserve": 36.0, "asperge en conserve": 93.78571428571429, "c\u00e9leri branche en conserve": 175.0}, "haricots verts et petits pois (l\u00e9gumes potagers)": {"haricot vert surgel\u00e9 cuit": 119.76923076923077, "haricot beurre en conserve": 100.0, "petit pois cuit": 102.27272727272727, "petit pois en conserve": 107.65217391304348, "haricot vert cuit": 119.2, "haricot vert en conserve \u00e9goutt\u00e9": 133.4047619047619}, "l\u00e9gumes racines, tubercules ou bulbes": {"oignon cuit": 23.930555555555557, "salsifis en conserve": 138.0, "oignon cru": 15.0, "carotte en conserve": 280.0, "radis rouge cru": 48.92857142857143, "\u00e9chalote crue": 8.305555555555555, "betterave rouge cuite": 70.8695652173913, "radis noir cru": 50.0, "navet cuit": 250.0, "c\u00e9leri-rave cru": 66.66666666666667, "carotte cuite": 93.52941176470588, "carotte crue": 80.97826086956522}, "l\u00e9gumes fruits": {"tomate cerise crue": 23.333333333333332, "poivron vert jaune ou rouge cru": 50.0, "ma\u00efs doux en conserve": 61.36363636363637, "aubergine cuite": 26.0, "poivron vert jaune ou rouge cuit": 121.42857142857143, "poivron rouge cuit": 29.0, "tomate pel\u00e9e en conserve": 20.0, "concombre cru pulpe": 93.26923076923077, "tomate crue": 100.62251655629139, "avocat frais": 80.94444444444444, "courgette cuite": 89.05882352941177}, "l\u00e9gumes feuilles": {"scarole crue": 46.666666666666664, "endive cuite": 160.1304347826087, "chicor\u00e9e fris\u00e9e crue": 40.0, "m\u00e2che crue": 35.45454545454545, "autre salade sans assaisonnement": 42.708333333333336, "laitue cuite": 60.0, "laitue crue": 35.38461538461539, "\u00e9pinard cuit": 109.33333333333333, "salade verte sans assaisonnement sans pr\u00e9cision": 35.51282051282051, "bette ou blette cuite": 138.0, "pissenlit cru": 33.333333333333336, "endive crue": 33.541666666666664}}}