{"pâtes": {"pâtes alimentaires": {"pâtes alimentaires aux oeufs cuites": 128.57142857142858, "pâtes alimentaires cuites": 150.28729281767957}}}