{"p\u00e2tisseries et g\u00e2teaux": {"p\u00e2tisseries et tartes": {"tarte ou tartelette aux pommes": 208.2, "p\u00e2tisserie orientale aux amandes et au sirop": 20.0, "p\u00e2tisserie sans pr\u00e9cision": 122.91666666666667, "crumble aux pommes": 70.0, "millefeuille": 120.0, "chou \u00e0 la cr\u00e8me chantilly ou p\u00e2tissi\u00e8re": 81.5, "tarte ou tartelette aux fruits": 198.6764705882353, "autre p\u00e2tisserie": 201.0, "\u00e9clair": 66.75}, "g\u00e2teaux": {"g\u00e2teau moelleux fourr\u00e9 au chocolat ou aux p\u00e9pites de chocolat noir ou au lait": 46.142857142857146, "pain d'\u00e9pices": 29.789473684210527, "autre g\u00e2teau": 73.25, "g\u00e2teau au chocolat": 95.33333333333333, "g\u00e2teau moelleux fourr\u00e9 au chocolat multicouches type napolitain lu ou kinder d\u00e9l": 67.0, "muffin": 60.9375, "galette des rois feuillet\u00e9e fourr\u00e9e \u00e0 la frangipane": 149.44444444444446, "charlotte aux fruits artisanale": 113.33333333333333, "g\u00e2teau au fromage blanc": 83.33333333333333, "g\u00e2teau moelleux fourr\u00e9 aux fruits type mini roul\u00e9 fraise captain choc": 80.0, "baba au rhum": 100.0, "cake aux fruits": 50.5, "madeleine": 72.04545454545455, "g\u00e2teau \u00e0 la cr\u00e8me": 112.33333333333333, "g\u00e2teau sans pr\u00e9cision": 156.625, "g\u00e2teau mousse aux fruits sur g\u00e9noise type miroir aux fruits rouges de picard": 103.18181818181819, "brownie au chocolat": 80.0, "quatre-quarts fabrication industrielle": 48.666666666666664}, "beignets, cr\u00eapes et gaufres": {"cr\u00eape au froment fourr\u00e9e au chocolat ou ou \u00e0 la p\u00e2te \u00e0 tartiner chocolat et nois": 40.0, "beignet sucr\u00e9 nature": 35.0, "blinis": 20.0, "cr\u00eape au froment sucr\u00e9e non fourr\u00e9e": 100.0, "beignet fourr\u00e9 aux fruits": 35.583333333333336, "cr\u00eape au froment nature": 198.05555555555554, "pain perdu": 30.0, "gaufre bruxelloise ou li\u00e9geoise avec ou sans chocolat pr\u00e9emball\u00e9e": 78.75, "beignet fourr\u00e9 \u00e0 la confiture": 35.0}}}