{"p\u00e2tes": {"p\u00e2tes alimentaires": {"p\u00e2tes alimentaires aux oeufs cuites": 128.57142857142858, "p\u00e2tes alimentaires cuites": 150.28729281767957}}}