{"pommes de terre et apparent\u00e9s": {"sans": {"pur\u00e9e de pomme de terre avec lait et beurre non sal\u00e9e": 174.390243902439, "pomme de terre rissol\u00e9e surgel\u00e9e": 156.15384615384616, "pur\u00e9e de pomme de terre \u00e0 base de flocons reconstitu\u00e9e au lait demi-\u00e9cr\u00e9m\u00e9": 163.76, "pomme de terre dauphine cuite": 100.0, "gnocchis de pommes de terre": 106.25, "pomme de terre frite surgel\u00e9e cuite": 88.6029411764706, "pomme de terre cuite \u00e0 la vapeur": 235.0, "pomme noisette pr\u00e9cuite surgel\u00e9e": 83.33333333333333, "pomme de terre cuite au four": 155.71428571428572, "pomme de terre frite non sal\u00e9e": 87.5, "patate douce cuite": 105.0, "pomme de terre cuite \u00e0 l'eau": 198.02739726027397}}}