{"charcuterie": {"p\u00e2t\u00e9s, terrines, rillettes et foie gras": {"foie gras en conserve": 51.625, "p\u00e2t\u00e9 de t\u00eate ou fromage de t\u00eate": 85.0, "p\u00e2t\u00e9 de campagne": 62.28, "p\u00e2t\u00e9 en cro\u00fbte": 115.5, "mousse de foie": 13.0, "p\u00e2t\u00e9 de foie de porc": 52.166666666666664, "rillettes pur porc": 25.0, "rillettes": 43.833333333333336, "p\u00e2t\u00e9 de foie de volaille": 37.666666666666664, "terrine de canard": 55.0}, "autre charcuterie ou charcuterie  sans pr\u00e9cision": {"charcuterie sans pr\u00e9cision": 60.0, "autre charcuterie": 56.3}, "saucisses, saucissons, andouilles et boudins": {"saucisse cocktail": 54.333333333333336, "saucisse de morteau cuite": 74.0, "saucisson sec pur porc": 13.0, "cervelas": 40.35, "saucisse de montb\u00e9liard": 75.0, "saucisson sec": 34.964285714285715, "rosette ou fuseau": 32.57142857142857, "chair \u00e0 saucisse": 100.0, "salami": 44.166666666666664, "chipolata cuite": 73.33333333333333, "andouillette r\u00e9chauff\u00e9e": 135.0, "merguez de b\u0153uf et de mouton cuite": 86.95652173913044, "boudin blanc cuit": 95.83333333333333, "boudin noir cuit": 108.75, "mortadelle": 31.25, "saucisse s\u00e8che": 33.0, "saucisse alsacienne fum\u00e9e ou gendarme": 140.75, "saucisson \u00e0 l'ail": 50.0, "saucisse sans pr\u00e9cision": 69.35, "chorizo sec": 35.833333333333336, "saucisse de strasbourg": 71.66666666666667}, "jambons et charcuteries en pi\u00e8ces": {"jambon cuit dd (d\u00e9couenn\u00e9 d\u00e9graiss\u00e9)": 25.0, "jambon cuit": 59.26335877862596, "lardon ou bacon fum\u00e9 cuit": 34.5, "poitrine de porc fum\u00e9e": 76.0, "coppa": 13.0, "lardon nature cuit": 21.647058823529413, "jambon cuit sup\u00e9rieur": 50.0, "jambon cru fum\u00e9": 60.0, "jambon sec dd (d\u00e9couenn\u00e9 d\u00e9graiss\u00e9)": 52.5, "jambon cru": 87.05882352941177, "jambonneau cuit": 206.66666666666666, "bacon filet cuit": 35.0}}}