{"region_2_partitions_foodgrp_30": {"sucres et dérivés": {"confiserie": {"bonbons gélifiés": 55.6, "meringue": 50.0, "chewing-gum sucré": 3.5, "confiserie dragéifiée au chocolat type smarties": 22.75, "bonbons tout type sauf gélifiés": 30.833333333333332, "chewing-gum sans sucre": 25.8125, "nougat ou touron": 16.25}, "confiture et miel": {"miel": 11.482142857142858, "confiture de cerise": 11.25, "confiture ajoutée au service": 11.0, "confiture d'orange": 30.0, "confiture de fraise": 22.954545454545453, "confiture d'abricot": 13.333333333333334, "confiture ou marmelade tout type": 31.495726495726494, "confiture allégée": 28.571428571428573}, "sucre et assimilés": {"sucre roux": 9.043478260869565, "sucre blanc": 8.521468926553672, "sucre blanc ajouté au service": 7.204968944099379, "sucre allégé type tutti free": 19.53230769230769}}}}