{"eaux": {"eau minérale plate": {"vittel eau plate": 283.93203883495147, "wattwiller eau plate": 198.0, "saint amand vauban eau plate": 310.0, "aix les bains eau plate": 285.4166666666667, "luchon eau plate": 400.0, "évian eau plate": 303.1645569620253, "hépar eau plate": 230.71428571428572, "eau minérale plate sans précision": 183.52941176470588, "valvert eau plate": 240.0, "contrex eau plate": 263.5507246376812, "thonon eau plate": 409.0, "volvic eau plate": 229.0909090909091, "chambon eau plate": 167.27272727272728, "courmayeur eau plate": 266.875}, "eau du robinet": {"eau du robinet": 307.1406491499227}, "eau minérale gazeuse": {"rozana eau gazeuse": 150.0, "san pellegrino eau gazeuse": 220.0, "eau gazeuse sans précision": 310.0, "perrier eau gazeuse": 235.0, "quézac eau gazeuse": 120.0, "badoit eau gazeuse": 322.0, "vichy célestins eau gazeuse": 500.0, "apollinaris eau gazeuse": 468.75, "arvie eau gazeuse": 325.7142857142857, "vals vivaraise eau gazeuse": 200.0}, "eau de source": {"eau de source": 282.7591706539075}, "autre eau": {"eau minérale sans précision": 327.28395061728395, "autre eau minérale": 567.2727272727273, "eau minérale ou non faiblement minéralisée": 457.14285714285717}}}