{"autres boissons chaudes": {"th\u00e9 et infusions": {"tisane infus\u00e9e non sucr\u00e9e": 269.55555555555554, "th\u00e9 infus\u00e9 non sucr\u00e9": 296.319018404908}, "cacao, poudres et boissons cacaot\u00e9es": {"poudre cacaot\u00e9e sucr\u00e9e enrichie pour boisson": 20.857142857142858, "poudre cacaot\u00e9e et sucr\u00e9e pour boisson au chocolat": 11.104477611940299, "cacao en poudre non sucr\u00e9 type van houten": 10.0, "boisson instantan\u00e9e cacaot\u00e9e enrichie en vitamines reconstitu\u00e9e": 250.0, "boisson instantan\u00e9e cacaot\u00e9e sucr\u00e9e reconstitu\u00e9e": 249.85294117647058}, "chicor\u00e9e et poudre malt\u00e9e": {"poudre malt\u00e9e et sucr\u00e9e pour boisson": 4.428571428571429, "poudre soluble \u00e0 base de chicor\u00e9e et de caf\u00e9 type ricor\u00e9": 2.5779220779220777, "chicor\u00e9e en poudre soluble type leroux": 10.0}}}