{"aliments destin\u00e9s \u00e0 une alimentation particuli\u00e8re": {"sans": {"\u00e9dulcorant \u00e0 l'aspartame": 0.9462068965517242, "petit d\u00e9jeuner pour b\u00e9b\u00e9 \u00e0 base de lait + c\u00e9r\u00e9ales ou farine type bl\u00e9di dej": 18.0, "g\u00e9latine": 30.0, "\u00e9dulcorant ajout\u00e9 au service": 0.10769230769230773}}}