{"region_2_partitions_foodgrp_13": {"beurre": {"sans": {"beurre doux léger 39-41% m.g.": 15.0, "beurre salé sel > 3%": 7.5, "beurre doux": 12.220264317180616, "beurre allégé sans précision": 12.5, "beurre salé non allégé ajouté à la cuisson": 8.333333333333334, "beurre allégé ajouté au service": 7.172413793103448, "beurre allégé ajouté à la cuisson": 8.235294117647058, "beurre salé non allégé ajoutée au service": 9.666666666666666, "beurre demi-sel sel maxi 3%": 16.818181818181817, "beurre doux non allégé ajouté à la cuisson": 8.860294117647058, "beurre doux non allégé ajoutée au service": 9.699530516431924}}}}