{"huile": {"sans": {"huile v\u00e9g\u00e9tale sans pr\u00e9cision": 13.666666666666666, "huile de colza": 16.555555555555557, "autre huile v\u00e9g\u00e9tale": 7.333333333333333, "huile d'arachide": 13.333333333333334, "huile de tournesol ajout\u00e9e au service": 10.0, "huile d'arachide ajout\u00e9e \u00e0 la cuisson": 12.0, "huile m\u00e9lang\u00e9e (type isio 4) ajout\u00e9e au service": 10.0, "huile m\u00e9lang\u00e9e \u00e9quilibr\u00e9e type isio 4": 18.94736842105263, "huile de colza ajout\u00e9e au service": 10.0, "huile d'olive ajout\u00e9e au service": 9.803921568627452, "huile de colza ajout\u00e9e \u00e0 la cuisson": 10.588235294117647, "huile m\u00e9lang\u00e9e (type isio 4) ajout\u00e9e \u00e0 la cuisson": 11.454545454545455, "huile de tournesol ajout\u00e9e \u00e0 la cuisson": 10.131147540983607, "huile d'olive ajout\u00e9e \u00e0 la cuisson": 10.916666666666666, "huile d'olive vierge": 11.589024390243901, "huile de tournesol": 15.703125}}}