{"oeufs et d\u00e9riv\u00e9s": {"sans": {"omelette nature cuite au beurre": 120.17857142857143, "oeuf dur": 71.1044776119403, "oeuf poch\u00e9": 60.0, "oeuf au plat sal\u00e9": 105.0, "omelette aux fines herbes": 150.0, "omelette aux champignons": 300.0, "oeuf \u00e0 la coque": 106.66666666666667, "oeufs brouill\u00e9s au beurre": 120.0}}}