{"fromages": {"fromages affin\u00e9s": {"fromage et mini fromage type bonbel-babybel": 28.571428571428573, "bleu et mini bleu de bresse fromage \u00e0 p\u00e2te persill\u00e9e 45% m.g.": 25.0, "comt\u00e9 fromage \u00e0 p\u00e2te press\u00e9e cuite 45% m.g.": 47.5, "emmental all\u00e9g\u00e9": 41.333333333333336, "reblochon fromage \u00e0 p\u00e2te press\u00e9e non cuite 45% m.g.": 37.5, "brie fromage \u00e0 p\u00e2te molle \u00e0 cro\u00fbte fleurie 45% m.g.": 36.0, "morbier fromage \u00e0 p\u00e2te press\u00e9e non cuite 45% m.g.": 14.0, "chamois d'or fromage \u00e0 p\u00e2te molle 60% m.g.": 30.0, "saint-paulin fromage \u00e0 p\u00e2te press\u00e9e non cuite 45-50% m.g.": 33.333333333333336, "fromage de ch\u00e8vre affin\u00e9 au lait pasteuris\u00e9 ou cru": 34.44444444444444, "coulommiers fromage \u00e0 p\u00e2te molle \u00e0 cro\u00fbte fleurie 40-45% m.g.": 39.642857142857146, "caprice des dieux fromage \u00e0 p\u00e2te molle 60% m.g.": 56.53846153846154, "selles-sur-cher fromage de ch\u00e8vre": 66.66666666666667, "fromage \u00e0 cuire pan\u00e9 au jambon type menu fromage": 75.0, "fromage de ch\u00e8vre mi-sec": 23.333333333333332, "emmental fromage \u00e0 p\u00e2te press\u00e9e cuite 45% m.g.": 69.14285714285714, "tome ou tomme fromage \u00e0 p\u00e2te press\u00e9e non cuite 45% m.g.": 38.0, "leerdammer fromage \u00e0 p\u00e2te press\u00e9e demi-cuite \u00e0 trous 45% m.g.": 35.0, "saint-nectaire fromage \u00e0 p\u00e2te press\u00e9e non cuite 45% m.g.": 25.0, "camembert et apparent\u00e9s 50% m.g.": 40.0, "raclette fromage \u00e0 p\u00e2te press\u00e9e non cuite 45% m.g.": 200.0, "mimolette fromage \u00e0 p\u00e2te press\u00e9e non cuite 45% m.g.": 30.0, "fromage sans pr\u00e9cision": 42.18390804597701, "gruy\u00e8re fromage \u00e0 p\u00e2te press\u00e9e cuite 45% m.g.": 31.305555555555557, "roquefort fromage de brebis \u00e0 p\u00e2te persill\u00e9e 52% m.g.": 34.375, "bleu d'auvergne fromage \u00e0 p\u00e2te persill\u00e9e 50% m.g.": 40.0, "fromage \u00e0 p\u00e2te molle \u00e0 cro\u00fbte fleurie genre camembert all\u00e9g\u00e9 20-30% m.g.": 56.666666666666664, "camembert sans pr\u00e9cision": 39.398148148148145, "sainte-maure fromage de ch\u00e8vre": 40.0, "saint albray fromage \u00e0 p\u00e2te molle 50% m.g.": 60.0, "rouy fromage \u00e0 p\u00e2te molle \u00e0 cro\u00fbte lav\u00e9e 40% m.g.": 37.5, "chaource fromage \u00e0 p\u00e2te molle \u00e0 cro\u00fbte fleurie 50% m.g.": 35.55555555555556, "fromage \u00e0 p\u00e2te press\u00e9e non cuite 40-50% m.g.": 31.25, "chaumes fromage \u00e0 p\u00e2te molle \u00e0 cro\u00fbte lav\u00e9e 50% m.g.": 60.0, "crottin fromage de ch\u00e8vre": 25.0, "autre fromage \u00e0 p\u00e2te press\u00e9e cuite": 24.0, "tomme de montagne ou tomme de savoie": 26.666666666666668, "fromage de ch\u00e8vre p\u00e2te molle": 40.0, "camembert fromage \u00e0 p\u00e2te molle \u00e0 cro\u00fbte fleurie 45% m.g.": 59.89795918367347, "\u00e9dam fromage \u00e0 p\u00e2te press\u00e9e non cuite 40-45% m.g.": 30.0, "fromage des pyr\u00e9n\u00e9es au lait de brebis": 10.0, "vieux pan\u00e9 fromage \u00e0 p\u00e2te molle 50% m.g.": 50.0, "maasdam fromage \u00e0 p\u00e2te press\u00e9e non cuite \u00e0 trous 45% m.g.": 60.0, "bleu au lait de vache fromage \u00e0 p\u00e2te persill\u00e9e sans pr\u00e9cision": 40.0, "gouda fromage \u00e0 p\u00e2te press\u00e9e non cuite 30-40% m.g.": 23.571428571428573, "munster fromage \u00e0 p\u00e2te molle \u00e0 cro\u00fbte lav\u00e9e 45-50% m.g.": 25.0}, "autres fromages ou fromage sans pr\u00e9cision": {"autre fromage": 30.833333333333332}, "fromages fondus": {"p'tit louis fromage fondu 65% m.g.": 20.0, "saint-moret fromage fondu demi-sel 30% m.g.": 31.666666666666668, "cancoillotte sp\u00e9cialit\u00e9 fromag\u00e8re fondue 40% m.g.": 15.0, "fromage de ch\u00e8vre fondu \u00e0 tartiner nature type cabrette ou chavroux": 15.0, "vache qui rit fromage fondu 50% m.g.": 25.44, "ap\u00e9ricube fromage fondu 50% m.g.": 28.75, "samos 99 fromage fondu double cr\u00e8me 70% m.g.": 25.0, "saint-moret all\u00e9g\u00e9 fromage fondu demi-sel 20% m.g.": 17.333333333333332, "fromage fondu 25% m.g. type sylphide ou vache qui rit \u00e9quilibre et ligne": 41.625, "kiri cr\u00e8me fromage fondu double cr\u00e8me 70% m.g.": 21.428571428571427}, "fromages frais non affin\u00e9s": {"f\u00e9ta de brebis": 40.0, "boursin fromage frais sal\u00e9 aromatis\u00e9 70% m.g.": 30.954545454545453, "fromage frais \u00e0 tartiner nature \u00e0 plus de 60% m.g.": 20.0, "carr\u00e9 frais fromage \u00e0 tartiner 40% m.g.": 41.666666666666664, "tartare fromage frais aromatis\u00e9 sal\u00e9 70% m.g.": 23.333333333333332, "ricotta": 30.0, "mozzarella": 35.0, "fromage frais \u00e0 tartiner 40-60% m.g": 60.0}}}