{"pain et panification s\u00e8che": {"biscottes et panification s\u00e8che": {"autre biscotte": 15.0, "pain grill\u00e9 au froment type tranches pain grill\u00e9 pelletier lu braisotte jacquet": 40.0, "biscotte compl\u00e8te ou riche en fibres": 32.22222222222222, "biscotte multic\u00e9r\u00e9ales type heudebert aux six c\u00e9r\u00e9ales": 24.0, "biscotte sans adjonction de sel": 40.0, "biscotte classique type heudebert lu": 15.86111111111111}, "autres produits de panification": {"chapelure ou panure": 8.0, "cro\u00fbtons": 18.5, "fougasse garnie": 70.0}, "pain": {"pain grill\u00e9 maison": 88.63013698630137, "pain aux c\u00e9r\u00e9ales artisanal": 77.77777777777777, "pain courant fran\u00e7ais boule \u00e0 la levure": 84.29411764705883, "pain sans pr\u00e9cision": 49.23076923076923, "pain brioch\u00e9 ou viennois": 42.94117647058823, "pain complet ou int\u00e9gral artisanal": 45.92857142857143, "autre pain": 79.16666666666667, "pain de mie": 56.61538461538461, "pain baguette": 60.39297475301866, "pain de campagne ou bis": 75.0}}}