{"riz et bl\u00e9 dur ou concass\u00e9": {"riz": {"riz blanc cuit": 138.54700854700855, "riz blanc \u00e9tuv\u00e9 cuit": 150.0, "riz complet cuit": 100.0}, "bl\u00e9": {"couscous (graine seule) semoule cuite": 130.43478260869566, "bl\u00e9 dur pr\u00e9cuit nature type ebly": 89.0}}}