{"l\u00e9gumes secs": {"l\u00e9gumes secs": {"pois cass\u00e9 cuit": 100.0, "haricot blanc cuit": 208.33333333333334, "haricot blanc en conserve": 200.0, "lentille cuite": 172.72727272727272, "pois chiche cuit": 25.0, "haricot flageolet en conserve": 141.57894736842104}, "l\u00e9gumes secs pr\u00e9par\u00e9s": {"lentille cuisin\u00e9e en conserve": 135.71428571428572}}}