{"fruits": {"sans": {"litchi sans pr\u00e9cision": 57.5, "fruit sans pr\u00e9cision": 100.0, "ananas frais": 73.33333333333333, "litchi frais": 26.0, "cerise fra\u00eeche": 218.75, "framboise fra\u00eeche": 112.5, "pamplemousse frais": 135.0, "raisin noir frais": 150.0, "salade de fruits frais": 62.5, "autre fruit": 55.0, "past\u00e8que fra\u00eeche": 450.0, "abricot frais": 165.2173913043478, "mirabelle fra\u00eeche": 142.5, "banane fra\u00eeche": 153.05194805194805, "kiwi frais": 93.88461538461539, "figue fra\u00eeche": 112.0, "mangue fra\u00eeche": 100.0, "raisin blanc frais": 176.94444444444446, "fraise fra\u00eeche": 182.6086956521739, "nectarine non pel\u00e9e fra\u00eeche": 135.9090909090909, "melon frais": 243.56382978723406, "orange fra\u00eeche": 166.0, "lime dit citron vert pulpe": 50.0, "kaki frais": 176.25, "fruits rouges frais (framboises, fraises, groseilles, cassis)": 50.0, "poire non pel\u00e9e fra\u00eeche": 158.5909090909091, "citron frais": 30.90909090909091, "prune reine-claude fra\u00eeche": 146.0, "cl\u00e9mentine ou mandarine fra\u00eeche": 150.10638297872342, "figue de barbarie": 200.0, "pomme non pel\u00e9e fra\u00eeche": 193.90816326530611, "p\u00eache non pel\u00e9e fra\u00eeche": 150.66666666666666}}}