{"region_2_partitions_foodgrp_26": {"fruits": {"sans": {"litchi sans précision": 57.5, "fruit sans précision": 100.0, "ananas frais": 73.33333333333333, "litchi frais": 26.0, "cerise fraîche": 218.75, "framboise fraîche": 112.5, "pamplemousse frais": 135.0, "raisin noir frais": 150.0, "salade de fruits frais": 62.5, "autre fruit": 55.0, "pastèque fraîche": 450.0, "abricot frais": 165.2173913043478, "mirabelle fraîche": 142.5, "banane fraîche": 153.05194805194805, "kiwi frais": 93.88461538461539, "figue fraîche": 112.0, "mangue fraîche": 100.0, "raisin blanc frais": 176.94444444444446, "fraise fraîche": 182.6086956521739, "nectarine non pelée fraîche": 135.9090909090909, "melon frais": 243.56382978723406, "orange fraîche": 166.0, "lime dit citron vert pulpe": 50.0, "kaki frais": 176.25, "fruits rouges frais (framboises, fraises, groseilles, cassis)": 50.0, "poire non pelée fraîche": 158.5909090909091, "citron frais": 30.90909090909091, "prune reine-claude fraîche": 146.0, "clémentine ou mandarine fraîche": 150.10638297872342, "figue de barbarie": 200.0, "pomme non pelée fraîche": 193.90816326530611, "pêche non pelée fraîche": 150.66666666666666}}}}