{"soupes et bouillons": {"potages et soupes": {"soupe poireau pomme de terre type fait maison": 344.44444444444446, "soupe aux champignons": 250.0, "soupe de poissons et/ou de crustac\u00e9s pr\u00e9emball\u00e9e \u00e0 r\u00e9chauffer": 250.0, "soupe \u00e0 la tomate pr\u00e9emball\u00e9e \u00e0 r\u00e9chauffer ou d\u00e9shydrat\u00e9e reconstitu\u00e9e": 322.72727272727275, "soupe aux l\u00e9gumes pr\u00e9emball\u00e9e \u00e0 r\u00e9chauffer": 320.0, "soupe aux l\u00e9gumes type fait maison": 307.2916666666667, "soupe aux lentilles": 350.0, "soupe aux l\u00e9gumes d\u00e9shydrat\u00e9e reconstitu\u00e9e": 471.42857142857144, "soupe chinoise": 381.25, "soupe poireau pomme de terre pr\u00e9emball\u00e9e \u00e0 r\u00e9chauffer": 300.0, "soupe au potiron": 316.6666666666667, "soupe \u00e0 l'oignon": 400.0, "soupe \u00e0 la volaille et aux vermicelles pr\u00e9emball\u00e9e \u00e0 r\u00e9chauffer ou d\u00e9shydrat\u00e9e r": 425.0}, "bouillons": {"bouillon v\u00e9g\u00e9tal": 325.0, "bouillon de viande et de l\u00e9gumes": 375.0, "bouillon de volaille d\u00e9shydrat\u00e9 reconstitu\u00e9 type bouillon de poule knorr": 342.85714285714283}}}