{"viennoiserie": {"sans": {"palmier artisanal": 24.0, "croissant au beurre artisanal": 68.54166666666667, "croissant sans pr\u00e9cision": 52.083333333333336, "brioche sans pr\u00e9cision": 51.55172413793103, "pain au chocolat feuillet\u00e9 artisanal": 64.68085106382979, "brioche industrielle pr\u00e9emball\u00e9e": 36.121212121212125, "chausson aux pommes": 107.5, "pain au lait artisanal": 67.93103448275862, "croissant ordinaire artisanal": 77.0}}}