{"sucres et d\u00e9riv\u00e9s": {"confiserie": {"bonbons g\u00e9lifi\u00e9s": 55.6, "meringue": 50.0, "chewing-gum sucr\u00e9": 3.5, "confiserie drag\u00e9ifi\u00e9e au chocolat type smarties": 22.75, "bonbons tout type sauf g\u00e9lifi\u00e9s": 30.833333333333332, "chewing-gum sans sucre": 25.8125, "nougat ou touron": 16.25}, "confiture et miel": {"miel": 11.482142857142858, "confiture de cerise": 11.25, "confiture ajout\u00e9e au service": 11.0, "confiture d'orange": 30.0, "confiture de fraise": 22.954545454545453, "confiture d'abricot": 13.333333333333334, "confiture ou marmelade tout type": 31.495726495726494, "confiture all\u00e9g\u00e9e": 28.571428571428573}, "sucre et assimil\u00e9s": {"sucre roux": 9.043478260869565, "sucre blanc": 8.521468926553672, "sucre blanc ajout\u00e9 au service": 7.204968944099379, "sucre all\u00e9g\u00e9 type tutti free": 19.53230769230769}}}