{"viande": {"autre viande": {"autre viande": 100.0, "cheval viande r\u00f4tie": 135.0, "viande cuite sans pr\u00e9cision": 107.27272727272727}, "b\u0153uf en pi\u00e8ces ou hach\u00e9": {"b\u0153uf \u00e0 pot-au-feu cuit": 40.0, "steak hach\u00e9 20% m.g. cuit": 80.0, "b\u0153uf boulettes cuites": 78.0, "b\u0153uf faux-filet grill\u00e9": 197.5, "brochette de b\u0153uf": 137.5, "steak hach\u00e9 5% m.g. cuit": 129.0, "steak hach\u00e9 15% m.g. cuit": 129.1044776119403, "b\u0153uf brais\u00e9": 40.0, "fondue bourguignonne": 80.0, "boeuf bifteck grill\u00e9": 127.10526315789474, "b\u0153uf \u00e0 bourguignon cuit": 102.25, "b\u0153uf entrec\u00f4te grill\u00e9e": 162.0, "b\u0153uf rosbif r\u00f4ti": 111.4}, "porc": {"porc c\u00f4telette grill\u00e9e": 132.5142857142857, "porc filet r\u00f4ti maigre cuit": 102.0, "porc travers brais\u00e9": 100.76923076923077, "porc \u00e9chine r\u00f4tie": 105.0, "porc r\u00f4ti cuit": 98.48484848484848}, "agneau": {"agneau c\u00f4telette grill\u00e9e": 210.0, "agneau gigot r\u00f4ti": 97.08333333333333}, "veau": {"veau escalope cuite": 115.625, "veau r\u00f4ti": 158.71428571428572, "veau filet r\u00f4ti": 95.0, "veau c\u00f4te cuite": 122.0, "veau mijot\u00e9": 111.11111111111111, "veau escalope pan\u00e9e": 100.0}}}