{"region_2_partitions_foodgrp_14": {"huile": {"sans": {"huile végétale sans précision": 13.666666666666666, "huile de colza": 16.555555555555557, "autre huile végétale": 7.333333333333333, "huile d'arachide": 13.333333333333334, "huile de tournesol ajoutée au service": 10.0, "huile d'arachide ajoutée à la cuisson": 12.0, "huile mélangée (type isio 4) ajoutée au service": 10.0, "huile mélangée équilibrée type isio 4": 18.94736842105263, "huile de colza ajoutée au service": 10.0, "huile d'olive ajoutée au service": 9.803921568627452, "huile de colza ajoutée à la cuisson": 10.588235294117647, "huile mélangée (type isio 4) ajoutée à la cuisson": 11.454545454545455, "huile de tournesol ajoutée à la cuisson": 10.131147540983607, "huile d'olive ajoutée à la cuisson": 10.916666666666666, "huile d'olive vierge": 11.589024390243901, "huile de tournesol": 15.703125}}}}