{"boissons alcoolis\u00e9es": {"cidre": {"cidre": 365.0}, "spiritueux et vins cuits": {"eau-de-vie": 60.0, "porto": 55.357142857142854, "rhum": 30.0, "ap\u00e9ritif \u00e0 la gentiane": 50.0, "vin doux naturel ou vin mut\u00e9 autre que porto type muscat banyuls ou maury": 74.33333333333333, "ap\u00e9ritif \u00e0 base de vin ou vermouth type martini": 131.25, "liqueurs": 75.0, "whisky": 58.8235294117647}, "vin": {"vin sans pr\u00e9cision": 181.75, "vin rouge 11\u00b0": 358.3333333333333, "vin blanc 11\u00b0": 117.38888888888889, "vin rouge 12\u00b0": 216.25, "vin rouge 10\u00b0": 151.11111111111111, "vin blanc mousseux": 200.0, "champagne": 224.11764705882354, "vin ros\u00e9 11\u00b0": 170.88235294117646}, "cocktails et m\u00e9langes": {"cocktail alcoolis\u00e9": 250.0, "sangria": 120.0, "panach\u00e9": 540.0, "pastis pr\u00eat \u00e0 boire (1+5)": 200.0, "p\u00e9tillant de fruits": 300.0, "kir": 100.0, "kir royal": 300.0}, "bi\u00e8re": {"bi\u00e8re sp\u00e9ciale \u00e0 5-6\u00b0 d'alcool type 1664 pelforth ambr\u00e9e ou fischer heineken": 290.0, "bi\u00e8re de sp\u00e9cialit\u00e9s ou d'abbaye r\u00e9gionales ou de brasserie degr\u00e9 d'alcool varia": 352.5, "bi\u00e8re brune": 250.0, "bi\u00e8re c\u0153ur de march\u00e9 \u00e0 4-5\u00b0 d'alcool type kronenbourg ou 33 export": 402.77777777777777}}}