{"caf\u00e9": {"sans": {"caf\u00e9 soluble d\u00e9caf\u00e9in\u00e9 reconstitu\u00e9 pr\u00eat \u00e0 boire non sucr\u00e9": 110.0, "caf\u00e9 soluble en poudre": 2.6, "caf\u00e9 au lait ou caf\u00e9 cr\u00e8me ou cappuccino non sucr\u00e9": 298.75, "caf\u00e9 soluble reconstitu\u00e9 pr\u00eat \u00e0 boire non sucr\u00e9": 255.06578947368422, "caf\u00e9 expresso non sucr\u00e9": 121.17647058823529, "caf\u00e9 noir pr\u00eat \u00e0 boire non sucr\u00e9": 223.27309236947792, "caf\u00e9 d\u00e9caf\u00e9in\u00e9 pr\u00eat \u00e0 boire non sucr\u00e9": 158.57142857142858}}}