{"beurre": {"sans": {"beurre doux l\u00e9ger 39-41% m.g.": 15.0, "beurre sal\u00e9 sel > 3%": 7.5, "beurre doux": 12.220264317180616, "beurre all\u00e9g\u00e9 sans pr\u00e9cision": 12.5, "beurre sal\u00e9 non all\u00e9g\u00e9 ajout\u00e9 \u00e0 la cuisson": 8.333333333333334, "beurre all\u00e9g\u00e9 ajout\u00e9 au service": 7.172413793103448, "beurre all\u00e9g\u00e9 ajout\u00e9 \u00e0 la cuisson": 8.235294117647058, "beurre sal\u00e9 non all\u00e9g\u00e9 ajout\u00e9e au service": 9.666666666666666, "beurre demi-sel sel maxi 3%": 16.818181818181817, "beurre doux non all\u00e9g\u00e9 ajout\u00e9 \u00e0 la cuisson": 8.860294117647058, "beurre doux non all\u00e9g\u00e9 ajout\u00e9e au service": 9.699530516431924}}}