{"café": {"sans": {"café soluble décaféiné reconstitué prêt à boire non sucré": 196.57894736842104, "café soluble en poudre": 4.052631578947368, "café au lait ou café crème ou cappuccino non sucré": 278.57142857142856, "café soluble reconstitué prêt à boire non sucré": 497.3529411764706, "café expresso non sucré": 151.25, "café noir prêt à boire non sucré": 229.24931129476585, "café décaféiné prêt à boire non sucré": 163.84615384615384}}}