{"fromages": {"fromages affin\u00e9s": {"fromage et mini fromage type bonbel-babybel": 28.6, "bleu et mini bleu de bresse fromage \u00e0 p\u00e2te persill\u00e9e 45% m.g.": 27.5, "comt\u00e9 fromage \u00e0 p\u00e2te press\u00e9e cuite 45% m.g.": 33.333333333333336, "emmental all\u00e9g\u00e9": 35.55555555555556, "reblochon fromage \u00e0 p\u00e2te press\u00e9e non cuite 45% m.g.": 40.0, "brie fromage \u00e0 p\u00e2te molle \u00e0 cro\u00fbte fleurie 45% m.g.": 34.31818181818182, "\u00e9poisses fromage \u00e0 p\u00e2te molle \u00e0 cro\u00fbte lav\u00e9e 45% m.g.": 30.0, "morbier fromage \u00e0 p\u00e2te press\u00e9e non cuite 45% m.g.": 45.0, "fourme d'ambert fromage \u00e0 p\u00e2te persill\u00e9e 50% m.g.": 30.0, "port salut fromage \u00e0 p\u00e2te press\u00e9e non cuite \u00e0 cro\u00fbte lav\u00e9e 50% m.g.": 49.0, "saint-paulin fromage \u00e0 p\u00e2te press\u00e9e non cuite 45-50% m.g.": 20.0, "fromage de ch\u00e8vre affin\u00e9 au lait pasteuris\u00e9 ou cru": 25.714285714285715, "coulommiers fromage \u00e0 p\u00e2te molle \u00e0 cro\u00fbte fleurie 40-45% m.g.": 32.30769230769231, "caprice des dieux fromage \u00e0 p\u00e2te molle 60% m.g.": 40.3125, "tomme de montagne ou tomme de savoie": 50.90909090909091, "livarot fromage \u00e0 p\u00e2te molle \u00e0 cro\u00fbte lav\u00e9e 40% m.g.": 20.0, "parmesan fromage \u00e0 p\u00e2te press\u00e9e cuite 45% m.g.": 21.333333333333332, "fromage \u00e0 cuire pan\u00e9 au jambon type menu fromage": 76.66666666666667, "fromage de ch\u00e8vre mi-sec": 32.916666666666664, "emmental fromage \u00e0 p\u00e2te press\u00e9e cuite 45% m.g.": 38.0, "carr\u00e9 de l'est fromage \u00e0 p\u00e2te molle \u00e0 cro\u00fbte fleurie 45-50% m.g.": 30.0, "leerdammer fromage \u00e0 p\u00e2te press\u00e9e demi-cuite \u00e0 trous 45% m.g.": 38.333333333333336, "saint-nectaire fromage \u00e0 p\u00e2te press\u00e9e non cuite 45% m.g.": 20.0, "camembert et apparent\u00e9s 50% m.g.": 21.666666666666668, "raclette fromage \u00e0 p\u00e2te press\u00e9e non cuite 45% m.g.": 101.66666666666667, "cantal salers ou laguiole fromages \u00e0 p\u00e2te press\u00e9e non cuite 45% m.g.": 20.0, "fromage sans pr\u00e9cision": 41.72727272727273, "gruy\u00e8re fromage \u00e0 p\u00e2te press\u00e9e cuite 45% m.g.": 36.44444444444444, "roquefort fromage de brebis \u00e0 p\u00e2te persill\u00e9e 52% m.g.": 44.5, "fromage \u00e0 p\u00e2te molle \u00e0 cro\u00fbte fleurie genre camembert all\u00e9g\u00e9 20-30% m.g.": 51.2962962962963, "mimolette fromage \u00e0 p\u00e2te press\u00e9e non cuite 45% m.g.": 26.666666666666668, "sainte-maure fromage de ch\u00e8vre": 40.0, "saint albray fromage \u00e0 p\u00e2te molle 50% m.g.": 42.5, "camembert sans pr\u00e9cision": 42.142857142857146, "rouy fromage \u00e0 p\u00e2te molle \u00e0 cro\u00fbte lav\u00e9e 40% m.g.": 50.833333333333336, "neufch\u00e2tel fromage \u00e0 p\u00e2te molle \u00e0 cro\u00fbte fleurie 45% m.g.": 37.5, "chaource fromage \u00e0 p\u00e2te molle \u00e0 cro\u00fbte fleurie 50% m.g.": 28.0, "fromage \u00e0 p\u00e2te press\u00e9e non cuite 40-50% m.g.": 30.0, "crottin fromage de ch\u00e8vre": 30.0, "autre fromage \u00e0 p\u00e2te press\u00e9e cuite": 21.5, "gorgonzola fromage \u00e0 p\u00e2te molle persill\u00e9e 45% m.g.": 35.0, "maroilles fromage \u00e0 p\u00e2te molle \u00e0 cro\u00fbte lav\u00e9e 45% m.g.": 51.25, "fromage de ch\u00e8vre p\u00e2te molle": 28.571428571428573, "fol \u00e9pi fromage \u00e0 p\u00e2te press\u00e9e cuite \u00e0 trous 50% m.g.": 20.0, "camembert fromage \u00e0 p\u00e2te molle \u00e0 cro\u00fbte fleurie 45% m.g.": 44.285714285714285, "\u00e9dam fromage \u00e0 p\u00e2te press\u00e9e non cuite 40-45% m.g.": 10.0, "fromage des pyr\u00e9n\u00e9es au lait de brebis": 35.714285714285715, "fromage \u00e0 p\u00e2te press\u00e9e non cuite all\u00e9g\u00e9 20-30% m.g.": 40.0, "boursault fromage \u00e0 p\u00e2te molle double cr\u00e8me": 55.0, "tome ou tomme fromage \u00e0 p\u00e2te press\u00e9e non cuite 45% m.g.": 38.333333333333336, "bleu au lait de vache fromage \u00e0 p\u00e2te persill\u00e9e sans pr\u00e9cision": 80.0, "gouda fromage \u00e0 p\u00e2te press\u00e9e non cuite 30-40% m.g.": 30.0, "munster fromage \u00e0 p\u00e2te molle \u00e0 cro\u00fbte lav\u00e9e 45-50% m.g.": 33.0}, "autres fromages ou fromage sans pr\u00e9cision": {"autre fromage": 40.0}, "fromages fondus": {"p'tit louis fromage fondu 65% m.g.": 20.0, "saint-moret fromage fondu demi-sel 30% m.g.": 20.0, "fromage de ch\u00e8vre fondu \u00e0 tartiner nature type cabrette ou chavroux": 30.0, "vache qui rit fromage fondu 50% m.g.": 22.653846153846153, "fromage fondu en portions ou en cubes 45-50% m.g.": 26.25, "ap\u00e9ricube fromage fondu 50% m.g.": 42.083333333333336, "saint-moret all\u00e9g\u00e9 fromage fondu demi-sel 20% m.g.": 18.0, "snack pour enfants \u00e0 base de fromage fondu et gressins type pik et croq ou kiri": 35.0, "fromage fondu 25% m.g. type sylphide ou vache qui rit \u00e9quilibre et ligne": 17.0, "kiri cr\u00e8me fromage fondu double cr\u00e8me 70% m.g.": 17.45}, "fromages frais non affin\u00e9s": {"sp\u00e9cialit\u00e9 fromag\u00e8re non affin\u00e9e double cr\u00e8me 70% m.g.": 50.0, "f\u00e9ta de brebis": 45.0, "boursin fromage frais sal\u00e9 aromatis\u00e9 70% m.g.": 24.5, "fromage de ch\u00e8vre frais": 23.333333333333332, "tartare fromage frais aromatis\u00e9 sal\u00e9 70% m.g.": 24.75, "fromage frais \u00e0 tartiner \u00e0 plus de 60% m.g.": 22.375, "fromage frais \u00e0 tartiner 40-60% m.g": 34.0}}}