{"autres boissons chaudes": {"th\u00e9 et infusions": {"tisane infus\u00e9e non sucr\u00e9e": 372.32142857142856, "th\u00e9 infus\u00e9 non sucr\u00e9": 318.9655172413793}, "cacao, poudres et boissons cacaot\u00e9es": {"poudre cacaot\u00e9e et sucr\u00e9e pour boisson au chocolat": 11.46236559139785, "boisson cacaot\u00e9e sucr\u00e9e au lait type cacolac": 215.0, "boisson instantan\u00e9e cacaot\u00e9e enrichie en vitamines reconstitu\u00e9e": 300.0, "poudre cacaot\u00e9e sucr\u00e9e enrichie pour boisson": 17.272727272727273, "cacao en poudre non sucr\u00e9 type van houten": 10.0, "boisson instantan\u00e9e cacaot\u00e9e sucr\u00e9e reconstitu\u00e9e": 242.67543859649123}, "chicor\u00e9e et poudre malt\u00e9e": {"poudre malt\u00e9e et sucr\u00e9e pour boisson": 2.076923076923077, "poudre soluble \u00e0 base de chicor\u00e9e et de caf\u00e9 type ricor\u00e9": 3.0, "chicor\u00e9e en poudre soluble type leroux": 9.142857142857142}}}