{"region_3_partitions_foodgrp_4": {"riz et blé dur ou concassé": {"riz": {"riz blanc cuit": 120.3781512605042, "riz blanc étuvé cuit": 150.0, "riz complet cuit": 158.33333333333334}, "blé": {"couscous (graine seule) semoule cuite": 120.45454545454545, "blé dur précuit nature type ebly": 51.94444444444444}}}}