{"region_3_partitions_foodgrp_26": {"fruits": {"sans": {"fruit sans précision": 50.0, "ananas frais": 133.63636363636363, "litchi frais": 17.5, "cerise fraîche": 196.15384615384616, "framboise fraîche": 75.0, "raisin noir frais": 155.0, "salade de fruits frais": 150.0, "pastèque fraîche": 140.0, "abricot frais": 197.26315789473685, "mirabelle fraîche": 80.0, "banane fraîche": 153.73762376237624, "kiwi frais": 95.47571428571429, "pamplemousse frais": 136.8181818181818, "mangue fraîche": 255.0, "raisin blanc frais": 140.89473684210526, "fraise fraîche": 208.72, "prune reine-claude fraîche": 98.0, "nectarine non pelée fraîche": 112.10526315789474, "melon frais": 244.82142857142858, "orange fraîche": 158.55263157894737, "fruits rouges frais (framboises, fraises, groseilles, cassis)": 150.0, "poire non pelée fraîche": 156.3783783783784, "citron frais": 36.875, "pêche non pelée fraîche": 136.84782608695653, "clémentine ou mandarine fraîche": 114.20957446808511, "groseille fraîche": 150.0, "pomme non pelée fraîche": 192.58561643835617, "pêche pelée fraîche": 110.0}}}}