{"pain et panification s\u00e8che": {"biscottes et panification s\u00e8che": {"biscotte multic\u00e9r\u00e9ales type heudebert aux six c\u00e9r\u00e9ales": 21.25, "autre biscotte": 48.75, "pain grill\u00e9 au froment type tranches pain grill\u00e9 pelletier lu braisotte jacquet": 23.333333333333332, "biscotte classique type heudebert lu": 18.638297872340427}, "autres produits de panification": {"chapelure ou panure": 7.0, "cro\u00fbtons": 15.0}, "pain": {"pain grill\u00e9 maison": 65.47619047619048, "pain aux c\u00e9r\u00e9ales artisanal": 67.26666666666667, "pain courant fran\u00e7ais boule \u00e0 la levure": 84.47701149425288, "pain sans pr\u00e9cision": 73.0, "pain de seigle et froment": 37.666666666666664, "pain brioch\u00e9 ou viennois": 112.22222222222223, "pain complet ou int\u00e9gral artisanal": 47.375, "pain type poil\u00e2ne": 51.6, "autre pain": 75.6, "pain de mie": 49.60655737704918, "pain baguette": 57.5140586797066, "pain de campagne ou bis": 95.44117647058823}}}