{"l\u00e9gumes secs": {"l\u00e9gumes secs": {"pois cass\u00e9 cuit": 350.0, "haricot rouge cuit": 55.666666666666664, "haricot blanc cuit": 200.0, "haricot blanc en conserve": 200.0, "lentille cuite": 230.0, "pois chiche cuit": 11.666666666666666, "haricot flageolet en conserve": 156.66666666666666, "f\u00e8ve cuite": 50.0}, "l\u00e9gumes secs pr\u00e9par\u00e9s": {"lentille cuisin\u00e9e en conserve": 140.0}}}