{"oeufs et d\u00e9riv\u00e9s": {"sans": {"omelette aux lardons": 125.0, "omelette nature cuite au beurre": 132.5, "oeuf dur": 74.80392156862744, "jaune d'\u0153uf cuit": 30.0, "oeuf au plat sal\u00e9": 93.07692307692308, "oeuf \u00e0 la coque": 140.0, "oeufs brouill\u00e9s au beurre": 120.0, "omelette au fromage": 300.0}}}