{"viande": {"autre viande": {"autre viande": 75.0, "cheval viande r\u00f4tie": 122.14285714285714, "brochette mixte de viande": 150.0, "viande cuite sans pr\u00e9cision": 105.71428571428571}, "b\u0153uf en pi\u00e8ces ou hach\u00e9": {"steak hach\u00e9 20% m.g. cuit": 80.0, "b\u0153uf boulettes cuites": 88.63636363636364, "b\u0153uf faux-filet grill\u00e9": 133.33333333333334, "brochette de b\u0153uf": 100.0, "steak hach\u00e9 5% m.g. cuit": 103.33333333333333, "steak hach\u00e9 10% m.g. cuit": 93.33333333333333, "carpaccio de boeuf": 75.0, "steak hach\u00e9 15% m.g. cuit": 125.12987012987013, "b\u0153uf brais\u00e9": 160.0, "boeuf bifteck grill\u00e9": 119.77272727272727, "b\u0153uf \u00e0 bourguignon cuit": 108.18181818181819, "b\u0153uf entrec\u00f4te grill\u00e9e": 126.07142857142857, "b\u0153uf rosbif r\u00f4ti": 99.8529411764706, "steak hach\u00e9 5% m.g. cru": 165.0}, "porc": {"porc c\u00f4telette grill\u00e9e": 137.31914893617022, "porc filet r\u00f4ti maigre cuit": 96.92307692307692, "porc travers brais\u00e9": 140.0, "porc \u00e9chine r\u00f4tie": 215.0, "porc r\u00f4ti cuit": 96.22222222222223}, "agneau": {"agneau \u00e9paule r\u00f4tie": 80.0, "agneau c\u00f4telette grill\u00e9e": 127.14285714285714, "agneau gigot r\u00f4ti": 146.66666666666666}, "veau": {"veau r\u00f4ti": 73.33333333333333, "veau mijot\u00e9": 120.0, "veau filet r\u00f4ti": 130.0, "veau escalope cuite": 104.44444444444444}}}