{"region_3_partitions_foodgrp_30": {"sucres et dérivés": {"confiserie": {"bonbons gélifiés": 33.72727272727273, "confiserie dragéifiée au chocolat type smarties": 13.0, "pâte de fruits": 22.5, "chewing-gum sucré": 3.5833333333333335, "confiserie à base de cacahuètes dragéifiées enrobées de chocolat type m&ms cacah": 26.8, "bonbons tout type sauf gélifiés": 20.401639344262296, "chewing-gum sans sucre": 4.222222222222222, "nougat ou touron": 46.25}, "confiture et miel": {"miel": 16.658536585365855, "confiture de cerise": 52.5, "confiture ajoutée au service": 15.0, "confiture d'orange": 23.333333333333332, "confiture de fraise": 30.0, "confiture d'abricot": 22.5, "confiture ou marmelade tout type": 35.84415584415584, "confiture allégée": 33.24324324324324}, "sucre et assimilés": {"sucre roux": 19.666666666666668, "sucre blanc": 10.934419014084508, "sucre blanc ajouté au service": 6.236263736263736, "sucre allégé type tutti free": 2.819024390243902}}}}