{"region_3_partitions_foodgrp_6": {"viennoiserie": {"sans": {"croissant au beurre artisanal": 65.21739130434783, "croissant sans précision": 92.41379310344827, "brioche sans précision": 51.94444444444444, "pain aux raisins": 57.333333333333336, "pain au chocolat feuilleté artisanal": 61.63636363636363, "brioche industrielle préemballée": 40.593333333333334, "autre viennoiserie": 50.0, "chausson aux pommes": 80.33333333333333, "pain au lait artisanal": 68.9, "croissant aux amandes artisanal": 60.0, "croissant ordinaire artisanal": 68.75}}}}