{"region_3_partitions_foodgrp_33": {"boissons alcoolisées": {"cidre": {"cidre brut": 200.0, "cidre": 220.0, "cidre doux": 330.0}, "spiritueux et vins cuits": {"eau-de-vie": 40.0, "cognac armagnac": 40.0, "vodka": 100.0, "rhum": 46.75, "porto": 54.0, "apéritif à base de vin ou vermouth type martini": 75.0, "apéritif à la gentiane": 50.0, "vin doux naturel ou vin muté autre que porto type muscat banyuls ou maury": 118.75, "gin": 80.0, "liqueurs": 38.45454545454545, "whisky": 60.0}, "vin": {"vin sans précision": 182.45901639344262, "vin rouge 11°": 175.71428571428572, "vin blanc 11°": 151.13235294117646, "vin rouge 12°": 172.92857142857142, "vin rouge 10°": 172.36363636363637, "vin blanc mousseux": 183.33333333333334, "champagne": 196.05263157894737, "vin rosé 11°": 182.16216216216216, "vin rouge 13° et plus": 165.0}, "cocktails et mélanges": {"kir": 136.36363636363637, "cocktail type punch planteur": 146.66666666666666, "sangria": 379.1666666666667, "panaché": 245.0, "pastis prêt à boire (1+5)": 198.2608695652174, "pétillant de fruits": 100.0, "cocktail alcoolisé": 210.0}, "bière": {"bière cœur de marché à 4-5° d'alcool type kronenbourg ou 33 export": 374.375, "bière spéciale à 5-6° d'alcool type 1664 pelforth ambrée ou fischer heineken": 395.0, "bière de spécialités ou d'abbaye régionales ou de brasserie degré d'alcool varia": 318.3333333333333}}}}