{"charcuterie": {"p\u00e2t\u00e9s, terrines, rillettes et foie gras": {"foie gras en conserve": 43.75, "p\u00e2t\u00e9 de t\u00eate ou fromage de t\u00eate": 71.625, "p\u00e2t\u00e9 de campagne": 49.39772727272727, "p\u00e2t\u00e9 en cro\u00fbte": 75.0, "mousse de foie": 41.833333333333336, "p\u00e2t\u00e9 de foie de porc": 31.5, "rillettes pur porc": 38.0, "p\u00e2t\u00e9 de lapin": 47.6, "rillettes": 30.90909090909091, "p\u00e2t\u00e9 de foie de volaille": 100.0, "terrine de canard": 32.6}, "autre charcuterie ou charcuterie  sans pr\u00e9cision": {"charcuterie sans pr\u00e9cision": 62.5, "autre charcuterie": 67.21428571428571}, "saucisses, saucissons, andouilles et boudins": {"saucisse de morteau cuite": 71.2, "mortadelle": 44.0, "andouille r\u00e9chauff\u00e9e": 31.5, "chorizo sec": 20.5625, "saucisse s\u00e8che": 46.0, "saucisson sec pur porc": 50.0, "saucisse de francfort": 100.0, "boudin noir cuit": 101.33333333333333, "saucisse alsacienne fum\u00e9e ou gendarme": 48.75, "saucisse cocktail": 47.0, "rosette ou fuseau": 40.333333333333336, "saucisson sec": 53.96551724137931, "chair \u00e0 saucisse": 60.0, "salami": 40.214285714285715, "chipolata cuite": 61.111111111111114, "andouillette r\u00e9chauff\u00e9e": 122.6, "merguez de b\u0153uf et de mouton cuite": 81.16666666666667, "boudin blanc cuit": 103.33333333333333, "saucisson \u00e0 l'ail": 54.857142857142854, "saucisse de toulouse cuite": 160.0, "cervelas": 27.0, "saucisse de montb\u00e9liard": 75.0, "saucisse sans pr\u00e9cision": 75.83333333333333, "saucisse de strasbourg": 67.9875}, "jambons et charcuteries en pi\u00e8ces": {"jambon cuit dd (d\u00e9couenn\u00e9 d\u00e9graiss\u00e9)": 75.5, "jambon cuit": 52.55514705882353, "lardon ou bacon fum\u00e9 cuit": 70.0, "poitrine de porc fum\u00e9e": 100.0, "jambon cuit fum\u00e9": 50.0, "lardon nature cuit": 24.233333333333334, "jambon cuit sup\u00e9rieur": 42.0, "jambon cru fum\u00e9": 41.25, "pancetta ou poitrine roul\u00e9e s\u00e8che": 25.0, "jambon sec dd (d\u00e9couenn\u00e9 d\u00e9graiss\u00e9)": 45.0, "jambon cru": 52.5, "jambonneau cuit": 96.66666666666667, "bacon filet cuit": 32.5}}}