{"viande": {"bœuf en pièces ou haché": {"steak haché 20% m.g. cuit": 80.0, "bœuf boulettes cuites": 88.63636363636364, "bœuf faux-filet grillé": 133.33333333333334, "brochette de bœuf": 100.0, "steak haché 5% m.g. cuit": 103.33333333333333, "steak haché 5% m.g. cru": 165.0, "carpaccio de boeuf": 75.0, "steak haché 15% m.g. cuit": 125.12987012987013, "boeuf bifteck grillé": 119.77272727272727, "steak haché 10% m.g. cuit": 93.33333333333333, "bœuf à bourguignon cuit": 108.18181818181819, "bœuf braisé": 160.0, "bœuf rosbif rôti": 99.8529411764706, "bœuf entrecôte grillée": 126.07142857142857}, "autre viande": {"autre viande": 75.0, "cheval viande rôtie": 122.14285714285714, "brochette mixte de viande": 150.0, "viande cuite sans précision": 105.71428571428571}, "porc": {"porc côtelette grillée": 137.31914893617022, "porc filet rôti maigre cuit": 96.92307692307692, "porc travers braisé": 140.0, "porc échine rôtie": 215.0, "porc rôti cuit": 96.22222222222223}, "agneau": {"agneau épaule rôtie": 80.0, "agneau côtelette grillée": 127.14285714285714, "agneau gigot rôti": 146.66666666666666}, "veau": {"veau rôti": 73.33333333333333, "veau mijoté": 120.0, "veau filet rôti": 130.0, "veau escalope cuite": 104.44444444444444}}}