{"boissons alcoolis\u00e9es": {"cidre": {"cidre brut": 200.0, "cidre": 220.0, "cidre doux": 330.0}, "spiritueux et vins cuits": {"eau-de-vie": 40.0, "cognac armagnac": 40.0, "vodka": 100.0, "rhum": 46.75, "porto": 54.0, "ap\u00e9ritif \u00e0 base de vin ou vermouth type martini": 75.0, "ap\u00e9ritif \u00e0 la gentiane": 50.0, "vin doux naturel ou vin mut\u00e9 autre que porto type muscat banyuls ou maury": 118.75, "gin": 80.0, "liqueurs": 38.45454545454545, "whisky": 60.0}, "vin": {"vin sans pr\u00e9cision": 182.45901639344262, "vin rouge 11\u00b0": 175.71428571428572, "vin blanc 11\u00b0": 151.13235294117646, "vin rouge 12\u00b0": 172.92857142857142, "vin rouge 10\u00b0": 172.36363636363637, "vin blanc mousseux": 183.33333333333334, "champagne": 196.05263157894737, "vin ros\u00e9 11\u00b0": 182.16216216216216, "vin rouge 13\u00b0 et plus": 165.0}, "cocktails et m\u00e9langes": {"kir": 136.36363636363637, "cocktail type punch planteur": 146.66666666666666, "sangria": 379.1666666666667, "panach\u00e9": 245.0, "pastis pr\u00eat \u00e0 boire (1+5)": 198.2608695652174, "p\u00e9tillant de fruits": 100.0, "cocktail alcoolis\u00e9": 210.0}, "bi\u00e8re": {"bi\u00e8re de sp\u00e9cialit\u00e9s ou d'abbaye r\u00e9gionales ou de brasserie degr\u00e9 d'alcool varia": 318.3333333333333, "bi\u00e8re sp\u00e9ciale \u00e0 5-6\u00b0 d'alcool type 1664 pelforth ambr\u00e9e ou fischer heineken": 395.0, "bi\u00e8re c\u0153ur de march\u00e9 \u00e0 4-5\u00b0 d'alcool type kronenbourg ou 33 export": 374.375}}}