{"pommes de terre et apparent\u00e9s": {"sans": {"pur\u00e9e de pomme de terre avec lait et beurre non sal\u00e9e": 145.71428571428572, "pomme de terre rissol\u00e9e surgel\u00e9e": 139.93243243243242, "pur\u00e9e de pomme de terre \u00e0 base de flocons reconstitu\u00e9e au lait demi-\u00e9cr\u00e9m\u00e9": 190.0, "pomme de terre dauphine cuite": 77.5, "pomme de terre frite surgel\u00e9e cuite": 80.52631578947368, "pomme de terre cuite \u00e0 la vapeur": 197.5, "pomme noisette pr\u00e9cuite surgel\u00e9e": 85.0, "pomme de terre cuite au four": 158.88888888888889, "pomme de terre frite non sal\u00e9e": 90.3225806451613, "pomme de terre cuite \u00e0 l'eau": 173.82291666666666}}}