{"viennoiserie": {"sans": {"croissant au beurre artisanal": 65.21739130434783, "croissant sans pr\u00e9cision": 92.41379310344827, "brioche sans pr\u00e9cision": 51.94444444444444, "pain aux raisins": 57.333333333333336, "pain au chocolat feuillet\u00e9 artisanal": 61.63636363636363, "brioche industrielle pr\u00e9emball\u00e9e": 40.593333333333334, "autre viennoiserie": 50.0, "chausson aux pommes": 80.33333333333333, "pain au lait artisanal": 68.9, "croissant aux amandes artisanal": 60.0, "croissant ordinaire artisanal": 68.75}}}