{"beurre": {"sans": {"beurre doux l\u00e9ger 39-41% m.g.": 7.7272727272727275, "beurre sal\u00e9 sel > 3%": 7.5, "mati\u00e8re grasse laiti\u00e8re l\u00e9g\u00e8re 25% m.g. \u00e0 tartiner type bridelight": 9.416666666666666, "beurre doux": 11.819634703196346, "beurre all\u00e9g\u00e9 60-62 % m.g. demi-sel": 5.0, "beurre sal\u00e9 non all\u00e9g\u00e9 ajout\u00e9 \u00e0 la cuisson": 7.222222222222222, "beurre all\u00e9g\u00e9 ajout\u00e9 au service": 7.891304347826087, "beurre all\u00e9g\u00e9 ajout\u00e9 \u00e0 la cuisson": 8.507462686567164, "beurre sal\u00e9 non all\u00e9g\u00e9 ajout\u00e9e au service": 9.454545454545455, "beurre demi-sel sel maxi 3%": 9.305555555555555, "beurre doux non all\u00e9g\u00e9 ajout\u00e9 \u00e0 la cuisson": 9.240196078431373, "beurre all\u00e9g\u00e9 sans pr\u00e9cision": 10.636363636363637, "beurre doux non all\u00e9g\u00e9 ajout\u00e9e au service": 9.1256038647343}}}