{"fruits secs et graines ol\u00e9agineuses": {"ol\u00e9agineux et graines": {"cacahu\u00e8te ou arachide": 28.181818181818183, "pistache r\u00f4tie sal\u00e9e": 44.285714285714285, "noix de cajou sal\u00e9e": 35.0, "cacahu\u00e8te grill\u00e9e sal\u00e9e": 42.5, "noix": 57.54545454545455, "noix de coco amande s\u00e8che": 18.75, "amande": 23.0, "noisette": 44.0}, "fruits secs et ch\u00e2taignes": {"abricot sec": 100.0, "ch\u00e2taigne grill\u00e9e": 95.0, "figue s\u00e8che": 26.0, "pruneau sec": 36.0, "ch\u00e2taigne cuite \u00e0 l'eau": 50.0, "raisin sec": 16.666666666666668, "banane mi-s\u00e8che": 150.0}, "m\u00e9langes": {"fruits secs ou s\u00e9ch\u00e9s et graines ol\u00e9agineuses sans pr\u00e9cision": 10.0}}}