{"sucres et d\u00e9riv\u00e9s": {"confiserie": {"bonbons g\u00e9lifi\u00e9s": 33.72727272727273, "confiserie drag\u00e9ifi\u00e9e au chocolat type smarties": 13.0, "p\u00e2te de fruits": 22.5, "chewing-gum sucr\u00e9": 3.5833333333333335, "confiserie \u00e0 base de cacahu\u00e8tes drag\u00e9ifi\u00e9es enrob\u00e9es de chocolat type m&ms cacah": 26.8, "bonbons tout type sauf g\u00e9lifi\u00e9s": 20.401639344262296, "chewing-gum sans sucre": 4.222222222222222, "nougat ou touron": 46.25}, "confiture et miel": {"miel": 16.658536585365855, "confiture de cerise": 52.5, "confiture ajout\u00e9e au service": 15.0, "confiture d'orange": 23.333333333333332, "confiture de fraise": 30.0, "confiture d'abricot": 22.5, "confiture ou marmelade tout type": 35.84415584415584, "confiture all\u00e9g\u00e9e": 33.24324324324324}, "sucre et assimil\u00e9s": {"sucre roux": 19.666666666666668, "sucre blanc": 10.934419014084508, "sucre blanc ajout\u00e9 au service": 6.236263736263736, "sucre all\u00e9g\u00e9 type tutti free": 2.819024390243902}}}