{"fruits": {"sans": {"fruit sans pr\u00e9cision": 50.0, "ananas frais": 133.63636363636363, "litchi frais": 17.5, "cerise fra\u00eeche": 196.15384615384616, "framboise fra\u00eeche": 75.0, "raisin noir frais": 155.0, "salade de fruits frais": 150.0, "past\u00e8que fra\u00eeche": 140.0, "abricot frais": 197.26315789473685, "mirabelle fra\u00eeche": 80.0, "banane fra\u00eeche": 153.73762376237624, "kiwi frais": 95.47571428571429, "pamplemousse frais": 136.8181818181818, "mangue fra\u00eeche": 255.0, "raisin blanc frais": 140.89473684210526, "fraise fra\u00eeche": 208.72, "prune reine-claude fra\u00eeche": 98.0, "nectarine non pel\u00e9e fra\u00eeche": 112.10526315789474, "melon frais": 244.82142857142858, "orange fra\u00eeche": 158.55263157894737, "fruits rouges frais (framboises, fraises, groseilles, cassis)": 150.0, "poire non pel\u00e9e fra\u00eeche": 156.3783783783784, "citron frais": 36.875, "p\u00eache non pel\u00e9e fra\u00eeche": 136.84782608695653, "cl\u00e9mentine ou mandarine fra\u00eeche": 114.20957446808511, "groseille fra\u00eeche": 150.0, "pomme non pel\u00e9e fra\u00eeche": 192.58561643835617, "p\u00eache pel\u00e9e fra\u00eeche": 110.0}}}