{"l\u00e9gumes (hors pommes de terre)": {"champignons": {"champignon tout type cru sans pr\u00e9cision": 35.0, "champignon tout type en conserve": 52.785714285714285, "champignon de paris en conserve": 115.2, "champignon de paris saut\u00e9": 45.0}, "m\u00e9langes de l\u00e9gumes, l\u00e9gumes pr\u00e9par\u00e9s et autres l\u00e9gumes": {"ratatouille ni\u00e7oise": 133.75, "l\u00e9gume en pur\u00e9e hors pomme de terre non sal\u00e9": 140.0, "crudit\u00e9s vinaigrette sans pr\u00e9cision": 70.0, "c\u00e9leri r\u00e9moulade": 82.14285714285714, "pulpe de tomate en conserve": 84.0, "champignons \u00e0 la grecque": 75.0, "pur\u00e9e de tomate": 100.0, "petits pois et carottes en conserve": 117.6, "l\u00e9gumes cuits sans pr\u00e9cision": 125.0, "mac\u00e9doine de l\u00e9gumes en conserve": 137.5, "l\u00e9gumes m\u00e9lang\u00e9s surgel\u00e9s": 138.83333333333334, "terrine ou mousse de l\u00e9gumes": 150.0}, "choux": {"chou-fleur cuit": 138.41379310344828, "chou vert cuit": 58.333333333333336, "chou blanc cru": 75.0, "chou rouge cuit \u00e0 l'eau": 175.0, "chou rouge cru": 37.5, "brocoli cuit": 131.27272727272728, "chou de bruxelles cuit": 132.875, "chou de bruxelles en conserve": 100.0}, "l\u00e9gumes tiges": {"asperge cuite": 97.0, "artichaut cuit": 208.125, "germe ou pousse de soja en conserve": 50.0, "c\u00e9leri branche cuit": 50.0, "poireau cuit": 98.21428571428571, "c\u0153ur de palmier en conserve": 55.45454545454545, "asperge en conserve": 83.33333333333333}, "haricots verts et petits pois (l\u00e9gumes potagers)": {"haricot vert surgel\u00e9 cuit": 75.33333333333333, "haricot beurre en conserve": 138.0, "petit pois cuit": 104.8, "petit pois en conserve": 95.28571428571429, "haricot vert cuit": 114.48484848484848, "haricot vert en conserve \u00e9goutt\u00e9": 108.54929577464789}, "l\u00e9gumes racines, tubercules ou bulbes": {"oignon cuit": 34.21666666666667, "salsifis en conserve": 205.0, "oignon cru": 17.5, "carotte en conserve": 41.666666666666664, "radis rouge cru": 58.611111111111114, "\u00e9chalote crue": 6.1, "betterave rouge cuite": 71.75, "radis noir cru": 100.0, "navet cuit": 101.66666666666667, "c\u00e9leri-rave cru": 62.5, "carotte cuite": 108.86111111111111, "carotte crue": 68.45679012345678}, "l\u00e9gumes fruits": {"tomate cerise crue": 21.875, "poivron vert jaune ou rouge cru": 65.75, "ma\u00efs doux en conserve": 41.785714285714285, "aubergine cuite": 156.5, "poivron vert jaune ou rouge cuit": 82.5, "ma\u00efs doux en \u00e9pis cuit": 26.4, "tomate pel\u00e9e en conserve": 150.0, "concombre cru pulpe": 67.625, "tomate crue": 89.6, "avocat frais": 88.69047619047619, "courgette cuite": 139.125}, "l\u00e9gumes feuilles": {"endive cuite": 152.94444444444446, "\u00e9pinard cru": 25.0, "chicor\u00e9e fris\u00e9e crue": 28.75, "m\u00e2che crue": 35.0, "autre salade sans assaisonnement": 37.57142857142857, "laitue cuite": 50.0, "laitue crue": 33.03030303030303, "\u00e9pinard cuit": 130.43478260869566, "cresson": 40.0, "salade verte sans assaisonnement sans pr\u00e9cision": 38.65079365079365, "pissenlit cru": 50.0, "endive crue": 30.81081081081081}}}