{"caf\u00e9": {"sans": {"caf\u00e9 soluble d\u00e9caf\u00e9in\u00e9 reconstitu\u00e9 pr\u00eat \u00e0 boire non sucr\u00e9": 196.57894736842104, "caf\u00e9 soluble en poudre": 4.052631578947368, "caf\u00e9 au lait ou caf\u00e9 cr\u00e8me ou cappuccino non sucr\u00e9": 278.57142857142856, "caf\u00e9 soluble reconstitu\u00e9 pr\u00eat \u00e0 boire non sucr\u00e9": 497.3529411764706, "caf\u00e9 expresso non sucr\u00e9": 151.25, "caf\u00e9 noir pr\u00eat \u00e0 boire non sucr\u00e9": 229.24931129476585, "caf\u00e9 d\u00e9caf\u00e9in\u00e9 pr\u00eat \u00e0 boire non sucr\u00e9": 163.84615384615384}}}