{"eaux": {"eau minérale plate": {"vittel eau plate": 271.7647058823529, "beckerich eau plate": 150.0, "courmayeur eau plate": 313.8235294117647, "saint amand vauban eau plate": 209.04761904761904, "luchon eau plate": 212.72727272727272, "évian eau plate": 392.3076923076923, "hépar eau plate": 301.6216216216216, "eau minérale plate sans précision": 302.85714285714283, "mont roucous eau plate": 214.28571428571428, "valvert eau plate": 346.4, "contrex eau plate": 448.8775510204082, "thonon eau plate": 346.3333333333333, "volvic eau plate": 303.4117647058824, "chambon eau plate": 150.0}, "eau du robinet": {"eau du robinet": 281.656652360515}, "eau minérale gazeuse": {"san pellegrino eau gazeuse": 450.0, "eau gazeuse sans précision": 258.0952380952381, "salvetat eau gazeuse": 220.0, "saint yorre eau gazeuse": 500.0, "perrier eau gazeuse": 291.3888888888889, "puits saint georges eau gazeuse": 375.0, "badoit eau gazeuse": 347.77777777777777, "châteauneuf eau gazeuse": 400.0, "arvie eau gazeuse": 400.0, "la vernière eau gazeuse": 120.0, "sainte marguerite eau gazeuse": 200.0, "vernet eau gazeuse": 550.0}, "eau de source": {"eau de source": 318.2393292682927}, "autre eau": {"eau minérale sans précision": 257.3636363636364, "autre eau minérale": 278.7142857142857, "eau minérale ou non faiblement minéralisée": 198.1081081081081}}}