{"condiments et sauces": {"condiments d'assaisonnement": {"ail frais": 3.152173913043478, "vinaigre": 8.751666666666667, "cube pour bouillon de b\u0153uf": 1.5, "concentr\u00e9 de tomate": 12.833333333333334, "sauce de soja": 10.0}, "condiments d'accompagnement": {"c\u00e2pres": 8.0, "olive verte en saumure": 32.22222222222222, "olive noire en saumure": 25.0, "moutarde": 11.339285714285714, "cornichon au vinaigre": 22.63888888888889, "ketchup": 30.3125}, "herbes aromatiques": {"basilic frais": 1.6000000000000003, "persil frais": 4.535714285714286, "menthe fra\u00eeche": 5.0, "thym sec": 3.0, "ciboule ou ciboulette fra\u00eeche": 5.9375, "cerfeuil frais": 5.0, "herbes aromatiques fra\u00eeches": 2.018823529411765}, "sauces": {"vinaigrette all\u00e9g\u00e9e ajout\u00e9e au service": 20.0, "sauce au yaourt": 15.714285714285714, "vinaigrette ajout\u00e9e au service": 20.0, "sauce tomate sans viande": 39.72826086956522, "sauce sans pr\u00e9cision": 22.0, "sauce pesto": 50.0, "vinaigrette sans pr\u00e9cision": 21.22641509433962, "sauce \u00e0 la cr\u00e8me": 31.071428571428573, "sauce au vin rouge": 14.821428571428571, "sauce barbecue": 22.0, "mayonnaise ajout\u00e9e au service": 15.0, "sauce aux champignons": 18.75, "sauce au fromage": 22.5, "sauce aigre-douce": 15.0, "mayonnaise": 14.880952380952381, "sauce au beurre": 15.0, "mayonnaise all\u00e9g\u00e9e": 11.25, "vinaigrette all\u00e9g\u00e9e": 22.266666666666666, "sauce au curry": 15.0, "sauce tomate \u00e0 la viande ou bolognaise type panzani ou buitoni": 63.08695652173913, "sauce moutarde": 21.0, "sauce \u00e0 la cr\u00e8me aux \u00e9pices": 40.0, "autre sauce": 19.166666666666668, "vinaigrette \u00e0 l'huile d'olive": 29.46153846153846, "sauce b\u00e9chamel en brique": 45.833333333333336}, "sel et \u00e9pices": {"curry en poudre": 4.125, "poivre noir moulu": 1.424390243902439, "cumin en graines": 4.0, "sel fin ou gros": 2.2159999999999997, "cannelle": 1.0, "sel de mer": 2.8, "\u00e9pices sans pr\u00e9cision": 5.5}}}