{"lait": {"lait aromatis\u00e9": {"milk-shake sans pr\u00e9cision": 200.0, "lait demi-\u00e9cr\u00e9m\u00e9 aromatis\u00e9": 250.0}, "lait en bouteille ou en brique": {"lait demi-\u00e9cr\u00e9m\u00e9 pasteuris\u00e9": 36.0, "lait demi-\u00e9cr\u00e9m\u00e9 uht \u00e0 teneur garantie en vitamines": 268.6666666666667, "lait demi-\u00e9cr\u00e9m\u00e9 uht \u00e0 teneur garantie en prot\u00e9ines et vitamines enrichi en min\u00e9": 277.55555555555554, "lait entier uht": 142.14285714285714, "lait entier pasteuris\u00e9": 49.25, "lait \u00e9cr\u00e9m\u00e9 uht": 128.33695652173913, "lait de croissance infantile": 212.5, "lait demi-\u00e9cr\u00e9m\u00e9 uht": 199.0631469979296}, "autre lait": {"autre lait": 250.0}}}