{"riz et bl\u00e9 dur ou concass\u00e9": {"riz": {"riz blanc cuit": 120.3781512605042, "riz blanc \u00e9tuv\u00e9 cuit": 150.0, "riz complet cuit": 158.33333333333334}, "bl\u00e9": {"couscous (graine seule) semoule cuite": 120.45454545454545, "bl\u00e9 dur pr\u00e9cuit nature type ebly": 51.94444444444444}}}