{"huile": {"sans": {"huile v\u00e9g\u00e9tale sans pr\u00e9cision": 19.863636363636363, "huile de colza": 15.38, "huile de noix ajout\u00e9e au service": 10.0, "huile de tournesol ajout\u00e9e au service": 10.0, "huile d'arachide ajout\u00e9e \u00e0 la cuisson": 7.6, "huile m\u00e9lang\u00e9e (type isio 4) ajout\u00e9e au service": 10.0, "huile m\u00e9lang\u00e9e \u00e9quilibr\u00e9e type isio 4": 14.362068965517242, "huile de colza ajout\u00e9e au service": 10.0, "huile d'olive ajout\u00e9e au service": 9.897435897435898, "huile de colza ajout\u00e9e \u00e0 la cuisson": 12.0, "huile m\u00e9lang\u00e9e (type isio 4) ajout\u00e9e \u00e0 la cuisson": 10.736842105263158, "huile de tournesol ajout\u00e9e \u00e0 la cuisson": 8.553191489361701, "huile d'olive ajout\u00e9e \u00e0 la cuisson": 10.5, "huile d'olive vierge": 11.51923076923077, "huile de noix": 5.0, "huile de tournesol": 18.256410256410255}}}