{"p\u00e2tes": {"p\u00e2tes alimentaires": {"p\u00e2tes alimentaires aux oeufs cuites": 191.66666666666666, "p\u00e2tes alimentaires au bl\u00e9 complet cuites": 150.0, "p\u00e2tes alimentaires cuites": 156.53846153846155}}}