{"margarine": {"sans": {"margarine ordinaire 70% ou 80% m.g. ajout\u00e9e au service": 12.0, "margarine \u00e0 l'huile d'olive  60% m.g. ajout\u00e9ee \u00e0 la cuisson": 10.0, "mati\u00e8re grasse compos\u00e9e all\u00e9g\u00e9e 60% m.g. type le fleurier ou tartine et cuisine": 5.0, "margarine au tournesol 60% m.g. ajout\u00e9e au service": 7.8, "margarine de cuisine 80% m.g.": 12.235294117647058, "mati\u00e8re grasse all\u00e9g\u00e9e 60% m.g.": 10.696551724137931, "margarine all\u00e9g\u00e9e 40% m.g. ajout\u00e9e au service": 12.0, "margarine proactiv de fruit d'or ajout\u00e9e \u00e0 la cuisson": 10.0, "margarine type primev\u00e8re 60% m.g. ajout\u00e9e \u00e0 la cuisson": 10.0, "mati\u00e8re grasse all\u00e9g\u00e9e 55-60% m.g. riche en om\u00e9ga 3 et 6": 10.69767441860465, "margarine ordinaire  60% m.g. ajout\u00e9e \u00e0 la cuisson": 10.0, "margarine all\u00e9g\u00e9e  40% m.g. ajout\u00e9e \u00e0 la cuisson": 10.0, "margarine type primev\u00e8re 60% m.g. ajout\u00e9e au service": 12.0, "mati\u00e8re grasse l\u00e9g\u00e8re 38-41% m.g. \u00e0 tartiner": 15.869565217391305, "margarine au tournesol en barquette 80% m.g. type fruit d'or": 8.454545454545455, "margarine au tournesol  60% m.g. ajout\u00e9e \u00e0 la cuisson": 9.62962962962963, "margarine au tournesol  70% ou 80% m.g. ajout\u00e9e \u00e0 la cuisson": 10.0, "margarine proactiv de fruit d'or ajout\u00e9e au service": 9.529411764705882, "margarine ordinaire  70% ou 80% m.g. ajout\u00e9e \u00e0 la cuisson": 9.285714285714286}}}