{"region_3_partitions_foodgrp_13": {"beurre": {"sans": {"beurre doux léger 39-41% m.g.": 7.7272727272727275, "beurre salé sel > 3%": 7.5, "matière grasse laitière légère 25% m.g. à tartiner type bridelight": 9.416666666666666, "beurre doux": 11.819634703196346, "beurre allégé 60-62 % m.g. demi-sel": 5.0, "beurre salé non allégé ajouté à la cuisson": 7.222222222222222, "beurre allégé ajouté au service": 7.891304347826087, "beurre allégé ajouté à la cuisson": 8.507462686567164, "beurre salé non allégé ajoutée au service": 9.454545454545455, "beurre demi-sel sel maxi 3%": 9.305555555555555, "beurre doux non allégé ajouté à la cuisson": 9.240196078431373, "beurre allégé sans précision": 10.636363636363637, "beurre doux non allégé ajoutée au service": 9.1256038647343}}}}