{"volaille et gibier": {"gibier": {"chevreuil rôti": 125.0, "sanglier rôti": 140.0, "autre gibier": 180.0, "faisan viande rôtie": 230.0}, "volailles et lapins": {"poule viande bouillie": 150.83333333333334, "blanc de poulet cuit": 86.80232558139535, "poulet cuisse rôtie viande et peau": 232.10526315789474, "dinde viande rôtie": 103.63636363636364, "lapin en ragoût": 146.25, "lapin viande cuite": 167.0, "pigeon viande rôtie": 140.75, "confit de canard": 200.6, "brochette de volaille": 122.0, "poule bouillie viande et peau": 255.0, "dinde ou autre volaille escalope sautée": 110.10416666666667, "volaille cuite sans précision": 63.333333333333336, "canard viande rôtie": 151.875, "canard magret cuit à la poêle": 119.13207547169812, "autre volaille cuite": 163.11111111111111, "caille cuite viande et peau": 150.0, "poulet rôti viande et peau": 138.1523076923077}}}