{"autres boissons chaudes": {"th\u00e9 et infusions": {"tisane infus\u00e9e non sucr\u00e9e": 310.29126213592235, "th\u00e9 infus\u00e9 non sucr\u00e9": 350.5131964809384}, "cacao, poudres et boissons cacaot\u00e9es": {"boisson instantan\u00e9e cacaot\u00e9e sucr\u00e9e reconstitu\u00e9e": 282.22222222222223, "poudre cacaot\u00e9e et sucr\u00e9e pour boisson au chocolat": 9.408450704225352, "cacao en poudre non sucr\u00e9 type van houten": 7.0, "poudre cacaot\u00e9e sucr\u00e9e enrichie pour boisson": 27.818181818181817, "boisson cacaot\u00e9e sucr\u00e9e au lait type cacolac": 270.0}, "chicor\u00e9e et poudre malt\u00e9e": {"poudre soluble \u00e0 base de chicor\u00e9e et de caf\u00e9 type ricor\u00e9": 1.6395348837209303, "chicor\u00e9e en poudre soluble type leroux": 7.454545454545454}}}