{"fruits": {"sans": {"fruit sans pr\u00e9cision": 70.0, "ananas frais": 96.81818181818181, "cerise fra\u00eeche": 200.81967213114754, "framboise fra\u00eeche": 55.0, "pamplemousse frais": 122.33333333333333, "raisin noir frais": 104.9090909090909, "salade de fruits frais": 216.5, "fruit de la passion frais": 5.0, "autre fruit": 46.666666666666664, "past\u00e8que fra\u00eeche": 674.0, "abricot frais": 133.16129032258064, "grenade fra\u00eeche": 60.833333333333336, "banane fra\u00eeche": 149.0376712328767, "kiwi frais": 113.06632653061224, "figue fra\u00eeche": 30.0, "mangue fra\u00eeche": 50.0, "raisin blanc frais": 186.44827586206895, "fraise fra\u00eeche": 242.15686274509804, "nectarine non pel\u00e9e fra\u00eeche": 159.34782608695653, "melon frais": 277.85714285714283, "orange fra\u00eeche": 163.78048780487805, "fruits rouges frais (framboises, fraises, groseilles, cassis)": 50.0, "poire non pel\u00e9e fra\u00eeche": 169.97282608695653, "citron frais": 31.428571428571427, "prune reine-claude fra\u00eeche": 131.1764705882353, "cl\u00e9mentine ou mandarine fra\u00eeche": 112.52659574468085, "myrtille fra\u00eeche": 150.0, "pomme non pel\u00e9e fra\u00eeche": 202.12099125364432, "p\u00eache non pel\u00e9e fra\u00eeche": 154.46428571428572, "p\u00eache pel\u00e9e fra\u00eeche": 153.33333333333334}}}