{"fromages": {"fromages affin\u00e9s": {"fromage triple cr\u00e8me plus de 75% m.g. type brillat savarin": 53.333333333333336, "fromage et mini fromage type bonbel-babybel": 34.64705882352941, "bleu et mini bleu de bresse fromage \u00e0 p\u00e2te persill\u00e9e 45% m.g.": 35.714285714285715, "comt\u00e9 fromage \u00e0 p\u00e2te press\u00e9e cuite 45% m.g.": 30.0, "emmental all\u00e9g\u00e9": 35.5, "reblochon fromage \u00e0 p\u00e2te press\u00e9e non cuite 45% m.g.": 26.25, "brie fromage \u00e0 p\u00e2te molle \u00e0 cro\u00fbte fleurie 45% m.g.": 36.98275862068966, "pav\u00e9 d'affinois fromage \u00e0 p\u00e2te molle 45% m.g.": 17.5, "fromage des pyr\u00e9n\u00e9es au lait de vache": 17.857142857142858, "saint-paulin fromage \u00e0 p\u00e2te press\u00e9e non cuite 45-50% m.g.": 30.0, "fromage de ch\u00e8vre affin\u00e9 au lait pasteuris\u00e9 ou cru": 53.63636363636363, "coulommiers fromage \u00e0 p\u00e2te molle \u00e0 cro\u00fbte fleurie 40-45% m.g.": 37.142857142857146, "vacherin mont d'or fromage \u00e0 p\u00e2te molle \u00e0 cro\u00fbte lav\u00e9e au moins 45% m.g": 30.0, "caprice des dieux fromage \u00e0 p\u00e2te molle 60% m.g.": 46.785714285714285, "cantal salers ou laguiole fromages \u00e0 p\u00e2te press\u00e9e non cuite 45% m.g.": 29.166666666666668, "parmesan fromage \u00e0 p\u00e2te press\u00e9e cuite 45% m.g.": 27.333333333333332, "maasdam fromage \u00e0 p\u00e2te press\u00e9e non cuite \u00e0 trous 45% m.g.": 20.0, "fromage de ch\u00e8vre mi-sec": 41.02127659574468, "emmental fromage \u00e0 p\u00e2te press\u00e9e cuite 45% m.g.": 33.42857142857143, "fromage de ch\u00e8vre affin\u00e9 au lait cru": 15.714285714285714, "tome ou tomme fromage \u00e0 p\u00e2te press\u00e9e non cuite 45% m.g.": 36.666666666666664, "leerdammer fromage \u00e0 p\u00e2te press\u00e9e demi-cuite \u00e0 trous 45% m.g.": 36.75, "saint-nectaire fromage \u00e0 p\u00e2te press\u00e9e non cuite 45% m.g.": 37.5, "camembert et apparent\u00e9s 50% m.g.": 32.72727272727273, "raclette fromage \u00e0 p\u00e2te press\u00e9e non cuite 45% m.g.": 93.33333333333333, "mimolette fromage \u00e0 p\u00e2te press\u00e9e non cuite 45% m.g.": 33.57142857142857, "fromage sans pr\u00e9cision": 42.717241379310344, "gruy\u00e8re fromage \u00e0 p\u00e2te press\u00e9e cuite 45% m.g.": 28.916666666666668, "roquefort fromage de brebis \u00e0 p\u00e2te persill\u00e9e 52% m.g.": 44.83870967741935, "bleu d'auvergne fromage \u00e0 p\u00e2te persill\u00e9e 50% m.g.": 40.0, "fromage \u00e0 p\u00e2te molle \u00e0 cro\u00fbte fleurie genre camembert all\u00e9g\u00e9 20-30% m.g.": 35.833333333333336, "camembert sans pr\u00e9cision": 44.73790322580645, "beaufort fromage \u00e0 p\u00e2te press\u00e9e cuite 45% m.g.": 23.75, "sainte-maure fromage de ch\u00e8vre": 20.0, "saint albray fromage \u00e0 p\u00e2te molle 50% m.g.": 37.5, "rouy fromage \u00e0 p\u00e2te molle \u00e0 cro\u00fbte lav\u00e9e 40% m.g.": 50.625, "autre fromage \u00e0 p\u00e2te molle \u00e0 cro\u00fbte lav\u00e9e": 33.75, "fromage \u00e0 p\u00e2te press\u00e9e non cuite 40-50% m.g.": 53.333333333333336, "chaumes fromage \u00e0 p\u00e2te molle \u00e0 cro\u00fbte lav\u00e9e 50% m.g.": 15.0, "fromage de ch\u00e8vre sec": 20.0, "autre fromage \u00e0 p\u00e2te press\u00e9e cuite": 25.0, "maroilles fromage \u00e0 p\u00e2te molle \u00e0 cro\u00fbte lav\u00e9e 45% m.g.": 30.0, "crottin fromage de ch\u00e8vre": 30.0, "chaource fromage \u00e0 p\u00e2te molle \u00e0 cro\u00fbte fleurie 50% m.g.": 40.0, "camembert fromage \u00e0 p\u00e2te molle \u00e0 cro\u00fbte fleurie 45% m.g.": 46.470588235294116, "gruy\u00e8re r\u00e2p\u00e9 ajout\u00e9 au service": 20.0, "\u00e9dam fromage \u00e0 p\u00e2te press\u00e9e non cuite 40-45% m.g.": 30.0, "fromage des pyr\u00e9n\u00e9es au lait de brebis": 50.30357142857143, "vieux pan\u00e9 fromage \u00e0 p\u00e2te molle 50% m.g.": 45.0, "hollande fromage \u00e0 p\u00e2te press\u00e9e non cuite 30-40% m.g.": 40.0, "bleu au lait de vache fromage \u00e0 p\u00e2te persill\u00e9e sans pr\u00e9cision": 40.0, "gouda fromage \u00e0 p\u00e2te press\u00e9e non cuite 30-40% m.g.": 30.0, "munster fromage \u00e0 p\u00e2te molle \u00e0 cro\u00fbte lav\u00e9e 45-50% m.g.": 90.0}, "autres fromages ou fromage sans pr\u00e9cision": {"autre fromage": 42.5}, "fromages fondus": {"p'tit louis fromage fondu 65% m.g.": 23.285714285714285, "saint-moret fromage fondu demi-sel 30% m.g.": 15.9375, "fromage de ch\u00e8vre fondu \u00e0 tartiner nature type cabrette ou chavroux": 25.0, "vache qui rit fromage fondu 50% m.g.": 24.28, "fromage fondu en portions ou en cubes 45-50% m.g.": 23.5, "ap\u00e9ricube fromage fondu 50% m.g.": 26.666666666666668, "saint-moret all\u00e9g\u00e9 fromage fondu demi-sel 20% m.g.": 20.166666666666668, "snack pour enfants \u00e0 base de fromage fondu et gressins type pik et croq ou kiri": 35.0, "fromage fondu 25% m.g. type sylphide ou vache qui rit \u00e9quilibre et ligne": 20.0, "kiri cr\u00e8me fromage fondu double cr\u00e8me 70% m.g.": 19.642857142857142}, "fromages frais non affin\u00e9s": {"f\u00e9ta de brebis": 43.25, "boursin fromage frais sal\u00e9 aromatis\u00e9 70% m.g.": 24.125, "fromage de ch\u00e8vre frais": 30.0, "tartare fromage frais aromatis\u00e9 sal\u00e9 70% m.g.": 16.928571428571427, "carr\u00e9 frais fromage \u00e0 tartiner 40% m.g.": 22.666666666666668, "fromage frais \u00e0 tartiner \u00e0 plus de 60% m.g.": 26.76923076923077, "mozzarella": 43.75}}}