{"charcuterie": {"p\u00e2t\u00e9s, terrines, rillettes et foie gras": {"foie gras en conserve": 51.33870967741935, "p\u00e2t\u00e9 de t\u00eate ou fromage de t\u00eate": 66.46153846153847, "p\u00e2t\u00e9 de campagne": 38.035714285714285, "galantine": 53.25, "mousse de foie": 31.4, "p\u00e2t\u00e9 de foie de porc": 36.705882352941174, "rillettes pur porc": 54.94444444444444, "rillettes": 47.04761904761905, "p\u00e2t\u00e9 de foie de volaille": 41.375, "foie gras de canard entier en conserve": 53.333333333333336, "terrine de canard": 29.208333333333332}, "autre charcuterie ou charcuterie  sans pr\u00e9cision": {"autre charcuterie": 92.84210526315789}, "saucisses, saucissons, andouilles et boudins": {"saucisse de morteau cuite": 128.33333333333334, "mortadelle": 45.0, "andouille r\u00e9chauff\u00e9e": 50.333333333333336, "chorizo sec": 18.208333333333332, "saucisse s\u00e8che": 29.241666666666667, "saucisson sec pur porc": 41.666666666666664, "saucisse de francfort": 70.0, "boudin noir cuit": 99.48275862068965, "saucisse alsacienne fum\u00e9e ou gendarme": 150.0, "saucisse cocktail": 50.0, "rosette ou fuseau": 35.25, "saucisson sec": 34.298780487804876, "chair \u00e0 saucisse": 61.0, "salami": 24.285714285714285, "chipolata cuite": 73.94736842105263, "andouillette r\u00e9chauff\u00e9e": 135.0, "merguez de b\u0153uf et de mouton cuite": 94.41176470588235, "boudin blanc cuit": 137.5, "saucisson \u00e0 l'ail": 33.38095238095238, "saucisse de toulouse cuite": 114.6, "cervelas": 25.2, "saucisse sans pr\u00e9cision": 105.19672131147541, "saucisse de strasbourg": 93.04166666666667}, "jambons et charcuteries en pi\u00e8ces": {"jambon cuit dd (d\u00e9couenn\u00e9 d\u00e9graiss\u00e9)": 64.0, "jambon cuit": 54.17613636363637, "lardon ou bacon fum\u00e9 cuit": 70.0, "poitrine de porc fum\u00e9e": 86.0, "jambon cuit fum\u00e9": 40.0, "lardon nature cuit": 20.242105263157896, "jambon cuit sup\u00e9rieur": 67.25806451612904, "jambon cru fum\u00e9": 75.0, "jambon sec dd (d\u00e9couenn\u00e9 d\u00e9graiss\u00e9)": 61.36363636363637, "jambon cru": 47.324561403508774, "jambonneau cuit": 165.0, "bacon filet cuit": 22.333333333333332}}}