{"charcuterie": {"pâtés, terrines, rillettes et foie gras": {"foie gras en conserve": 51.33870967741935, "pâté de tête ou fromage de tête": 66.46153846153847, "pâté de campagne": 38.035714285714285, "galantine": 53.25, "mousse de foie": 31.4, "pâté de foie de porc": 36.705882352941174, "rillettes pur porc": 54.94444444444444, "rillettes": 47.04761904761905, "pâté de foie de volaille": 41.375, "foie gras de canard entier en conserve": 53.333333333333336, "terrine de canard": 29.208333333333332}, "autre charcuterie ou charcuterie  sans précision": {"autre charcuterie": 92.84210526315789}, "saucisses, saucissons, andouilles et boudins": {"saucisse de morteau cuite": 128.33333333333334, "mortadelle": 45.0, "andouille réchauffée": 50.333333333333336, "chorizo sec": 18.208333333333332, "saucisse sèche": 29.241666666666667, "saucisson sec pur porc": 41.666666666666664, "merguez de bœuf et de mouton cuite": 94.41176470588235, "saucisse de francfort": 70.0, "boudin noir cuit": 99.48275862068965, "saucisse alsacienne fumée ou gendarme": 150.0, "saucisse cocktail": 50.0, "rosette ou fuseau": 35.25, "saucisson sec": 34.298780487804876, "chair à saucisse": 61.0, "salami": 24.285714285714285, "chipolata cuite": 73.94736842105263, "andouillette réchauffée": 135.0, "boudin blanc cuit": 137.5, "saucisson à l'ail": 33.38095238095238, "saucisse de toulouse cuite": 114.6, "cervelas": 25.2, "saucisse sans précision": 105.19672131147541, "saucisse de strasbourg": 93.04166666666667}, "jambons et charcuteries en pièces": {"jambon cuit dd (découenné dégraissé)": 64.0, "jambon cuit": 54.17613636363637, "lardon ou bacon fumé cuit": 70.0, "poitrine de porc fumée": 86.0, "jambon cuit fumé": 40.0, "lardon nature cuit": 20.242105263157896, "jambon cuit supérieur": 67.25806451612904, "jambon cru fumé": 75.0, "jambon sec dd (découenné dégraissé)": 61.36363636363637, "jambon cru": 47.324561403508774, "jambonneau cuit": 165.0, "bacon filet cuit": 22.333333333333332}}}