{"entremets, cr\u00e8mes desserts et laits g\u00e9lifi\u00e9s": {"entremets": {"mousse au chocolat industrielle rayon frais": 135.27777777777777, "riz au lait rayon frais": 113.42105263157895, "g\u00e2teau de semoule en conserve type yabon ou mont-blanc": 210.0, "\u00eele flottante ou \u0153ufs \u00e0 la neige": 108.57142857142857, "cr\u00e8me anglaise": 49.44444444444444, "cr\u00e8me caramel type charles gervais": 97.85714285714286, "tiramisu": 120.0, "cr\u00e8me p\u00e2tissi\u00e8re": 133.33333333333334, "cr\u00e8me br\u00fbl\u00e9e": 69.16666666666667, "cr\u00e8me dessert aux \u0153ufs ou cr\u00e8me renvers\u00e9e type senoble cr\u00e8me aux \u0153ufs saveur van": 82.22222222222223, "clafoutis aux fruits": 264.5, "flan p\u00e2tissier aux \u0153ufs ou \u00e0 la parisienne": 225.37037037037038, "entremet sans pr\u00e9cision": 70.0, "g\u00e2teau de semoule au lait rayon frais": 146.42857142857142}, "cr\u00e8me dessert et lait g\u00e9lifi\u00e9": {"cr\u00e8me dessert rayon frais type danette": 122.85714285714286, "dessert au lait g\u00e9lifi\u00e9 aromatis\u00e9 napp\u00e9 de caramel type flanby": 116.19047619047619, "dessert au lait g\u00e9lifi\u00e9 aromatis\u00e9 au chocolat type dany": 108.33333333333333, "cr\u00e8me dessert au chocolat en conserve": 101.75, "cr\u00e8me dessert rayon frais ou appertis\u00e9e sans pr\u00e9cision": 116.25, "chocolat viennois ou li\u00e9geois": 120.0, "cr\u00e8me de marrons vanill\u00e9e en conserve": 64.0, "cr\u00e8me dessert \u00e0 la vanille enrichie en cr\u00e8me rayon frais type la laiti\u00e8re de nes": 87.5, "cr\u00e8me dessert all\u00e9g\u00e9e en mati\u00e8re grasse rayon frais type taillefine chocolat ou": 162.5, "cr\u00e8me dessert au soja nature rayon frais type sojasun nature": 95.9047619047619, "cr\u00e8me dessert au soja aromatis\u00e9e rayon frais type sojasun chocolat": 98.75, "cr\u00e8me dessert au soja aux fruits rayon frais type sojad\u00e9lice aux pruneaux": 100.0, "cr\u00e8me dessert au chocolat industrielle type danette ou petits filous": 114.23913043478261}}}