{"l\u00e9gumes secs": {"l\u00e9gumes secs": {"pois cass\u00e9 cuit": 250.0, "haricot rouge cuit": 150.0, "haricot blanc cuit": 154.54545454545453, "haricot blanc en conserve": 150.0, "lentille cuite": 177.09677419354838, "pois chiche cuit": 96.66666666666667, "haricot flageolet en conserve": 150.0, "f\u00e8ve cuite": 22.5}, "l\u00e9gumes secs pr\u00e9par\u00e9s": {"lentille cuisin\u00e9e en conserve": 170.45454545454547}}}