{"soupes et bouillons": {"potages et soupes": {"soupe poireau pomme de terre type fait maison": 316.6666666666667, "soupe aux champignons": 300.0, "soupe de poissons et/ou de crustac\u00e9s pr\u00e9emball\u00e9e \u00e0 r\u00e9chauffer": 350.0, "soupe \u00e0 la tomate pr\u00e9emball\u00e9e \u00e0 r\u00e9chauffer ou d\u00e9shydrat\u00e9e reconstitu\u00e9e": 307.60869565217394, "soupe aux l\u00e9gumes pr\u00e9emball\u00e9e \u00e0 r\u00e9chauffer": 287.0689655172414, "minestrone pr\u00e9emball\u00e9e \u00e0 r\u00e9chauffer ou d\u00e9shydrat\u00e9e reconstitu\u00e9e": 250.0, "soupe aux l\u00e9gumes type fait maison": 335.8744394618834, "soupe aux lentilles": 330.0, "soupe aux l\u00e9gumes d\u00e9shydrat\u00e9e reconstitu\u00e9e": 201.71428571428572, "soupe chinoise": 600.0, "soupe poireau pomme de terre pr\u00e9emball\u00e9e \u00e0 r\u00e9chauffer": 327.77777777777777, "soupe au potiron": 293.75, "soupe \u00e0 l'oignon": 293.75, "soupe \u00e0 la volaille et aux vermicelles pr\u00e9emball\u00e9e \u00e0 r\u00e9chauffer ou d\u00e9shydrat\u00e9e r": 328.0487804878049}, "bouillons": {"bouillon v\u00e9g\u00e9tal": 283.3333333333333, "bouillon de viande d\u00e9shydrat\u00e9 reconstitu\u00e9 type bouillon de b\u0153uf knorr": 331.0, "bouillon de viande et de l\u00e9gumes": 256.25, "bouillon de volaille d\u00e9shydrat\u00e9 reconstitu\u00e9 type bouillon de poule knorr": 253.3877551020408}}}