{"region_15_partitions_foodgrp_26": {"fruits": {"sans": {"fruit sans précision": 70.0, "ananas frais": 96.81818181818181, "cerise fraîche": 200.81967213114754, "framboise fraîche": 55.0, "pamplemousse frais": 122.33333333333333, "raisin noir frais": 104.9090909090909, "salade de fruits frais": 216.5, "fruit de la passion frais": 5.0, "autre fruit": 46.666666666666664, "pastèque fraîche": 674.0, "abricot frais": 133.16129032258064, "grenade fraîche": 60.833333333333336, "banane fraîche": 149.0376712328767, "kiwi frais": 113.06632653061224, "figue fraîche": 30.0, "mangue fraîche": 50.0, "raisin blanc frais": 186.44827586206895, "fraise fraîche": 242.15686274509804, "nectarine non pelée fraîche": 159.34782608695653, "melon frais": 277.85714285714283, "orange fraîche": 163.78048780487805, "fruits rouges frais (framboises, fraises, groseilles, cassis)": 50.0, "poire non pelée fraîche": 169.97282608695653, "citron frais": 31.428571428571427, "prune reine-claude fraîche": 131.1764705882353, "clémentine ou mandarine fraîche": 112.52659574468085, "myrtille fraîche": 150.0, "pomme non pelée fraîche": 202.12099125364432, "pêche non pelée fraîche": 154.46428571428572, "pêche pelée fraîche": 153.33333333333334}}}}