{"fruits secs et graines ol\u00e9agineuses": {"ol\u00e9agineux et graines": {"cacahu\u00e8te ou arachide": 24.928571428571427, "pistache r\u00f4tie sal\u00e9e": 32.2, "noix de cajou sal\u00e9e": 23.666666666666668, "cacahu\u00e8te grill\u00e9e sal\u00e9e": 40.0, "noix": 44.642857142857146, "graine de s\u00e9same et autres": 5.333333333333333, "pignon de pin": 11.0, "graine de tournesol": 60.0, "amande": 23.333333333333332, "noisette": 38.77777777777778}, "fruits secs et ch\u00e2taignes": {"abricot sec": 19.2, "ch\u00e2taigne grill\u00e9e": 49.0, "datte s\u00e8che": 17.333333333333332, "figue s\u00e8che": 55.0, "pruneau sec": 41.57142857142857, "ch\u00e2taigne cuite \u00e0 l'eau": 121.0, "m\u00e9lange pour ap\u00e9ritif de fruits exotiques s\u00e9ch\u00e9s": 20.0, "raisin sec": 22.428571428571427}, "m\u00e9langes": {"m\u00e9lange pour ap\u00e9ritif de graines sal\u00e9es et raisin sec": 41.666666666666664, "fruits secs ou s\u00e9ch\u00e9s et graines ol\u00e9agineuses sans pr\u00e9cision": 47.5}}}