{"lait": {"lait aromatis\u00e9": {"milk-shake sans pr\u00e9cision": 250.0, "lait demi-\u00e9cr\u00e9m\u00e9 aromatis\u00e9 au chocolat": 70.0}, "lait concentr\u00e9 ou en poudre": {"lait entier concentr\u00e9 sucr\u00e9": 21.22222222222222, "lait entier en poudre": 27.0}, "lait en bouteille ou en brique": {"lait demi-\u00e9cr\u00e9m\u00e9 pasteuris\u00e9": 250.0, "lait demi-\u00e9cr\u00e9m\u00e9 uht \u00e0 teneur garantie en prot\u00e9ines et vitamines enrichi en min\u00e9": 66.25, "lait entier uht": 183.33333333333334, "lait entier pasteuris\u00e9": 275.0, "lait \u00e9cr\u00e9m\u00e9 uht": 334.1489361702128, "lait de croissance infantile": 252.0, "lait demi-\u00e9cr\u00e9m\u00e9 uht": 213.0841121495327}, "autre lait": {"autre lait": 157.6315789473684}}}