{"caf\u00e9": {"sans": {"caf\u00e9 soluble d\u00e9caf\u00e9in\u00e9 reconstitu\u00e9 pr\u00eat \u00e0 boire non sucr\u00e9": 287.77777777777777, "caf\u00e9 soluble en poudre": 2.303921568627451, "caf\u00e9 au lait ou caf\u00e9 cr\u00e8me ou cappuccino non sucr\u00e9": 220.71428571428572, "caf\u00e9 soluble reconstitu\u00e9 pr\u00eat \u00e0 boire non sucr\u00e9": 158.3, "caf\u00e9 expresso non sucr\u00e9": 90.53030303030303, "caf\u00e9 noir pr\u00eat \u00e0 boire non sucr\u00e9": 198.6468105065666, "caf\u00e9 d\u00e9caf\u00e9in\u00e9 pr\u00eat \u00e0 boire non sucr\u00e9": 148.52941176470588}}}