{"p\u00e2tes": {"p\u00e2tes alimentaires": {"p\u00e2tes alimentaires aux oeufs cuites": 142.85714285714286, "p\u00e2tes alimentaires au bl\u00e9 complet cuites": 183.33333333333334, "p\u00e2tes alimentaires cuites": 146.22994652406416}}}