{"pommes de terre et apparent\u00e9s": {"sans": {"pur\u00e9e de pomme de terre avec lait et beurre non sal\u00e9e": 148.6764705882353, "pomme de terre rissol\u00e9e surgel\u00e9e": 134.4891304347826, "pur\u00e9e de pomme de terre \u00e0 base de flocons reconstitu\u00e9e au lait demi-\u00e9cr\u00e9m\u00e9": 166.66666666666666, "pomme de terre dauphine cuite": 86.66666666666667, "gnocchis de pommes de terre": 125.0, "pomme de terre frite surgel\u00e9e cuite": 75.45454545454545, "pomme de terre cuite \u00e0 la vapeur": 205.0, "pomme noisette pr\u00e9cuite surgel\u00e9e": 74.0, "pomme de terre cuite au four": 161.42857142857142, "pomme de terre frite non sal\u00e9e": 71.62162162162163, "patate douce cuite": 100.0, "pomme de terre cuite \u00e0 l'eau": 146.9517543859649}}}