{"region_15_partitions_foodgrp_43": {"condiments et sauces": {"condiments d'assaisonnement": {"ail frais": 3.318235294117647, "cube pour bouillon de bœuf": 1.6428571428571428, "vinaigre": 7.123926380368099, "sauce de soja": 14.0625, "concentré de tomate": 14.25}, "condiments d'accompagnement": {"câpres": 10.0, "olive verte en saumure": 22.454545454545453, "olive noire en saumure": 13.333333333333334, "moutarde": 7.851063829787234, "cornichon au vinaigre": 48.529411764705884, "tapenade d'olives": 6.0, "ketchup": 49.30232558139535}, "herbes aromatiques": {"basilic frais": 0.96, "persil frais": 5.357142857142857, "thym sec": 5.333333333333333, "ciboule ou ciboulette fraîche": 3.75, "cerfeuil frais": 5.0, "herbes aromatiques fraîches": 2.5125}, "sauces": {"sauce hollandaise": 30.0, "mayonnaise à l'huile de tournesol": 15.0, "sauce au yaourt": 20.0, "vinaigrette ajoutée au service": 19.947916666666668, "sauce tomate sans viande": 30.0, "sauce sans précision": 20.0, "sauce pesto": 40.0, "vinaigrette sans précision": 20.066964285714285, "sauce à la crème": 39.583333333333336, "sauce au vin rouge": 28.88888888888889, "mayonnaise ajoutée au service": 15.0, "sauce aux champignons": 30.0, "sauce au fromage": 30.0, "vinaigrette allégée ajoutée au service": 20.0, "sauce aigre-douce": 12.5, "mayonnaise": 15.625, "sauce au beurre": 27.0, "mayonnaise allégée": 8.666666666666666, "vinaigrette allégée": 19.4, "sauce mornay": 15.0, "sauce au curry": 38.0, "sauce tomate à la viande ou bolognaise type panzani ou buitoni": 46.666666666666664, "sauce moutarde": 31.0, "sauce à la crème aux épices": 20.0, "autre sauce": 35.0, "vinaigrette à l'huile d'olive": 18.513513513513512, "sauce béchamel en brique": 27.714285714285715}, "sel et épices": {"curry en poudre": 1.6666666666666667, "poivre noir moulu": 1.079591836734694, "gingembre moulu": 3.0, "cumin en graines": 1.3333333333333333, "sel fin ou gros": 2.143069306930693, "sel de mer": 2.168421052631579, "épices sans précision": 15.557407407407409}}}}