{"region_15_partitions_foodgrp_27": {"fruits secs et graines oléagineuses": {"oléagineux et graines": {"cacahuète ou arachide": 24.928571428571427, "pistache rôtie salée": 32.2, "noix de cajou salée": 23.666666666666668, "cacahuète grillée salée": 40.0, "noix": 44.642857142857146, "graine de sésame et autres": 5.333333333333333, "pignon de pin": 11.0, "graine de tournesol": 60.0, "amande": 23.333333333333332, "noisette": 38.77777777777778}, "fruits secs et châtaignes": {"abricot sec": 19.2, "châtaigne grillée": 49.0, "datte sèche": 17.333333333333332, "figue sèche": 55.0, "pruneau sec": 41.57142857142857, "châtaigne cuite à l'eau": 121.0, "mélange pour apéritif de fruits exotiques séchés": 20.0, "raisin sec": 22.428571428571427}, "mélanges": {"mélange pour apéritif de graines salées et raisin sec": 41.666666666666664, "fruits secs ou séchés et graines oléagineuses sans précision": 47.5}}}}