{"region_15_partitions_foodgrp_17": {"viande": {"bœuf en pièces ou haché": {"bœuf boulettes cuites": 79.16666666666667, "bœuf faux-filet grillé": 107.85714285714286, "steak haché 5% m.g. cuit": 130.0, "brochette de bœuf": 144.0, "carpaccio de boeuf": 15.0, "steak haché 15% m.g. cuit": 126.94915254237289, "bœuf à pot-au-feu cuit": 85.0, "boeuf bifteck grillé": 124.41176470588235, "steak haché 10% m.g. cuit": 80.0, "fondue bourguignonne": 240.0, "bœuf à bourguignon cuit": 106.25, "steak haché 5% m.g. cru": 165.0, "bœuf rosbif rôti": 122.6639344262295, "bœuf entrecôte grillée": 184.6}, "autre viande": {"autre viande": 116.66666666666667, "cheval viande rôtie": 133.33333333333334, "brochette mixte de viande": 125.0, "viande cuite sans précision": 105.25}, "porc": {"porc côtelette grillée": 143.75675675675674, "porc filet rôti maigre cuit": 128.63636363636363, "porc travers braisé": 127.05882352941177, "porc échine rôtie": 178.0, "porc rôti cuit": 96.23287671232876}, "agneau": {"agneau épaule rôtie": 80.0, "agneau côtelette grillée": 117.4, "brochette d'agneau": 200.0, "agneau gigot rôti": 110.625}, "veau": {"veau escalope cuite": 117.5, "veau rôti": 85.0, "veau filet rôti": 136.0, "veau côte cuite": 150.5, "veau mijoté": 102.3076923076923, "veau escalope panée": 100.0}}}}