{"region_15_partitions_foodgrp_34": {"café": {"sans": {"café soluble décaféiné reconstitué prêt à boire non sucré": 287.77777777777777, "café soluble en poudre": 2.303921568627451, "café au lait ou café crème ou cappuccino non sucré": 220.71428571428572, "café soluble reconstitué prêt à boire non sucré": 158.3, "café expresso non sucré": 90.53030303030303, "café noir prêt à boire non sucré": 198.6468105065666, "café décaféiné prêt à boire non sucré": 148.52941176470588}}}}