{"pizzas, quiches et p\u00e2tisseries sal\u00e9es": {"quiches et tartes sal\u00e9es": {"tarte au fromage ou quiche au fromage": 100.0, "flamenkueche (tarte sal\u00e9e aux lardons)": 251.25, "tarte aux poireaux": 111.14285714285714, "cake sal\u00e9 avec garniture (viande poisson volaille fromage l\u00e9gumes \u2026)": 55.0, "tarte au saumon et \u00e0 l'oseille": 121.42857142857143, "tarte proven\u00e7ale \u00e0 la tomate": 91.25, "tarte aux l\u00e9gumes": 130.83333333333334, "quiche lorraine": 110.69767441860465}, "pizzas": {"pizza jambon fromage": 116.76470588235294, "pizza royale (jambon fromage champignon)": 180.9090909090909, "autre pizza": 178.75, "pizza au fromage": 160.0, "pizza 4 fromages": 238.33333333333334, "pizza sans pr\u00e9cision": 158.9, "pizza sp\u00e9ciale": 210.9090909090909}, "feuillet\u00e9s et friands": {"feuillet\u00e9 fourr\u00e9 b\u00e9chamel jambon fromage": 153.0, "feuillet\u00e9 au saumon": 118.0, "croissant au jambon": 75.0, "friand au fromage artisanal": 132.5, "friand \u00e0 la viande artisanal": 150.0}}}