{"beurre": {"sans": {"beurre doux l\u00e9ger 39-41% m.g.": 11.481481481481481, "beurre sal\u00e9 sel > 3%": 7.0, "mati\u00e8re grasse laiti\u00e8re l\u00e9g\u00e8re 25% m.g. \u00e0 tartiner type bridelight": 9.454545454545455, "beurre doux": 13.286948176583493, "beurre all\u00e9g\u00e9 sans pr\u00e9cision": 14.418181818181818, "beurre sal\u00e9 non all\u00e9g\u00e9 ajout\u00e9 \u00e0 la cuisson": 9.117647058823529, "beurre all\u00e9g\u00e9 ajout\u00e9 au service": 8.962264150943396, "beurre all\u00e9g\u00e9 ajout\u00e9 \u00e0 la cuisson": 8.641304347826088, "beurre sal\u00e9 non all\u00e9g\u00e9 ajout\u00e9e au service": 7.8, "beurre demi-sel sel maxi 3%": 10.0, "beurre doux non all\u00e9g\u00e9 ajout\u00e9 \u00e0 la cuisson": 8.994565217391305, "beurre doux non all\u00e9g\u00e9 ajout\u00e9e au service": 9.371929824561404}}}