{"volaille et gibier": {"gibier": {"chevreuil r\u00f4ti": 125.0, "sanglier r\u00f4ti": 140.0, "autre gibier": 180.0, "faisan viande r\u00f4tie": 230.0}, "volailles et lapins": {"poule viande bouillie": 150.83333333333334, "blanc de poulet cuit": 86.80232558139535, "poulet cuisse r\u00f4tie viande et peau": 232.10526315789474, "dinde viande r\u00f4tie": 103.63636363636364, "lapin en rago\u00fbt": 146.25, "lapin viande cuite": 167.0, "pigeon viande r\u00f4tie": 140.75, "confit de canard": 200.6, "brochette de volaille": 122.0, "poule bouillie viande et peau": 255.0, "dinde ou autre volaille escalope saut\u00e9e": 110.10416666666667, "volaille cuite sans pr\u00e9cision": 63.333333333333336, "canard viande r\u00f4tie": 151.875, "canard magret cuit \u00e0 la po\u00eale": 119.13207547169812, "autre volaille cuite": 163.11111111111111, "caille cuite viande et peau": 150.0, "poulet r\u00f4ti viande et peau": 138.1523076923077}}}