{"huile": {"sans": {"huile d'arachide ajout\u00e9e au service": 11.4, "autre huile v\u00e9g\u00e9tale": 10.0, "huile m\u00e9lang\u00e9e (type isio 4) ajout\u00e9e au service": 9.333333333333334, "huile de colza ajout\u00e9e \u00e0 la cuisson": 12.0, "huile de p\u00e9pin de raisins ajout\u00e9e au service": 10.0, "huile d'olive vierge": 11.524590163934427, "huile de noix": 9.285714285714286, "huile de p\u00e9pins de raisin": 9.75, "huile d'olive ajout\u00e9e au service": 9.398496240601503, "huile de colza ajout\u00e9e au service": 10.11111111111111, "huile d'olive ajout\u00e9e \u00e0 la cuisson": 11.097625329815303, "huile d'arachide ajout\u00e9e \u00e0 la cuisson": 11.0, "huile de p\u00e9pin de raisins ajout\u00e9e \u00e0 la cuisson": 10.736842105263158, "huile m\u00e9lang\u00e9e (type isio 4) ajout\u00e9e \u00e0 la cuisson": 11.014285714285714, "huile de colza": 7.5, "huile v\u00e9g\u00e9tale sans pr\u00e9cision": 14.791935483870969, "huile m\u00e9lang\u00e9e \u00e9quilibr\u00e9e type isio 4": 11.791666666666666, "huile de tournesol ajout\u00e9e \u00e0 la cuisson": 11.403726708074535, "huile de ma\u00efs ajout\u00e9e \u00e0 la cuisson": 12.0, "huile de tournesol ajout\u00e9e au service": 8.266666666666667, "huile d'arachide": 9.0, "huile de tournesol": 14.030973451327434}}}