{"viande": {"autre viande": {"autre viande": 116.66666666666667, "cheval viande r\u00f4tie": 133.33333333333334, "brochette mixte de viande": 125.0, "viande cuite sans pr\u00e9cision": 105.25}, "b\u0153uf en pi\u00e8ces ou hach\u00e9": {"b\u0153uf \u00e0 pot-au-feu cuit": 85.0, "b\u0153uf boulettes cuites": 79.16666666666667, "b\u0153uf faux-filet grill\u00e9": 107.85714285714286, "brochette de b\u0153uf": 144.0, "steak hach\u00e9 5% m.g. cuit": 130.0, "steak hach\u00e9 10% m.g. cuit": 80.0, "carpaccio de boeuf": 15.0, "steak hach\u00e9 15% m.g. cuit": 126.94915254237289, "fondue bourguignonne": 240.0, "boeuf bifteck grill\u00e9": 124.41176470588235, "b\u0153uf \u00e0 bourguignon cuit": 106.25, "b\u0153uf entrec\u00f4te grill\u00e9e": 184.6, "b\u0153uf rosbif r\u00f4ti": 122.6639344262295, "steak hach\u00e9 5% m.g. cru": 165.0}, "porc": {"porc c\u00f4telette grill\u00e9e": 143.75675675675674, "porc filet r\u00f4ti maigre cuit": 128.63636363636363, "porc travers brais\u00e9": 127.05882352941177, "porc \u00e9chine r\u00f4tie": 178.0, "porc r\u00f4ti cuit": 96.23287671232876}, "agneau": {"agneau \u00e9paule r\u00f4tie": 80.0, "agneau c\u00f4telette grill\u00e9e": 117.4, "brochette d'agneau": 200.0, "agneau gigot r\u00f4ti": 110.625}, "veau": {"veau escalope cuite": 117.5, "veau r\u00f4ti": 85.0, "veau filet r\u00f4ti": 136.0, "veau c\u00f4te cuite": 150.5, "veau mijot\u00e9": 102.3076923076923, "veau escalope pan\u00e9e": 100.0}}}