{"boissons alcoolis\u00e9es": {"cidre": {"cidre": 120.0, "cidre doux": 325.0}, "spiritueux et vins cuits": {"eau-de-vie": 47.5, "cognac armagnac": 37.5, "vodka": 253.33333333333334, "rhum": 50.625, "porto": 55.55555555555556, "ap\u00e9ritif \u00e0 base de vin ou vermouth type martini": 67.85714285714286, "pastis": 40.0, "ap\u00e9ritif \u00e0 la gentiane": 47.5, "vin doux naturel ou vin mut\u00e9 autre que porto type muscat banyuls ou maury": 68.88888888888889, "gin": 50.0, "liqueurs": 51.125, "whisky": 69.31818181818181}, "vin": {"vin sans pr\u00e9cision": 172.9512195121951, "vin rouge 11\u00b0": 215.625, "vin blanc 11\u00b0": 198.00877192982455, "vin rouge 12\u00b0": 180.359649122807, "vin rouge 10\u00b0": 203.5142857142857, "vin blanc mousseux": 180.0, "champagne": 204.53125, "vin ros\u00e9 11\u00b0": 238.67088607594937, "vin rouge 13\u00b0 et plus": 150.0}, "cocktails et m\u00e9langes": {"kir": 120.83333333333333, "cocktail type punch planteur": 192.85714285714286, "sangria": 175.0, "panach\u00e9": 277.77777777777777, "pastis pr\u00eat \u00e0 boire (1+5)": 197.64705882352942, "p\u00e9tillant de fruits": 120.0, "cocktail alcoolis\u00e9": 240.0}, "bi\u00e8re": {"bi\u00e8re de sp\u00e9cialit\u00e9s ou d'abbaye r\u00e9gionales ou de brasserie degr\u00e9 d'alcool varia": 250.0, "bi\u00e8re sp\u00e9ciale \u00e0 5-6\u00b0 d'alcool type 1664 pelforth ambr\u00e9e ou fischer heineken": 285.0, "bi\u00e8re forte \u00e0 plus de 8\u00b0 d'alcool type duvel bavaria 8.6 ou leffe triple": 250.0, "bi\u00e8re c\u0153ur de march\u00e9 \u00e0 4-5\u00b0 d'alcool type kronenbourg ou 33 export": 360.3061224489796}}}