{"sucres et dérivés": {"confiserie": {"bonbons gélifiés": 27.727272727272727, "confiserie à base de cacahuètes dragéifiées enrobées de chocolat type m&ms cacah": 16.5, "pâte de fruits": 38.0, "pâte d'amande fabrication industrielle": 40.0, "chewing-gum sucré": 3.74, "confiserie dragéifiée au chocolat type smarties": 15.0, "bonbons tout type sauf gélifiés": 19.295060240963856, "chewing-gum sans sucre": 3.25, "nougat ou touron": 36.75}, "confiture et miel": {"miel": 18.153225806451612, "confiture de cerise": 50.0, "confiture ajoutée au service": 11.646341463414634, "confiture d'orange": 25.0, "confiture de fraise": 22.972972972972972, "confiture d'abricot": 32.903225806451616, "confiture ou marmelade tout type": 34.0125, "confiture allégée": 26.547619047619047}, "sucre et assimilés": {"sucre roux": 9.91388888888889, "sucre blanc": 8.290153631284916, "sucre blanc ajouté au service": 6.689895470383275, "sucre allégé type tutti free": 5.636363636363637, "fructose": 15.555555555555555}}}