{"boissons alcoolisées": {"cidre": {"cidre": 120.0, "cidre doux": 325.0}, "spiritueux et vins cuits": {"eau-de-vie": 47.5, "cognac armagnac": 37.5, "vodka": 253.33333333333334, "rhum": 50.625, "porto": 55.55555555555556, "apéritif à base de vin ou vermouth type martini": 67.85714285714286, "pastis": 40.0, "apéritif à la gentiane": 47.5, "vin doux naturel ou vin muté autre que porto type muscat banyuls ou maury": 68.88888888888889, "gin": 50.0, "liqueurs": 51.125, "whisky": 69.31818181818181}, "vin": {"vin sans précision": 172.9512195121951, "vin rouge 11°": 215.625, "vin blanc 11°": 198.00877192982455, "vin rouge 12°": 180.359649122807, "vin rouge 10°": 203.5142857142857, "vin blanc mousseux": 180.0, "champagne": 204.53125, "vin rosé 11°": 238.67088607594937, "vin rouge 13° et plus": 150.0}, "cocktails et mélanges": {"kir": 120.83333333333333, "cocktail type punch planteur": 192.85714285714286, "sangria": 175.0, "panaché": 277.77777777777777, "pastis prêt à boire (1+5)": 197.64705882352942, "pétillant de fruits": 120.0, "cocktail alcoolisé": 240.0}, "bière": {"bière cœur de marché à 4-5° d'alcool type kronenbourg ou 33 export": 360.3061224489796, "bière spéciale à 5-6° d'alcool type 1664 pelforth ambrée ou fischer heineken": 285.0, "bière forte à plus de 8° d'alcool type duvel bavaria 8.6 ou leffe triple": 250.0, "bière de spécialités ou d'abbaye régionales ou de brasserie degré d'alcool varia": 250.0}}}