{"abats": {"sans": {"foie de volaille cuit": 107.14285714285714, "rognon cuit sans pr\u00e9cision": 130.0, "foie de g\u00e9nisse cuit": 104.375, "rognon de b\u0153uf cuit": 80.0, "autre abat": 350.0, "langue de b\u0153uf cuite": 50.0, "c\u0153ur de b\u0153uf cuit": 96.875, "canard g\u00e9sier confit \u00e9goutt\u00e9 et r\u00e9chauff\u00e9": 64.58333333333333, "ris de veau brais\u00e9 ou po\u00eal\u00e9": 100.0, "foie de veau cuit": 97.5}}}