{"l\u00e9gumes (hors pommes de terre)": {"champignons": {"champignon tout type cru sans pr\u00e9cision": 70.83333333333333, "champignon tout type en conserve": 97.70588235294117, "champignon de paris en conserve": 83.63636363636364, "champignon de paris saut\u00e9": 63.833333333333336}, "m\u00e9langes de l\u00e9gumes, l\u00e9gumes pr\u00e9par\u00e9s et autres l\u00e9gumes": {"ratatouille ni\u00e7oise": 168.26415094339623, "l\u00e9gume en pur\u00e9e hors pomme de terre non sal\u00e9": 143.1818181818182, "crudit\u00e9s vinaigrette sans pr\u00e9cision": 96.66666666666667, "c\u00e9leri r\u00e9moulade": 66.66666666666667, "pulpe de tomate en conserve": 3.0, "champignons \u00e0 la grecque": 175.0, "pur\u00e9e de tomate": 47.5, "petits pois et carottes en conserve": 114.42857142857143, "l\u00e9gumes cuits sans pr\u00e9cision": 117.10526315789474, "guacamole industriel": 20.0, "autre l\u00e9gume frais ou crudit\u00e9, sans assaisonnement": 48.333333333333336, "mac\u00e9doine de l\u00e9gumes en conserve": 172.0, "l\u00e9gumes m\u00e9lang\u00e9s surgel\u00e9s": 147.88888888888889, "terrine ou mousse de l\u00e9gumes": 98.5, "choucroute sans garniture": 200.0}, "choux": {"chou-fleur cuit": 157.69230769230768, "chou vert cuit": 108.33333333333333, "chou blanc cru": 38.333333333333336, "chou rouge cru": 47.22222222222222, "chou-fleur cru": 227.5, "brocoli cuit": 177.0, "chou de bruxelles cuit": 116.66666666666667, "chou de bruxelles en conserve": 69.0}, "l\u00e9gumes tiges": {"asperge cuite": 107.09375, "artichaut cuit": 374.875, "germe ou pousse de soja en conserve": 25.0, "c\u00e9leri branche cuit": 115.0, "germe ou pousse de soja cru": 54.642857142857146, "poireau cuit": 89.27083333333333, "fenouil cuit \u00e0 l'eau": 137.5, "c\u0153ur de palmier en conserve": 64.70588235294117, "asperge en conserve": 79.34615384615384}, "haricots verts et petits pois (l\u00e9gumes potagers)": {"haricot vert surgel\u00e9 cuit": 125.72340425531915, "haricot beurre en conserve": 110.0, "petit pois cuit": 117.6969696969697, "petit pois en conserve": 121.8125, "haricot vert cuit": 116.47402597402598, "haricot vert en conserve \u00e9goutt\u00e9": 126.41463414634147}, "l\u00e9gumes racines, tubercules ou bulbes": {"oignon cuit": 23.136363636363637, "salsifis en conserve": 127.08333333333333, "oignon cru": 19.55, "carotte en conserve": 75.0, "radis rouge cru": 64.03225806451613, "\u00e9chalote crue": 7.456521739130435, "betterave rouge cuite": 64.6875, "radis noir cru": 68.75, "navet cuit": 57.5, "c\u00e9leri-rave cru": 71.875, "carotte cuite": 94.37288135593221, "salsifis cuit": 100.0, "carotte crue": 71.775}, "l\u00e9gumes fruits": {"tomate cerise crue": 27.5, "courgette crue": 75.0, "poivron vert jaune ou rouge cru": 47.5, "potiron cuit": 112.5, "ma\u00efs doux en conserve": 47.0, "aubergine cuite": 114.61538461538461, "poivron vert jaune ou rouge cuit": 53.55882352941177, "ma\u00efs doux en \u00e9pis cuit": 61.42857142857143, "poivron vert cru": 25.0, "poivron rouge cuit": 100.0, "tomate pel\u00e9e en conserve": 190.0, "concombre cru pulpe": 85.18115942028986, "tomate crue": 88.65566037735849, "avocat frais": 99.79166666666667, "courgette cuite": 120.20370370370371}, "l\u00e9gumes feuilles": {"scarole crue": 51.53846153846154, "endive cuite": 154.16666666666666, "\u00e9pinard cru": 20.0, "chicor\u00e9e fris\u00e9e crue": 33.333333333333336, "m\u00e2che crue": 38.484848484848484, "oseille cuite \u00e0 l'eau": 30.0, "autre salade sans assaisonnement": 43.333333333333336, "laitue cuite": 40.0, "laitue crue": 36.170212765957444, "\u00e9pinard cuit": 153.7037037037037, "cresson": 15.0, "salade verte sans assaisonnement sans pr\u00e9cision": 36.285714285714285, "bette ou blette cuite": 154.5, "laitue romaine crue": 20.0, "pissenlit cru": 40.0, "endive crue": 35.91549295774648}}}