{"riz et blé dur ou concassé": {"riz": {"riz blanc cuit": 116.15942028985508, "riz blanc étuvé cuit": 250.0, "riz complet cuit": 142.85714285714286}, "blé": {"couscous (graine seule) semoule cuite": 118.5, "blé dur précuit nature type ebly": 83.05555555555556}}}