{"eaux": {"eau minérale plate": {"évian eau plate": 295.8181818181818, "courmayeur eau plate": 256.0, "saint amand vauban eau plate": 362.962962962963, "luchon eau plate": 268.5, "orée du bois eau plate": 244.0, "abatilles eau plate": 241.9047619047619, "vittel eau plate": 363.5897435897436, "hépar eau plate": 385.2083333333333, "alet eau plate": 120.0, "eau minérale plate sans précision": 355.38461538461536, "mont roucous eau plate": 204.0, "valvert eau plate": 500.0, "contrex eau plate": 369.59016393442624, "thonon eau plate": 308.3333333333333, "volvic eau plate": 402.32183908045977, "amanda eau plate": 366.6666666666667, "chambon eau plate": 633.3333333333334}, "eau du robinet": {"eau du robinet": 304.00040650406504}, "eau minérale gazeuse": {"eau gazeuse sans précision": 292.0, "salvetat eau gazeuse": 415.38461538461536, "saint yorre eau gazeuse": 250.0, "perrier eau gazeuse": 285.9259259259259, "quézac eau gazeuse": 125.0, "badoit eau gazeuse": 477.77777777777777, "vichy célestins eau gazeuse": 250.0, "ogeu eau gazeuse": 264.3137254901961, "arvie eau gazeuse": 400.0, "la vernière eau gazeuse": 471.8181818181818, "sainte marguerite eau gazeuse": 450.7692307692308}, "eau de source": {"eau de source": 332.39130434782606}, "autre eau": {"eau minérale sans précision": 364.5, "autre eau minérale": 373.3333333333333, "eau minérale ou non faiblement minéralisée": 339.69072164948454}}}