{"oeufs et d\u00e9riv\u00e9s": {"sans": {"omelette aux lardons": 100.0, "omelette nature cuite au beurre": 161.30434782608697, "oeuf dur": 61.452991452991455, "oeuf poch\u00e9": 90.0, "jaune d'\u0153uf cuit": 23.333333333333332, "oeuf au plat sal\u00e9": 93.53488372093024, "omelette aux fines herbes": 150.0, "omelette aux champignons": 165.83333333333334, "oeuf \u00e0 la coque": 82.5, "oeufs brouill\u00e9s au beurre": 150.0, "omelette au fromage": 100.0}}}