{"pain et panification s\u00e8che": {"biscottes et panification s\u00e8che": {"autre biscotte": 34.06206896551724, "tartine extrud\u00e9e fourr\u00e9e au chocolat ou aux fruits type craquinette de lu": 35.2, "pain grill\u00e9 au froment type tranches pain grill\u00e9 pelletier lu braisotte jacquet": 38.857142857142854, "biscotte compl\u00e8te ou riche en fibres": 51.333333333333336, "biscotte multic\u00e9r\u00e9ales type heudebert aux six c\u00e9r\u00e9ales": 18.0, "pain grill\u00e9 multic\u00e9r\u00e9ales type pain grill\u00e9 multic\u00e9r\u00e9ales heudebert lu": 30.0, "biscotte classique type heudebert lu": 26.073394495412845}, "autres produits de panification": {"chapelure ou panure": 5.333333333333333, "cro\u00fbtons": 25.46153846153846, "fougasse garnie": 100.0}, "pain": {"pain grill\u00e9 maison": 58.71951219512195, "pain aux c\u00e9r\u00e9ales artisanal": 68.29545454545455, "pain courant fran\u00e7ais boule \u00e0 la levure": 61.0, "pain sans pr\u00e9cision": 77.02380952380952, "pain de seigle et froment": 30.416666666666668, "pain brioch\u00e9 ou viennois": 70.71428571428571, "pain complet ou int\u00e9gral artisanal": 51.93333333333333, "pain type poil\u00e2ne": 52.0, "autre pain": 63.4375, "pain de mie": 62.473684210526315, "pain baguette": 65.01924320827943, "pain de campagne ou bis": 66.03991596638656}}}