{"oeufs et dérivés": {"sans": {"omelette aux lardons": 100.0, "jaune d'œuf cuit": 23.333333333333332, "omelette nature cuite au beurre": 161.30434782608697, "oeuf dur": 61.452991452991455, "oeuf poché": 90.0, "oeuf au plat salé": 93.53488372093024, "omelette aux fines herbes": 150.0, "omelette aux champignons": 165.83333333333334, "oeuf à la coque": 82.5, "oeufs brouillés au beurre": 150.0, "omelette au fromage": 100.0}}}