{"légumes (hors pommes de terre)": {"champignons": {"champignon tout type cru sans précision": 70.83333333333333, "champignon tout type en conserve": 97.70588235294117, "champignon de paris en conserve": 83.63636363636364, "champignon de paris sauté": 63.833333333333336}, "mélanges de légumes, légumes préparés et autres légumes": {"ratatouille niçoise": 168.26415094339623, "légume en purée hors pomme de terre non salé": 143.1818181818182, "crudités vinaigrette sans précision": 96.66666666666667, "céleri rémoulade": 66.66666666666667, "pulpe de tomate en conserve": 3.0, "champignons à la grecque": 175.0, "purée de tomate": 47.5, "petits pois et carottes en conserve": 114.42857142857143, "légumes cuits sans précision": 117.10526315789474, "guacamole industriel": 20.0, "autre légume frais ou crudité, sans assaisonnement": 48.333333333333336, "macédoine de légumes en conserve": 172.0, "légumes mélangés surgelés": 147.88888888888889, "terrine ou mousse de légumes": 98.5, "choucroute sans garniture": 200.0}, "choux": {"chou-fleur cuit": 157.69230769230768, "chou vert cuit": 108.33333333333333, "chou blanc cru": 38.333333333333336, "chou rouge cru": 47.22222222222222, "chou-fleur cru": 227.5, "brocoli cuit": 177.0, "chou de bruxelles cuit": 116.66666666666667, "chou de bruxelles en conserve": 69.0}, "légumes tiges": {"asperge cuite": 107.09375, "cœur de palmier en conserve": 64.70588235294117, "artichaut cuit": 374.875, "germe ou pousse de soja en conserve": 25.0, "céleri branche cuit": 115.0, "germe ou pousse de soja cru": 54.642857142857146, "poireau cuit": 89.27083333333333, "fenouil cuit à l'eau": 137.5, "asperge en conserve": 79.34615384615384}, "haricots verts et petits pois (légumes potagers)": {"haricot vert surgelé cuit": 125.72340425531915, "haricot beurre en conserve": 110.0, "petit pois cuit": 117.6969696969697, "petit pois en conserve": 121.8125, "haricot vert cuit": 116.47402597402598, "haricot vert en conserve égoutté": 126.41463414634147}, "légumes racines, tubercules ou bulbes": {"oignon cuit": 23.136363636363637, "salsifis en conserve": 127.08333333333333, "oignon cru": 19.55, "carotte en conserve": 75.0, "radis rouge cru": 64.03225806451613, "échalote crue": 7.456521739130435, "betterave rouge cuite": 64.6875, "radis noir cru": 68.75, "navet cuit": 57.5, "céleri-rave cru": 71.875, "carotte cuite": 94.37288135593221, "salsifis cuit": 100.0, "carotte crue": 71.775}, "légumes fruits": {"tomate cerise crue": 27.5, "courgette crue": 75.0, "poivron vert jaune ou rouge cru": 47.5, "potiron cuit": 112.5, "maïs doux en conserve": 47.0, "aubergine cuite": 114.61538461538461, "poivron vert jaune ou rouge cuit": 53.55882352941177, "maïs doux en épis cuit": 61.42857142857143, "poivron vert cru": 25.0, "poivron rouge cuit": 100.0, "tomate pelée en conserve": 190.0, "concombre cru pulpe": 85.18115942028986, "tomate crue": 88.65566037735849, "avocat frais": 99.79166666666667, "courgette cuite": 120.20370370370371}, "légumes feuilles": {"scarole crue": 51.53846153846154, "endive cuite": 154.16666666666666, "épinard cru": 20.0, "chicorée frisée crue": 33.333333333333336, "mâche crue": 38.484848484848484, "oseille cuite à l'eau": 30.0, "autre salade sans assaisonnement": 43.333333333333336, "laitue cuite": 40.0, "laitue crue": 36.170212765957444, "épinard cuit": 153.7037037037037, "cresson": 15.0, "salade verte sans assaisonnement sans précision": 36.285714285714285, "bette ou blette cuite": 154.5, "laitue romaine crue": 20.0, "pissenlit cru": 40.0, "endive crue": 35.91549295774648}}}