{"riz et bl\u00e9 dur ou concass\u00e9": {"riz": {"riz blanc cuit": 116.15942028985508, "riz blanc \u00e9tuv\u00e9 cuit": 250.0, "riz complet cuit": 142.85714285714286}, "bl\u00e9": {"couscous (graine seule) semoule cuite": 118.5, "bl\u00e9 dur pr\u00e9cuit nature type ebly": 83.05555555555556}}}