{"sucres et d\u00e9riv\u00e9s": {"confiserie": {"bonbons g\u00e9lifi\u00e9s": 27.727272727272727, "confiserie \u00e0 base de cacahu\u00e8tes drag\u00e9ifi\u00e9es enrob\u00e9es de chocolat type m&ms cacah": 16.5, "p\u00e2te de fruits": 38.0, "p\u00e2te d'amande fabrication industrielle": 40.0, "chewing-gum sucr\u00e9": 3.74, "confiserie drag\u00e9ifi\u00e9e au chocolat type smarties": 15.0, "bonbons tout type sauf g\u00e9lifi\u00e9s": 19.295060240963856, "chewing-gum sans sucre": 3.25, "nougat ou touron": 36.75}, "confiture et miel": {"miel": 18.153225806451612, "confiture de cerise": 50.0, "confiture ajout\u00e9e au service": 11.646341463414634, "confiture d'orange": 25.0, "confiture de fraise": 22.972972972972972, "confiture d'abricot": 32.903225806451616, "confiture ou marmelade tout type": 34.0125, "confiture all\u00e9g\u00e9e": 26.547619047619047}, "sucre et assimil\u00e9s": {"sucre roux": 9.91388888888889, "sucre blanc": 8.290153631284916, "sucre blanc ajout\u00e9 au service": 6.689895470383275, "sucre all\u00e9g\u00e9 type tutti free": 5.636363636363637, "fructose": 15.555555555555555}}}