{"p\u00e2tisseries et g\u00e2teaux": {"p\u00e2tisseries et tartes": {"tarte ou tartelette aux pommes": 173.8679245283019, "p\u00e2tisserie orientale aux amandes et au sirop": 120.0, "p\u00e2tisserie sans pr\u00e9cision": 106.38461538461539, "crumble aux pommes": 152.5, "millefeuille": 127.5, "chou \u00e0 la cr\u00e8me chantilly ou p\u00e2tissi\u00e8re": 94.75, "tarte \u00e0 la cr\u00e8me": 300.0, "tarte ou tartelette aux fruits": 180.45454545454547, "chouquette artisanale": 40.0, "macaron moelleux fourr\u00e9 \u00e0 la confiture ou \u00e0 la cr\u00e8me artisanal": 25.0, "autre p\u00e2tisserie": 61.25, "\u00e9clair": 88.15789473684211}, "g\u00e2teaux": {"g\u00e2teau moelleux fourr\u00e9 au chocolat ou aux p\u00e9pites de chocolat noir ou au lait": 40.72222222222222, "pain d'\u00e9pices": 60.0, "autre g\u00e2teau": 123.21428571428571, "g\u00e2teau au chocolat": 96.8, "muffin": 75.0, "galette des rois feuillet\u00e9e fourr\u00e9e \u00e0 la frangipane": 144.19565217391303, "g\u00e2teau moelleux g\u00e9noise fourr\u00e9e \u00e0 l'orange enrob\u00e9e de chocolat type pim's": 33.25, "g\u00e2teau au fromage blanc": 50.0, "g\u00e2teau moelleux fourr\u00e9 aux fruits type mini roul\u00e9 fraise captain choc": 70.6, "baba au rhum": 155.0, "cake aux fruits": 53.30769230769231, "madeleine": 67.5925925925926, "g\u00e2teau \u00e0 la cr\u00e8me": 157.93333333333334, "g\u00e2teau sans pr\u00e9cision": 99.16666666666667, "g\u00e2teau mousse aux fruits sur g\u00e9noise type miroir aux fruits rouges de picard": 84.44444444444444, "brownie au chocolat": 74.6, "quatre-quarts fabrication industrielle": 55.964285714285715}, "beignets, cr\u00eapes et gaufres": {"cr\u00eape au froment fourr\u00e9e au chocolat ou ou \u00e0 la p\u00e2te \u00e0 tartiner chocolat et nois": 175.0, "cr\u00eape ou galette bretonne au bl\u00e9 noir ou sarrasin": 76.66666666666667, "blinis": 52.0, "cr\u00eape au froment sucr\u00e9e non fourr\u00e9e": 95.0, "beignet fourr\u00e9 aux fruits": 60.55555555555556, "cr\u00eape au froment nature": 151.03571428571428, "beignet sucr\u00e9 nature": 66.75, "gaufre bruxelloise ou li\u00e9geoise avec ou sans chocolat pr\u00e9emball\u00e9e": 71.21428571428571, "beignet fourr\u00e9 \u00e0 la confiture": 52.857142857142854}}}