{"beurre": {"sans": {"beurre doux léger 39-41% m.g.": 11.481481481481481, "beurre salé sel > 3%": 7.0, "matière grasse laitière légère 25% m.g. à tartiner type bridelight": 9.454545454545455, "beurre doux": 13.286948176583493, "beurre allégé sans précision": 14.418181818181818, "beurre salé non allégé ajouté à la cuisson": 9.117647058823529, "beurre allégé ajouté au service": 8.962264150943396, "beurre allégé ajouté à la cuisson": 8.641304347826088, "beurre salé non allégé ajoutée au service": 7.8, "beurre demi-sel sel maxi 3%": 10.0, "beurre doux non allégé ajouté à la cuisson": 8.994565217391305, "beurre doux non allégé ajoutée au service": 9.371929824561404}}}