{"pommes de terre et apparent\u00e9s": {"sans": {"pur\u00e9e de pomme de terre avec lait et beurre non sal\u00e9e": 170.0, "pomme de terre rissol\u00e9e surgel\u00e9e": 140.47619047619048, "pur\u00e9e de pomme de terre \u00e0 base de flocons reconstitu\u00e9e au lait demi-\u00e9cr\u00e9m\u00e9": 167.85714285714286, "pomme de terre dauphine cuite": 75.0, "pomme de terre frite surgel\u00e9e cuite": 85.41666666666667, "pomme de terre cuite \u00e0 la vapeur": 245.45454545454547, "pomme de terre frite non sal\u00e9e": 66.07142857142857, "pomme de terre cuite \u00e0 l'eau": 181.66666666666666}}}