{"viennoiserie": {"sans": {"croissant au beurre artisanal": 61.875, "croissant sans pr\u00e9cision": 62.857142857142854, "brioche sans pr\u00e9cision": 57.5, "pain aux raisins": 85.0, "pain au chocolat feuillet\u00e9 artisanal": 69.59677419354838, "brioche industrielle pr\u00e9emball\u00e9e": 57.76923076923077, "autre viennoiserie": 110.0, "chausson aux pommes": 82.5, "pain au lait artisanal": 66.42857142857143, "croissant ordinaire artisanal": 73.33333333333333}}}