{"boissons alcoolis\u00e9es": {"cidre": {"cidre": 250.0}, "spiritueux et vins cuits": {"eau-de-vie": 50.0, "cognac armagnac": 40.0, "ap\u00e9ritif \u00e0 base de vin ou vermouth type martini": 50.0, "porto": 75.0, "vin doux naturel ou vin mut\u00e9 autre que porto type muscat banyuls ou maury": 50.0, "liqueurs": 24.0, "whisky": 57.142857142857146}, "vin": {"vin blanc 11\u00b0": 260.3333333333333, "vin rouge 12\u00b0": 229.8684210526316, "vin rouge 10\u00b0": 341.6666666666667, "vin rouge 11\u00b0": 203.33333333333334, "champagne": 200.0, "vin ros\u00e9 11\u00b0": 255.78947368421052, "vin rouge 13\u00b0 et plus": 150.0}, "cocktails et m\u00e9langes": {"cocktail alcoolis\u00e9": 150.0, "pastis pr\u00eat \u00e0 boire (1+5)": 195.0, "panach\u00e9": 250.0, "sangria": 150.0, "kir": 200.0}, "bi\u00e8re": {"bi\u00e8re sp\u00e9ciale \u00e0 5-6\u00b0 d'alcool type 1664 pelforth ambr\u00e9e ou fischer heineken": 500.0, "bi\u00e8re brune": 125.0, "bi\u00e8re c\u0153ur de march\u00e9 \u00e0 4-5\u00b0 d'alcool type kronenbourg ou 33 export": 300.0}}}