{"region_17_partitions_foodgrp_30": {"sucres et dérivés": {"confiserie": {"chewing-gum sans sucre": 8.571428571428571, "pâte de fruits": 75.0, "chewing-gum sucré": 6.0, "meringue": 15.0, "bonbons tout type sauf gélifiés": 26.0}, "confiture et miel": {"miel": 16.047619047619047, "confiture de cerise": 60.0, "confiture ajoutée au service": 15.0, "confiture d'orange": 10.0, "confiture de fraise": 48.333333333333336, "confiture d'abricot": 16.666666666666668, "confiture ou marmelade tout type": 23.513513513513512, "confiture allégée": 26.666666666666668}, "sucre et assimilés": {"sucre roux": 7.7272727272727275, "sucre blanc": 9.008802816901408, "sucre blanc ajouté au service": 8.214285714285714}}}}