{"sucres et d\u00e9riv\u00e9s": {"confiserie": {"chewing-gum sans sucre": 8.571428571428571, "p\u00e2te de fruits": 75.0, "chewing-gum sucr\u00e9": 6.0, "meringue": 15.0, "bonbons tout type sauf g\u00e9lifi\u00e9s": 26.0}, "confiture et miel": {"miel": 16.047619047619047, "confiture de cerise": 60.0, "confiture ajout\u00e9e au service": 15.0, "confiture d'orange": 10.0, "confiture de fraise": 48.333333333333336, "confiture d'abricot": 16.666666666666668, "confiture ou marmelade tout type": 23.513513513513512, "confiture all\u00e9g\u00e9e": 26.666666666666668}, "sucre et assimil\u00e9s": {"sucre roux": 7.7272727272727275, "sucre blanc": 9.008802816901408, "sucre blanc ajout\u00e9 au service": 8.214285714285714}}}