{"riz et bl\u00e9 dur ou concass\u00e9": {"riz": {"riz blanc cuit": 120.0, "riz complet cuit": 100.0}, "bl\u00e9": {"couscous (graine seule) semoule cuite": 168.1818181818182, "bl\u00e9 dur pr\u00e9cuit nature type ebly": 41.666666666666664}}}