{"eaux": {"eau min\u00e9rale plate": {"vittel eau plate": 455.0, "courmayeur eau plate": 190.0, "or\u00e9e du bois eau plate": 600.0, "\u00e9vian eau plate": 268.2352941176471, "h\u00e9par eau plate": 177.5, "eau min\u00e9rale plate sans pr\u00e9cision": 210.0, "contrex eau plate": 325.4166666666667, "volvic eau plate": 248.0}, "eau du robinet": {"eau du robinet": 297.25768321513004}, "eau min\u00e9rale gazeuse": {"san pellegrino eau gazeuse": 290.0, "qu\u00e9zac eau gazeuse": 448.8888888888889, "vernet eau gazeuse": 150.0, "perrier eau gazeuse": 225.0, "puits saint georges eau gazeuse": 150.0, "badoit eau gazeuse": 409.09090909090907, "vichy c\u00e9lestins eau gazeuse": 210.0, "vals vivaraise eau gazeuse": 160.0}, "eau de source": {"eau de source": 280.2013422818792}, "autre eau": {"autre eau min\u00e9rale": 210.0, "eau min\u00e9rale sans pr\u00e9cision": 443.3333333333333}}}