{"lait": {"lait en bouteille ou en brique": {"lait entier uht": 250.0, "lait demi-\u00e9cr\u00e9m\u00e9 uht": 203.5065789473684, "lait \u00e9cr\u00e9m\u00e9 uht": 146.3684210526316}}}