{"fromages": {"fromages affin\u00e9s": {"fromage triple cr\u00e8me plus de 75% m.g. type brillat savarin": 41.666666666666664, "fromage et mini fromage type bonbel-babybel": 30.0, "bleu et mini bleu de bresse fromage \u00e0 p\u00e2te persill\u00e9e 45% m.g.": 30.714285714285715, "reblochon fromage \u00e0 p\u00e2te press\u00e9e non cuite 45% m.g.": 21.25, "brie fromage \u00e0 p\u00e2te molle \u00e0 cro\u00fbte fleurie 45% m.g.": 36.0, "fourme d'ambert fromage \u00e0 p\u00e2te persill\u00e9e 50% m.g.": 30.0, "coulommiers fromage \u00e0 p\u00e2te molle \u00e0 cro\u00fbte fleurie 40-45% m.g.": 46.42857142857143, "cantal salers ou laguiole fromages \u00e0 p\u00e2te press\u00e9e non cuite 45% m.g.": 45.0, "parmesan fromage \u00e0 p\u00e2te press\u00e9e cuite 45% m.g.": 8.0, "fromage de ch\u00e8vre mi-sec": 31.666666666666668, "emmental fromage \u00e0 p\u00e2te press\u00e9e cuite 45% m.g.": 31.666666666666668, "tome ou tomme fromage \u00e0 p\u00e2te press\u00e9e non cuite 45% m.g.": 92.0, "saint albray fromage \u00e0 p\u00e2te molle 50% m.g.": 32.5, "saint-nectaire fromage \u00e0 p\u00e2te press\u00e9e non cuite 45% m.g.": 47.142857142857146, "fromage de ch\u00e8vre affin\u00e9 au lait pasteuris\u00e9 ou cru": 25.0, "raclette fromage \u00e0 p\u00e2te press\u00e9e non cuite 45% m.g.": 166.66666666666666, "mimolette fromage \u00e0 p\u00e2te press\u00e9e non cuite 45% m.g.": 32.5, "gruy\u00e8re fromage \u00e0 p\u00e2te press\u00e9e cuite 45% m.g.": 36.666666666666664, "roquefort fromage de brebis \u00e0 p\u00e2te persill\u00e9e 52% m.g.": 55.0, "bleu d'auvergne fromage \u00e0 p\u00e2te persill\u00e9e 50% m.g.": 20.0, "fromage \u00e0 p\u00e2te molle \u00e0 cro\u00fbte fleurie genre camembert all\u00e9g\u00e9 20-30% m.g.": 49.09090909090909, "camembert sans pr\u00e9cision": 45.810810810810814, "fromage sans pr\u00e9cision": 29.285714285714285, "vieux pan\u00e9 fromage \u00e0 p\u00e2te molle 50% m.g.": 30.0, "fromage de ch\u00e8vre sec": 30.0, "fromage des pyr\u00e9n\u00e9es au lait de brebis": 20.0, "fromage \u00e0 p\u00e2te press\u00e9e non cuite all\u00e9g\u00e9 20-30% m.g.": 53.333333333333336, "bleu au lait de vache fromage \u00e0 p\u00e2te persill\u00e9e sans pr\u00e9cision": 45.0, "crottin fromage de ch\u00e8vre": 26.0, "camembert fromage \u00e0 p\u00e2te molle \u00e0 cro\u00fbte fleurie 45% m.g.": 31.5625}, "autres fromages ou fromage sans pr\u00e9cision": {"autre fromage": 30.0}, "fromages fondus": {"p'tit louis fromage fondu 65% m.g.": 16.0, "vache qui rit fromage fondu 50% m.g.": 16.0, "fromage fondu en portions ou en cubes 45-50% m.g.": 25.0, "ap\u00e9ricube fromage fondu 50% m.g.": 20.0, "fromage fondu 25% m.g. type sylphide ou vache qui rit \u00e9quilibre et ligne": 16.0, "kiri cr\u00e8me fromage fondu double cr\u00e8me 70% m.g.": 22.0}, "fromages frais non affin\u00e9s": {"f\u00e9ta de brebis": 30.0, "boursin fromage frais sal\u00e9 aromatis\u00e9 70% m.g.": 26.428571428571427, "tartare fromage frais aromatis\u00e9 sal\u00e9 70% m.g.": 16.0, "ricotta": 60.0, "fromage frais \u00e0 tartiner \u00e0 plus de 60% m.g.": 42.5, "fromage frais \u00e0 tartiner 40-60% m.g": 100.0}}}