{"caf\u00e9": {"sans": {"caf\u00e9 soluble d\u00e9caf\u00e9in\u00e9 reconstitu\u00e9 pr\u00eat \u00e0 boire non sucr\u00e9": 250.0, "caf\u00e9 soluble en poudre": 2.5625, "caf\u00e9 au lait ou caf\u00e9 cr\u00e8me ou cappuccino non sucr\u00e9": 250.0, "caf\u00e9 soluble reconstitu\u00e9 pr\u00eat \u00e0 boire non sucr\u00e9": 256.0, "caf\u00e9 expresso non sucr\u00e9": 252.08333333333334, "caf\u00e9 noir pr\u00eat \u00e0 boire non sucr\u00e9": 179.1089108910891, "caf\u00e9 d\u00e9caf\u00e9in\u00e9 pr\u00eat \u00e0 boire non sucr\u00e9": 125.0}}}