{"lait": {"lait en bouteille ou en brique": {"lait entier uht": 250.0, "lait demi-écrémé uht": 203.5065789473684, "lait écrémé uht": 146.3684210526316}}}