{"aliments destin\u00e9s \u00e0 une alimentation particuli\u00e8re": {"sans": {"\u00e9dulcorant \u00e0 l'aspartame": 0.12490196078431373, "substitut de repas hypocalorique liquide \u00e0 boire type gerlin\u00e9a tout ar\u00f4me": 250.0, "\u00e9dulcorant ajout\u00e9 au service": 0.10500000000000001}}}