{"l\u00e9gumes (hors pommes de terre)": {"champignons": {"champignon tout type cru sans pr\u00e9cision": 125.0, "champignon tout type en conserve": 97.58333333333333}, "m\u00e9langes de l\u00e9gumes, l\u00e9gumes pr\u00e9par\u00e9s et autres l\u00e9gumes": {"ratatouille ni\u00e7oise": 145.9090909090909, "l\u00e9gume en pur\u00e9e hors pomme de terre non sal\u00e9": 183.33333333333334, "crudit\u00e9s vinaigrette sans pr\u00e9cision": 66.25, "l\u00e9gumes cuits sans pr\u00e9cision": 100.0, "mac\u00e9doine de l\u00e9gumes en conserve": 115.3, "petits pois et carottes en conserve": 129.875}, "choux": {"chou-fleur cuit": 196.28571428571428, "chou vert cuit": 100.0, "chou rouge cuit \u00e0 l'eau": 25.0, "brocoli cuit": 230.83333333333334, "chou rouge cru": 75.0}, "l\u00e9gumes tiges": {"asperge cuite": 83.33333333333333, "artichaut cuit": 653.3333333333334, "germe ou pousse de soja en conserve": 50.0, "germe ou pousse de soja cru": 25.0, "poireau cuit": 112.5, "fenouil cuit \u00e0 l'eau": 175.0, "c\u0153ur de palmier en conserve": 48.333333333333336, "asperge en conserve": 60.0, "c\u00e9leri branche en conserve": 100.0}, "haricots verts et petits pois (l\u00e9gumes potagers)": {"haricot vert surgel\u00e9 cuit": 117.85714285714286, "haricot vert cuit": 113.29411764705883, "haricot beurre en conserve": 83.33333333333333, "haricot vert en conserve \u00e9goutt\u00e9": 94.44444444444444, "petit pois en conserve": 155.2}, "l\u00e9gumes racines, tubercules ou bulbes": {"oignon cuit": 19.545454545454547, "salsifis en conserve": 119.0, "carotte en conserve": 100.0, "radis rouge cru": 63.46153846153846, "\u00e9chalote crue": 5.7, "betterave rouge cuite": 69.0909090909091, "navet cuit": 50.0, "carotte cuite": 125.23529411764706, "salsifis cuit": 50.0, "carotte crue": 64.23076923076923}, "l\u00e9gumes fruits": {"potiron cuit": 100.0, "ma\u00efs doux en conserve": 48.07692307692308, "poivron vert jaune ou rouge cuit": 75.0, "avocat frais": 116.33333333333333, "poivron rouge cuit": 60.0, "tomate pel\u00e9e en conserve": 60.0, "concombre cru pulpe": 64.16666666666667, "tomate crue": 77.59433962264151, "ma\u00efs doux en \u00e9pis cuit": 25.0, "poivron vert cuit": 25.0, "courgette cuite": 187.0}, "l\u00e9gumes feuilles": {"scarole crue": 40.0, "endive cuite": 119.71428571428571, "salade verte sans assaisonnement sans pr\u00e9cision": 34.31818181818182, "autre salade sans assaisonnement": 25.625, "laitue crue": 33.57142857142857, "\u00e9pinard cuit": 165.0, "m\u00e2che crue": 20.0, "endive crue": 30.58823529411765}}}