{"beurre": {"sans": {"beurre doux l\u00e9ger 39-41% m.g.": 12.083333333333334, "beurre sal\u00e9 sel > 3%": 15.0, "mati\u00e8re grasse laiti\u00e8re l\u00e9g\u00e8re 25% m.g. \u00e0 tartiner type bridelight": 10.0, "beurre doux": 10.682539682539682, "beurre all\u00e9g\u00e9 sans pr\u00e9cision": 10.0, "beurre sal\u00e9 non all\u00e9g\u00e9 ajout\u00e9 \u00e0 la cuisson": 8.75, "beurre all\u00e9g\u00e9 ajout\u00e9 au service": 9.0, "beurre all\u00e9g\u00e9 ajout\u00e9 \u00e0 la cuisson": 10.0, "beurre sal\u00e9 non all\u00e9g\u00e9 ajout\u00e9e au service": 7.916666666666667, "beurre demi-sel sel maxi 3%": 7.0, "beurre doux non all\u00e9g\u00e9 ajout\u00e9 \u00e0 la cuisson": 9.069767441860465, "beurre doux non all\u00e9g\u00e9 ajout\u00e9e au service": 9.348484848484848}}}