{"fruits": {"sans": {"banane fra\u00eeche": 133.63636363636363, "poire non pel\u00e9e fra\u00eeche": 169.55555555555554, "pomme non pel\u00e9e fra\u00eeche": 205.6048387096774, "kiwi frais": 116.66666666666667, "pamplemousse frais": 175.0, "mangue fra\u00eeche": 340.0, "raisin blanc frais": 151.0, "citron frais": 7.0, "prune reine-claude fra\u00eeche": 80.0, "cl\u00e9mentine ou mandarine fra\u00eeche": 94.8, "ananas frais": 105.0, "litchi frais": 15.0, "fraise fra\u00eeche": 250.0, "nectarine non pel\u00e9e fra\u00eeche": 110.0, "autre fruit": 17.5, "melon frais": 251.66666666666666, "cerise fra\u00eeche": 130.0, "salade de fruits frais": 150.0, "orange fra\u00eeche": 152.85714285714286, "lime dit citron vert pulpe": 30.0, "p\u00eache non pel\u00e9e fra\u00eeche": 150.0}}}