{"viande": {"autre viande": {"brochette mixte de viande": 150.0}, "b\u0153uf en pi\u00e8ces ou hach\u00e9": {"steak hach\u00e9 20% m.g. cuit": 130.0, "b\u0153uf boulettes cuites": 62.5, "brochette de b\u0153uf": 100.0, "steak hach\u00e9 5% m.g. cuit": 105.0, "steak hach\u00e9 15% m.g. cuit": 121.46551724137932, "fondue bourguignonne": 400.0, "boeuf bifteck grill\u00e9": 119.11764705882354, "b\u0153uf \u00e0 bourguignon cuit": 136.66666666666666, "b\u0153uf entrec\u00f4te grill\u00e9e": 130.0, "b\u0153uf rosbif r\u00f4ti": 158.33333333333334}, "porc": {"porc c\u00f4telette grill\u00e9e": 151.5, "porc filet r\u00f4ti maigre cuit": 106.25, "porc travers brais\u00e9": 80.0, "porc \u00e9chine r\u00f4tie": 80.0, "porc r\u00f4ti cuit": 74.61538461538461}, "agneau": {"brochette d'agneau": 256.6666666666667, "agneau c\u00f4telette grill\u00e9e": 151.0, "agneau gigot r\u00f4ti": 123.75}, "veau": {"veau c\u00f4te cuite": 135.0, "veau r\u00f4ti": 150.0, "veau escalope cuite": 111.25}}}