{"huile": {"sans": {"huile v\u00e9g\u00e9tale sans pr\u00e9cision": 8.615384615384615, "huile de colza": 5.5, "huile de tournesol ajout\u00e9e au service": 10.0, "huile d'arachide ajout\u00e9e \u00e0 la cuisson": 6.0, "huile m\u00e9lang\u00e9e (type isio 4) ajout\u00e9e au service": 10.0, "huile m\u00e9lang\u00e9e \u00e9quilibr\u00e9e type isio 4": 12.875, "huile de tournesol ajout\u00e9e \u00e0 la cuisson": 10.852941176470589, "huile d'olive ajout\u00e9e au service": 8.4, "huile de colza ajout\u00e9e \u00e0 la cuisson": 9.428571428571429, "huile m\u00e9lang\u00e9e (type isio 4) ajout\u00e9e \u00e0 la cuisson": 10.727272727272727, "huile d'olive ajout\u00e9e \u00e0 la cuisson": 11.217391304347826, "huile d'olive vierge": 9.515151515151516, "huile de noix": 10.0, "huile de tournesol": 15.0}}}