{"compotes et fruits cuits": {"compotes": {"coulis de fruits rouges framboises fraises groseilles cassis": 76.66666666666667, "compote de fruits divers en conserve": 108.31506849315069, "compote de pomme en conserve": 126.76923076923077, "compote de fruits divers all\u00e9g\u00e9e en conserve": 96.30434782608695}, "fruits au sirop": {"ananas au sirop en conserve": 86.66666666666667, "poire au sirop en conserve": 100.0, "mac\u00e9doine de fruits au sirop en conserve": 153.63636363636363, "cerise au sirop en conserve": 75.0, "p\u00eache au sirop en conserve": 231.66666666666666}}}