{"fromages": {"fromages affin\u00e9s": {"fromage et mini fromage type bonbel-babybel": 28.5, "bleu et mini bleu de bresse fromage \u00e0 p\u00e2te persill\u00e9e 45% m.g.": 43.75, "comt\u00e9 fromage \u00e0 p\u00e2te press\u00e9e cuite 45% m.g.": 28.333333333333332, "emmental all\u00e9g\u00e9": 40.0, "reblochon fromage \u00e0 p\u00e2te press\u00e9e non cuite 45% m.g.": 41.0, "brie fromage \u00e0 p\u00e2te molle \u00e0 cro\u00fbte fleurie 45% m.g.": 35.69444444444444, "morbier fromage \u00e0 p\u00e2te press\u00e9e non cuite 45% m.g.": 13.333333333333334, "fourme d'ambert fromage \u00e0 p\u00e2te persill\u00e9e 50% m.g.": 40.0, "saint-paulin fromage \u00e0 p\u00e2te press\u00e9e non cuite 45-50% m.g.": 40.0, "fromage de ch\u00e8vre affin\u00e9 au lait pasteuris\u00e9 ou cru": 30.0, "coulommiers fromage \u00e0 p\u00e2te molle \u00e0 cro\u00fbte fleurie 40-45% m.g.": 32.17948717948718, "vacherin mont d'or fromage \u00e0 p\u00e2te molle \u00e0 cro\u00fbte lav\u00e9e au moins 45% m.g": 55.0, "caprice des dieux fromage \u00e0 p\u00e2te molle 60% m.g.": 33.46153846153846, "selles-sur-cher fromage de ch\u00e8vre": 20.0, "cantal salers ou laguiole fromages \u00e0 p\u00e2te press\u00e9e non cuite 45% m.g.": 52.857142857142854, "parmesan fromage \u00e0 p\u00e2te press\u00e9e cuite 45% m.g.": 14.0, "fromage \u00e0 cuire pan\u00e9 au jambon type menu fromage": 93.33333333333333, "fromage de ch\u00e8vre mi-sec": 35.294117647058826, "emmental fromage \u00e0 p\u00e2te press\u00e9e cuite 45% m.g.": 33.10344827586207, "pouligny saint-pierre fromage de ch\u00e8vre": 20.0, "tome ou tomme fromage \u00e0 p\u00e2te press\u00e9e non cuite 45% m.g.": 33.07692307692308, "leerdammer fromage \u00e0 p\u00e2te press\u00e9e demi-cuite \u00e0 trous 45% m.g.": 26.666666666666668, "saint-nectaire fromage \u00e0 p\u00e2te press\u00e9e non cuite 45% m.g.": 21.428571428571427, "camembert et apparent\u00e9s 50% m.g.": 27.857142857142858, "raclette fromage \u00e0 p\u00e2te press\u00e9e non cuite 45% m.g.": 103.57142857142857, "fromage de ch\u00e8vre sec": 40.0, "mimolette fromage \u00e0 p\u00e2te press\u00e9e non cuite 45% m.g.": 31.0, "fromage sans pr\u00e9cision": 41.58015267175573, "gruy\u00e8re fromage \u00e0 p\u00e2te press\u00e9e cuite 45% m.g.": 31.742857142857144, "roquefort fromage de brebis \u00e0 p\u00e2te persill\u00e9e 52% m.g.": 49.80769230769231, "bleu d'auvergne fromage \u00e0 p\u00e2te persill\u00e9e 50% m.g.": 20.0, "fromage \u00e0 p\u00e2te molle \u00e0 cro\u00fbte fleurie genre camembert all\u00e9g\u00e9 20-30% m.g.": 28.75, "camembert sans pr\u00e9cision": 39.05714285714286, "beaufort fromage \u00e0 p\u00e2te press\u00e9e cuite 45% m.g.": 20.0, "sainte-maure fromage de ch\u00e8vre": 20.0, "saint albray fromage \u00e0 p\u00e2te molle 50% m.g.": 30.0, "rouy fromage \u00e0 p\u00e2te molle \u00e0 cro\u00fbte lav\u00e9e 40% m.g.": 34.77272727272727, "fromage \u00e0 p\u00e2te press\u00e9e non cuite 40-50% m.g.": 28.571428571428573, "chaumes fromage \u00e0 p\u00e2te molle \u00e0 cro\u00fbte lav\u00e9e 50% m.g.": 90.0, "langres fromage \u00e0 p\u00e2te molle \u00e0 cro\u00fbte lav\u00e9e 50% m.g.": 30.0, "autre fromage \u00e0 p\u00e2te press\u00e9e cuite": 16.666666666666668, "gorgonzola fromage \u00e0 p\u00e2te molle persill\u00e9e 45% m.g.": 24.285714285714285, "maroilles fromage \u00e0 p\u00e2te molle \u00e0 cro\u00fbte lav\u00e9e 45% m.g.": 25.0, "fromage de ch\u00e8vre p\u00e2te molle": 62.5, "cheddar fromage \u00e0 p\u00e2te press\u00e9e non cuite 45% m.g.": 20.0, "camembert fromage \u00e0 p\u00e2te molle \u00e0 cro\u00fbte fleurie 45% m.g.": 38.90625, "gruy\u00e8re r\u00e2p\u00e9 ajout\u00e9 au service": 20.0, "\u00e9dam fromage \u00e0 p\u00e2te press\u00e9e non cuite 40-45% m.g.": 20.0, "fromage des pyr\u00e9n\u00e9es au lait de brebis": 33.75, "fromage \u00e0 p\u00e2te press\u00e9e non cuite all\u00e9g\u00e9 20-30% m.g.": 45.0, "vieux pan\u00e9 fromage \u00e0 p\u00e2te molle 50% m.g.": 27.0, "boursault fromage \u00e0 p\u00e2te molle double cr\u00e8me": 10.0, "maasdam fromage \u00e0 p\u00e2te press\u00e9e non cuite \u00e0 trous 45% m.g.": 10.0, "bleu au lait de vache fromage \u00e0 p\u00e2te persill\u00e9e sans pr\u00e9cision": 25.0, "gouda fromage \u00e0 p\u00e2te press\u00e9e non cuite 30-40% m.g.": 48.333333333333336, "pont l'\u00e9v\u00eaque fromage \u00e0 p\u00e2te molle \u00e0 cro\u00fbte lav\u00e9e 45% m.g.": 60.0, "munster fromage \u00e0 p\u00e2te molle \u00e0 cro\u00fbte lav\u00e9e 45-50% m.g.": 90.0, "saint-marcellin fromage \u00e0 p\u00e2te molle \u00e0 cro\u00fbte naturelle 40-50% m.g.": 36.0, "crottin fromage de ch\u00e8vre": 33.888888888888886}, "autres fromages ou fromage sans pr\u00e9cision": {"autre fromage": 29.166666666666668}, "fromages fondus": {"saint-moret fromage fondu demi-sel 30% m.g.": 16.0, "cancoillotte sp\u00e9cialit\u00e9 fromag\u00e8re fondue 40% m.g.": 46.666666666666664, "fromage de ch\u00e8vre fondu \u00e0 tartiner nature type cabrette ou chavroux": 20.0, "vache qui rit fromage fondu 50% m.g.": 23.05, "fromage fondu aux noix type rambol": 20.0, "fromage fondu en portions ou en cubes 45-50% m.g.": 34.285714285714285, "ap\u00e9ricube fromage fondu 50% m.g.": 35.55555555555556, "saint-moret all\u00e9g\u00e9 fromage fondu demi-sel 20% m.g.": 26.43, "snack pour enfants \u00e0 base de fromage fondu et gressins type pik et croq ou kiri": 30.0, "fromage fondu 25% m.g. type sylphide ou vache qui rit \u00e9quilibre et ligne": 23.6, "kiri cr\u00e8me fromage fondu double cr\u00e8me 70% m.g.": 23.333333333333332}, "fromages frais non affin\u00e9s": {"f\u00e9ta de brebis": 45.0, "boursin fromage frais sal\u00e9 aromatis\u00e9 70% m.g.": 27.660714285714285, "fromage de ch\u00e8vre frais": 20.0, "tartare fromage frais aromatis\u00e9 sal\u00e9 70% m.g.": 30.5, "fromage frais \u00e0 tartiner \u00e0 plus de 60% m.g.": 21.099999999999998, "mozzarella": 44.54545454545455, "fromage frais \u00e0 tartiner 40-60% m.g": 92.0}}}