{"riz et bl\u00e9 dur ou concass\u00e9": {"riz": {"riz blanc cuit": 128.55714285714285, "riz blanc \u00e9tuv\u00e9 cuit": 125.0, "riz complet cuit": 142.85714285714286}, "bl\u00e9": {"couscous (graine seule) semoule cuite": 119.21052631578948, "bl\u00e9 dur pr\u00e9cuit nature type ebly": 100.52083333333333}}}