{"fruits": {"sans": {"litchi sans précision": 26.25, "fruit sans précision": 172.72727272727272, "ananas frais": 80.0, "litchi frais": 18.75, "cerise fraîche": 157.14285714285714, "framboise fraîche": 107.5, "pamplemousse frais": 133.83333333333334, "raisin noir frais": 98.0, "salade de fruits frais": 210.0, "autre fruit": 170.0, "abricot frais": 88.23529411764706, "banane fraîche": 149.11290322580646, "kiwi frais": 108.11764705882354, "figue fraîche": 106.15384615384616, "mangue fraîche": 100.0, "raisin blanc frais": 140.92857142857142, "prune reine-claude fraîche": 92.0, "fraise fraîche": 156.66666666666666, "nectarine non pelée fraîche": 123.2, "melon frais": 213.78787878787878, "orange fraîche": 175.34246575342465, "poire non pelée fraîche": 179.24074074074073, "citron frais": 14.4, "pêche non pelée fraîche": 143.1818181818182, "clémentine ou mandarine fraîche": 117.65873015873017, "myrtille fraîche": 50.0, "pomme non pelée fraîche": 194.32589285714286}}}