{"caf\u00e9": {"sans": {"caf\u00e9 soluble d\u00e9caf\u00e9in\u00e9 reconstitu\u00e9 pr\u00eat \u00e0 boire non sucr\u00e9": 100.0, "caf\u00e9 soluble en poudre": 5.133333333333334, "caf\u00e9 au lait ou caf\u00e9 cr\u00e8me ou cappuccino non sucr\u00e9": 268.659793814433, "caf\u00e9 soluble reconstitu\u00e9 pr\u00eat \u00e0 boire non sucr\u00e9": 231.96428571428572, "caf\u00e9 expresso non sucr\u00e9": 136.79245283018867, "caf\u00e9 noir pr\u00eat \u00e0 boire non sucr\u00e9": 186.13101604278074, "caf\u00e9 d\u00e9caf\u00e9in\u00e9 pr\u00eat \u00e0 boire non sucr\u00e9": 191.97368421052633}}}