{"sucres et d\u00e9riv\u00e9s": {"confiserie": {"bonbons g\u00e9lifi\u00e9s": 17.1, "confiserie \u00e0 base de cacahu\u00e8tes drag\u00e9ifi\u00e9es enrob\u00e9es de chocolat type m&ms cacah": 34.0, "p\u00e2te de fruits": 18.77777777777778, "p\u00e2te d'amande fabrication industrielle": 22.5, "chewing-gum sucr\u00e9": 5.0, "confiserie drag\u00e9ifi\u00e9e au chocolat type smarties": 6.6, "bonbons tout type sauf g\u00e9lifi\u00e9s": 16.34975, "chewing-gum sans sucre": 5.388888888888889, "nougat ou touron": 25.0}, "confiture et miel": {"miel": 21.048780487804876, "confiture de cerise": 26.25, "confiture ajout\u00e9e au service": 15.0, "confiture d'orange": 30.0, "confiture de fraise": 33.58974358974359, "confiture d'abricot": 26.70731707317073, "confiture ou marmelade tout type": 27.59259259259259, "confiture all\u00e9g\u00e9e": 25.384615384615383}, "sucre et assimil\u00e9s": {"sucre roux": 8.520491803278688, "sucre blanc": 7.724546722454672, "sucre blanc ajout\u00e9 au service": 5.681818181818182, "sucre all\u00e9g\u00e9 type tutti free": 7.6674999999999995}}}