{"condiments et sauces": {"condiments d'assaisonnement": {"ail frais": 3.2922535211267605, "vinaigre": 8.84822695035461, "cube pour bouillon de b\u0153uf": 8.333333333333334, "concentr\u00e9 de tomate": 13.6, "sauce de soja": 16.0}, "condiments d'accompagnement": {"c\u00e2pres": 10.0, "olive verte en saumure": 40.333333333333336, "moutarde": 6.196808510638298, "cornichon au vinaigre": 40.0, "tapenade d'olives": 40.0, "ketchup": 24.210526315789473}, "herbes aromatiques": {"herbes aromatiques fra\u00eeches": 1.4, "basilic frais": 0.8666666666666667, "ciboule ou ciboulette fra\u00eeche": 7.03125, "persil frais": 5.245098039215686, "thym sec": 3.125}, "sauces": {"mayonnaise \u00e0 l'huile de tournesol": 5.0, "sauce au yaourt": 27.5, "vinaigrette ajout\u00e9e au service": 20.0, "sauce tomate sans viande": 39.950980392156865, "sauce sans pr\u00e9cision": 15.0, "sauce pesto": 17.75, "vinaigrette sans pr\u00e9cision": 19.16915422885572, "sauce \u00e0 la cr\u00e8me aux herbes": 45.642857142857146, "sauce \u00e0 la cr\u00e8me": 26.75, "sauce au vin rouge": 41.81818181818182, "sauce barbecue": 150.0, "mayonnaise ajout\u00e9e au service": 15.0, "sauce aux champignons": 36.666666666666664, "sauce au fromage": 57.5, "vinaigrette all\u00e9g\u00e9e ajout\u00e9e au service": 20.0, "sauce aigre-douce": 15.0, "mayonnaise": 14.0078125, "sauce b\u00e9arnaise": 11.25, "sauce au beurre": 25.0, "mayonnaise all\u00e9g\u00e9e": 14.444444444444445, "vinaigrette all\u00e9g\u00e9e": 20.105263157894736, "sauce au curry": 30.0, "sauce tomate \u00e0 la viande ou bolognaise type panzani ou buitoni": 61.4, "sauce \u00e0 la cr\u00e8me aux \u00e9pices": 31.875, "autre sauce": 24.0, "vinaigrette \u00e0 l'huile d'olive": 23.52, "sauce b\u00e9chamel en brique": 27.833333333333332}, "sel et \u00e9pices": {"curry en poudre": 1.0, "poivre noir moulu": 3.130666666666667, "gingembre moulu": 1.5, "sel fin ou gros": 1.9953271028037383, "cannelle": 2.0, "\u00e9pices sans pr\u00e9cision": 1.5025925925925927, "sel de mer": 2.6195121951219513, "coriandre en graines": 1.3333333333333333}}}