{"riz et blé dur ou concassé": {"riz": {"riz blanc cuit": 128.55714285714285, "riz blanc étuvé cuit": 125.0, "riz complet cuit": 142.85714285714286}, "blé": {"couscous (graine seule) semoule cuite": 119.21052631578948, "blé dur précuit nature type ebly": 100.52083333333333}}}