{"viennoiserie": {"sans": {"palmier artisanal": 30.0, "croissant au beurre artisanal": 61.470588235294116, "croissant sans pr\u00e9cision": 69.84848484848484, "brioche sans pr\u00e9cision": 53.8, "pain aux raisins": 51.666666666666664, "pain au chocolat feuillet\u00e9 artisanal": 64.62105263157895, "brioche industrielle pr\u00e9emball\u00e9e": 46.65865384615385, "chausson aux pommes": 73.75, "pain au lait artisanal": 53.10606060606061, "croissant ordinaire artisanal": 55.0}}}