{"fruits": {"sans": {"litchi sans pr\u00e9cision": 26.25, "fruit sans pr\u00e9cision": 172.72727272727272, "ananas frais": 80.0, "litchi frais": 18.75, "cerise fra\u00eeche": 157.14285714285714, "framboise fra\u00eeche": 107.5, "pamplemousse frais": 133.83333333333334, "raisin noir frais": 98.0, "salade de fruits frais": 210.0, "autre fruit": 170.0, "abricot frais": 88.23529411764706, "banane fra\u00eeche": 149.11290322580646, "kiwi frais": 108.11764705882354, "figue fra\u00eeche": 106.15384615384616, "mangue fra\u00eeche": 100.0, "raisin blanc frais": 140.92857142857142, "prune reine-claude fra\u00eeche": 92.0, "fraise fra\u00eeche": 156.66666666666666, "nectarine non pel\u00e9e fra\u00eeche": 123.2, "melon frais": 213.78787878787878, "orange fra\u00eeche": 175.34246575342465, "poire non pel\u00e9e fra\u00eeche": 179.24074074074073, "citron frais": 14.4, "p\u00eache non pel\u00e9e fra\u00eeche": 143.1818181818182, "cl\u00e9mentine ou mandarine fra\u00eeche": 117.65873015873017, "myrtille fra\u00eeche": 50.0, "pomme non pel\u00e9e fra\u00eeche": 194.32589285714286}}}