{"fruits secs et graines ol\u00e9agineuses": {"ol\u00e9agineux et graines": {"cacahu\u00e8te ou arachide": 24.5, "pistache r\u00f4tie sal\u00e9e": 42.0, "noix de cajou sal\u00e9e": 28.0, "cacahu\u00e8te grill\u00e9e sal\u00e9e": 27.5, "noix": 56.9, "pignon de pin": 10.0, "noisette": 38.0}, "fruits secs et ch\u00e2taignes": {"abricot sec": 9.666666666666666, "ch\u00e2taigne grill\u00e9e": 175.0, "datte s\u00e8che": 18.25, "figue s\u00e8che": 18.4, "pruneau sec": 44.857142857142854, "ch\u00e2taigne cuite \u00e0 l'eau": 125.14285714285714, "raisin sec": 23.375}, "m\u00e9langes": {"fruits secs ou s\u00e9ch\u00e9s et graines ol\u00e9agineuses sans pr\u00e9cision": 72.0}}}