{"oeufs et d\u00e9riv\u00e9s": {"sans": {"omelette aux lardons": 150.0, "oeufs brouill\u00e9s au beurre": 90.0, "omelette nature cuite au beurre": 151.42857142857142, "oeuf entier cru": 60.0, "oeuf dur": 73.50574712643679, "jaune d'\u0153uf cuit": 30.0, "oeuf au plat sal\u00e9": 100.0, "omelette aux fines herbes": 233.33333333333334, "omelette aux champignons": 150.0, "oeuf \u00e0 la coque": 75.0, "oeuf poch\u00e9": 60.0, "blanc d'\u0153uf dur": 200.0}}}