{"viennoiserie": {"sans": {"palmier artisanal": 30.0, "croissant au beurre artisanal": 61.470588235294116, "croissant sans précision": 69.84848484848484, "brioche sans précision": 53.8, "pain aux raisins": 51.666666666666664, "pain au chocolat feuilleté artisanal": 64.62105263157895, "brioche industrielle préemballée": 46.65865384615385, "chausson aux pommes": 73.75, "pain au lait artisanal": 53.10606060606061, "croissant ordinaire artisanal": 55.0}}}