{"region_5_partitions_foodgrp_18": {"volaille et gibier": {"gibier": {"chevreuil rôti": 105.0, "sanglier rôti": 92.5, "autre gibier": 107.5, "faisan viande rôtie": 210.0}, "volailles et lapins": {"poule viande bouillie": 400.0, "blanc de poulet cuit": 93.08552631578948, "poulet cuisse rôtie viande et peau": 234.96296296296296, "dinde viande rôtie": 113.27272727272727, "lapin en ragoût": 153.125, "lapin viande cuite": 104.44444444444444, "oie viande rôtie": 95.0, "pigeon viande rôtie": 175.0, "confit de canard": 153.0, "brochette de volaille": 205.0, "poule bouillie viande et peau": 198.33333333333334, "dinde ou autre volaille escalope sautée": 106.54545454545455, "volaille cuite sans précision": 152.5, "canard viande rôtie": 246.0, "canard magret cuit à la poêle": 127.55555555555556, "autre volaille cuite": 225.45454545454547, "caille cuite viande et peau": 131.66666666666666, "poulet rôti viande et peau": 135.6451612903226}}}}