{"viande": {"bœuf en pièces ou haché": {"bœuf boulettes cuites": 86.42857142857143, "bœuf faux-filet grillé": 128.33333333333334, "steak haché 5% m.g. cuit": 114.375, "brochette de bœuf": 106.0, "steak haché 15% m.g. cuit": 127.42990654205607, "boeuf bifteck grillé": 128.768115942029, "bœuf à bourguignon cuit": 123.21428571428571, "bœuf braisé": 160.0, "bœuf rosbif rôti": 104.36170212765957, "bœuf entrecôte grillée": 132.72727272727272}, "autre viande": {"autre viande": 200.0, "cheval viande rôtie": 105.0, "brochette mixte de viande": 125.0, "viande cuite sans précision": 140.2173913043478}, "porc": {"porc côtelette grillée": 149.78333333333333, "porc filet rôti maigre cuit": 88.0, "porc travers braisé": 145.0, "porc échine rôtie": 165.0, "porc rôti cuit": 103.33333333333333}, "agneau": {"agneau épaule rôtie": 88.33333333333333, "agneau côtelette grillée": 135.83333333333334, "brochette d'agneau": 50.0, "agneau gigot rôti": 124.52380952380952}, "veau": {"veau côte cuite": 122.85714285714286, "veau rôti": 86.0, "veau mijoté": 95.83333333333333, "veau filet rôti": 160.0, "veau escalope cuite": 106.78571428571429}}}