{"l\u00e9gumes (hors pommes de terre)": {"champignons": {"champignon tout type en conserve": 88.92857142857143, "champignon de paris en conserve": 85.0, "champignon de paris saut\u00e9": 105.66666666666667}, "m\u00e9langes de l\u00e9gumes, l\u00e9gumes pr\u00e9par\u00e9s et autres l\u00e9gumes": {"ratatouille ni\u00e7oise": 134.296875, "l\u00e9gume en pur\u00e9e hors pomme de terre non sal\u00e9": 104.54545454545455, "crudit\u00e9s vinaigrette sans pr\u00e9cision": 80.0, "c\u00e9leri r\u00e9moulade": 82.14285714285714, "autre l\u00e9gume frais ou crudit\u00e9, sans assaisonnement": 141.66666666666666, "champignons \u00e0 la grecque": 125.0, "pur\u00e9e de tomate": 60.0, "petits pois et carottes en conserve": 143.78125, "l\u00e9gumes cuits sans pr\u00e9cision": 119.61538461538461, "mac\u00e9doine de l\u00e9gumes en conserve": 132.2941176470588, "l\u00e9gumes m\u00e9lang\u00e9s surgel\u00e9s": 139.7058823529412, "terrine ou mousse de l\u00e9gumes": 131.25, "choucroute sans garniture": 100.0}, "choux": {"chou-fleur cuit": 155.6969696969697, "chou vert cuit": 204.0, "chou blanc cru": 50.0, "chou rouge cru": 64.58333333333333, "brocoli cuit": 113.25, "chou de bruxelles cuit": 137.5, "chou de bruxelles en conserve": 125.0}, "l\u00e9gumes tiges": {"asperge cuite": 103.11764705882354, "artichaut cuit": 230.0, "germe ou pousse de soja en conserve": 50.0, "c\u00e9leri branche cuit": 60.0, "germe ou pousse de soja cru": 37.5, "poireau cuit": 81.08695652173913, "fenouil cuit \u00e0 l'eau": 137.5, "c\u0153ur de palmier en conserve": 40.0, "asperge en conserve": 103.125, "c\u00e9leri branche en conserve": 25.0}, "haricots verts et petits pois (l\u00e9gumes potagers)": {"haricot vert surgel\u00e9 cuit": 96.42857142857143, "haricot beurre en conserve": 115.75, "petit pois cuit": 94.25, "petit pois en conserve": 106.11538461538461, "haricot vert cuit": 127.55555555555556, "haricot vert en conserve \u00e9goutt\u00e9": 119.57471264367815}, "l\u00e9gumes racines, tubercules ou bulbes": {"oignon cuit": 20.414772727272727, "salsifis en conserve": 175.0, "navet pel\u00e9 cru": 50.0, "oignon cru": 12.5, "carotte en conserve": 120.0, "radis rouge cru": 60.05555555555556, "\u00e9chalote crue": 6.276785714285714, "betterave rouge cuite": 73.92857142857143, "navet cuit": 85.0, "c\u00e9leri-rave cru": 51.041666666666664, "carotte cuite": 88.92682926829268, "salsifis cuit": 212.5, "carotte crue": 63.660714285714285}, "l\u00e9gumes fruits": {"tomate cerise crue": 55.0, "courgette crue": 30.0, "poivron vert jaune ou rouge cru": 75.0, "potiron cuit": 100.0, "ma\u00efs doux en conserve": 51.8875, "aubergine cuite": 100.0, "poivron vert jaune ou rouge cuit": 65.41666666666667, "ma\u00efs doux en \u00e9pis cuit": 50.0, "poivron rouge cuit": 25.0, "concombre cru pulpe": 81.15, "tomate crue": 85.95477386934674, "avocat frais": 118.63461538461539, "poivron vert cuit": 25.0, "courgette cuite": 107.78947368421052}, "l\u00e9gumes feuilles": {"scarole crue": 36.666666666666664, "endive cuite": 189.16129032258064, "chicor\u00e9e fris\u00e9e crue": 45.0, "salade verte sans assaisonnement sans pr\u00e9cision": 38.0, "autre salade sans assaisonnement": 39.833333333333336, "laitue crue": 41.111111111111114, "\u00e9pinard cuit": 142.64705882352942, "bette ou blette cuite": 94.0, "m\u00e2che crue": 30.232558139534884, "endive crue": 36.854838709677416}}}