{"margarine": {"sans": {"margarine \u00e0 l'huile d'olive  60% m.g. ajout\u00e9ee \u00e0 la cuisson": 10.0, "mati\u00e8re grasse compos\u00e9e all\u00e9g\u00e9e 60% m.g. type le fleurier ou tartine et cuisine": 11.378378378378379, "margarine type primev\u00e8re 60% m.g. ajout\u00e9e \u00e0 la cuisson": 9.642857142857142, "margarine all\u00e9g\u00e9e  40% m.g. ajout\u00e9e \u00e0 la cuisson": 10.0, "margarine all\u00e9g\u00e9e demi-sel  40% m.g. ajout\u00e9e \u00e0 la cuisson": 10.0, "mati\u00e8re grasse l\u00e9g\u00e8re 38-41% m.g. demi-sel tartiner": 10.444444444444445, "margarine ordinaire  70% ou 80% m.g. ajout\u00e9e \u00e0 la cuisson": 8.863636363636363, "margarine ordinaire  60% m.g. ajout\u00e9e \u00e0 la cuisson": 10.0, "margarine \u00e0 l'huile d'olive 60% m.g. ajout\u00e9e au service": 5.0, "margarine all\u00e9g\u00e9e demi-sel 40% m.g. ajout\u00e9e au service": 8.5, "mati\u00e8re grasse l\u00e9g\u00e8re 38-41% m.g. \u00e0 tartiner": 11.805555555555555, "margarine ordinaire 70% ou 80% m.g. ajout\u00e9e au service": 10.0, "margarine au tournesol 70% ou 80% m.g. ajout\u00e9e au service": 7.0, "margarine au tournesol 60% m.g. ajout\u00e9e au service": 9.0, "mati\u00e8re grasse all\u00e9g\u00e9e 55-60% m.g. riche en om\u00e9ga 3 et 6": 9.466101694915254, "margarine au tournesol  70% ou 80% m.g. ajout\u00e9e \u00e0 la cuisson": 9.435483870967742, "margarine au tournesol en barquette 80% m.g. type fruit d'or": 7.5, "margarine au tournesol  60% m.g. ajout\u00e9e \u00e0 la cuisson": 9.761904761904763, "margarine type primev\u00e8re 60% m.g. ajout\u00e9e au service": 7.333333333333333, "margarine de cuisine 80% m.g.": 13.526315789473685, "mati\u00e8re grasse all\u00e9g\u00e9e 60% m.g.": 12.558252427184467, "margarine all\u00e9g\u00e9e 40% m.g. ajout\u00e9e au service": 12.0, "margarine proactiv de fruit d'or ajout\u00e9e \u00e0 la cuisson": 10.0, "margarine ordinaire 60% m.g. ajout\u00e9e au service": 7.625, "margarine proactiv de fruit d'or ajout\u00e9e au service": 12.0}}}