{"eaux": {"eau min\u00e9rale plate": {"vittel eau plate": 284.09090909090907, "courmayeur eau plate": 343.3333333333333, "saint amand vauban eau plate": 150.0, "aix les bains eau plate": 450.0, "luchon eau plate": 499.1666666666667, "\u00e9vian eau plate": 335.1031746031746, "h\u00e9par eau plate": 223.33333333333334, "eau min\u00e9rale plate sans pr\u00e9cision": 463.3333333333333, "valvert eau plate": 350.0, "contrex eau plate": 315.6666666666667, "thonon eau plate": 450.0, "volvic eau plate": 362.69662921348316, "chambon eau plate": 425.0}, "eau du robinet": {"eau du robinet": 305.279359430605}, "eau min\u00e9rale gazeuse": {"san pellegrino eau gazeuse": 470.0, "eau gazeuse sans pr\u00e9cision": 171.5, "vals saint jean eau gazeuse": 230.0, "salvetat eau gazeuse": 300.0, "saint yorre eau gazeuse": 225.0, "perrier eau gazeuse": 265.0, "qu\u00e9zac eau gazeuse": 366.6666666666667, "badoit eau gazeuse": 279.44444444444446, "arcens eau gazeuse": 421.42857142857144, "la verni\u00e8re eau gazeuse": 302.85714285714283, "parot eau gazeuse": 235.71428571428572}, "eau de source": {"eau de source": 327.6161369193154}, "autre eau": {"eau min\u00e9rale sans pr\u00e9cision": 265.1515151515151, "autre eau min\u00e9rale": 350.0, "eau min\u00e9rale ou non faiblement min\u00e9ralis\u00e9e": 187.75}}}