{"pain et panification s\u00e8che": {"biscottes et panification s\u00e8che": {"autre biscotte": 26.041666666666668, "tartine extrud\u00e9e fourr\u00e9e au chocolat ou aux fruits type craquinette de lu": 31.5, "pain grill\u00e9 au froment type tranches pain grill\u00e9 pelletier lu braisotte jacquet": 31.833333333333332, "biscotte compl\u00e8te ou riche en fibres": 26.5, "biscotte multic\u00e9r\u00e9ales type heudebert aux six c\u00e9r\u00e9ales": 17.0, "biscotte sans adjonction de sel": 48.0, "biscotte classique type heudebert lu": 32.03030303030303}, "autres produits de panification": {"chapelure ou panure": 8.8, "cro\u00fbtons": 21.076923076923077, "fougasse garnie": 37.5}, "pain": {"pain grill\u00e9 maison": 50.459016393442624, "pain aux c\u00e9r\u00e9ales artisanal": 50.735849056603776, "pain courant fran\u00e7ais boule \u00e0 la levure": 72.70879120879121, "pain sans pr\u00e9cision": 45.88235294117647, "pain de seigle et froment": 38.0, "pain brioch\u00e9 ou viennois": 49.0, "pain complet ou int\u00e9gral artisanal": 66.28365384615384, "pain type poil\u00e2ne": 125.0, "autre pain": 71.5, "pain de mie": 66.20833333333333, "pain baguette": 66.87868480725623, "pain de campagne ou bis": 81.66055045871559}}}