{"beurre": {"sans": {"beurre doux l\u00e9ger 39-41% m.g.": 8.75, "beurre sal\u00e9 sel > 3%": 11.875, "beurre l\u00e9ger 39-41% m.g. demi-sel": 15.0, "mati\u00e8re grasse laiti\u00e8re l\u00e9g\u00e8re 25% m.g. \u00e0 tartiner type bridelight": 12.058823529411764, "beurre doux": 11.75169491525424, "beurre all\u00e9g\u00e9 sans pr\u00e9cision": 12.4, "beurre sal\u00e9 non all\u00e9g\u00e9 ajout\u00e9 \u00e0 la cuisson": 9.193548387096774, "beurre all\u00e9g\u00e9 ajout\u00e9 au service": 7.090909090909091, "beurre all\u00e9g\u00e9 ajout\u00e9 \u00e0 la cuisson": 8.829787234042554, "beurre sal\u00e9 non all\u00e9g\u00e9 ajout\u00e9e au service": 8.78, "beurre demi-sel sel maxi 3%": 13.428571428571429, "beurre doux non all\u00e9g\u00e9 ajout\u00e9 \u00e0 la cuisson": 8.704819277108435, "beurre doux non all\u00e9g\u00e9 ajout\u00e9e au service": 9.21505376344086}}}