{"autres boissons chaudes": {"th\u00e9 et infusions": {"tisane infus\u00e9e non sucr\u00e9e": 234.90384615384616, "th\u00e9 infus\u00e9 non sucr\u00e9": 304.557761732852}, "cacao, poudres et boissons cacaot\u00e9es": {"poudre cacaot\u00e9e sucr\u00e9e enrichie pour boisson": 9.878787878787879, "poudre cacaot\u00e9e et sucr\u00e9e pour boisson au chocolat": 10.678362573099415, "boisson instantan\u00e9e cacaot\u00e9e sucr\u00e9e reconstitu\u00e9e": 260.5263157894737}, "chicor\u00e9e et poudre malt\u00e9e": {"poudre malt\u00e9e et sucr\u00e9e pour boisson": 3.0, "poudre soluble \u00e0 base de chicor\u00e9e et de caf\u00e9 type ricor\u00e9": 2.435064935064935, "chicor\u00e9e en poudre soluble type leroux": 10.2}}}