{"viande": {"autre viande": {"autre viande": 200.0, "cheval viande r\u00f4tie": 105.0, "brochette mixte de viande": 125.0, "viande cuite sans pr\u00e9cision": 140.2173913043478}, "b\u0153uf en pi\u00e8ces ou hach\u00e9": {"b\u0153uf boulettes cuites": 86.42857142857143, "b\u0153uf faux-filet grill\u00e9": 128.33333333333334, "brochette de b\u0153uf": 106.0, "steak hach\u00e9 5% m.g. cuit": 114.375, "steak hach\u00e9 15% m.g. cuit": 127.42990654205607, "b\u0153uf brais\u00e9": 160.0, "boeuf bifteck grill\u00e9": 128.768115942029, "b\u0153uf \u00e0 bourguignon cuit": 123.21428571428571, "b\u0153uf entrec\u00f4te grill\u00e9e": 132.72727272727272, "b\u0153uf rosbif r\u00f4ti": 104.36170212765957}, "porc": {"porc c\u00f4telette grill\u00e9e": 149.78333333333333, "porc filet r\u00f4ti maigre cuit": 88.0, "porc travers brais\u00e9": 145.0, "porc \u00e9chine r\u00f4tie": 165.0, "porc r\u00f4ti cuit": 103.33333333333333}, "agneau": {"agneau \u00e9paule r\u00f4tie": 88.33333333333333, "agneau c\u00f4telette grill\u00e9e": 135.83333333333334, "brochette d'agneau": 50.0, "agneau gigot r\u00f4ti": 124.52380952380952}, "veau": {"veau c\u00f4te cuite": 122.85714285714286, "veau r\u00f4ti": 86.0, "veau mijot\u00e9": 95.83333333333333, "veau filet r\u00f4ti": 160.0, "veau escalope cuite": 106.78571428571429}}}