{"region_5_partitions_foodgrp_34": {"café": {"sans": {"café soluble décaféiné reconstitué prêt à boire non sucré": 100.0, "café soluble en poudre": 5.133333333333334, "café au lait ou café crème ou cappuccino non sucré": 268.659793814433, "café soluble reconstitué prêt à boire non sucré": 231.96428571428572, "café expresso non sucré": 136.79245283018867, "café noir prêt à boire non sucré": 186.13101604278074, "café décaféiné prêt à boire non sucré": 191.97368421052633}}}}