{"lait": {"lait aromatis\u00e9": {"lait demi-\u00e9cr\u00e9m\u00e9 aromatis\u00e9 \u00e0 la fraise": 200.0, "lait demi-\u00e9cr\u00e9m\u00e9 aromatis\u00e9 au chocolat": 168.0}, "lait concentr\u00e9 ou en poudre": {"lait entier en poudre": 18.0}, "lait en bouteille ou en brique": {"lait demi-\u00e9cr\u00e9m\u00e9 pasteuris\u00e9": 350.0, "lait demi-\u00e9cr\u00e9m\u00e9 uht \u00e0 teneur garantie en vitamines": 234.11764705882354, "lait demi-\u00e9cr\u00e9m\u00e9 en poudre": 20.0, "lait demi-\u00e9cr\u00e9m\u00e9 uht \u00e0 teneur garantie en prot\u00e9ines et vitamines enrichi en min\u00e9": 120.36666666666666, "lait entier uht": 155.58064516129033, "lait entier pasteuris\u00e9": 673.2142857142857, "lait \u00e9cr\u00e9m\u00e9 uht": 219.44444444444446, "lait demi-\u00e9cr\u00e9m\u00e9 uht": 231.53761467889908}, "autre lait": {"autre lait": 198.23809523809524}}}