{"volaille et gibier": {"gibier": {"chevreuil r\u00f4ti": 105.0, "sanglier r\u00f4ti": 92.5, "autre gibier": 107.5, "faisan viande r\u00f4tie": 210.0}, "volailles et lapins": {"poule viande bouillie": 400.0, "blanc de poulet cuit": 93.08552631578948, "poulet cuisse r\u00f4tie viande et peau": 234.96296296296296, "dinde viande r\u00f4tie": 113.27272727272727, "lapin en rago\u00fbt": 153.125, "lapin viande cuite": 104.44444444444444, "oie viande r\u00f4tie": 95.0, "pigeon viande r\u00f4tie": 175.0, "confit de canard": 153.0, "brochette de volaille": 205.0, "poule bouillie viande et peau": 198.33333333333334, "dinde ou autre volaille escalope saut\u00e9e": 106.54545454545455, "volaille cuite sans pr\u00e9cision": 152.5, "canard viande r\u00f4tie": 246.0, "canard magret cuit \u00e0 la po\u00eale": 127.55555555555556, "autre volaille cuite": 225.45454545454547, "caille cuite viande et peau": 131.66666666666666, "poulet r\u00f4ti viande et peau": 135.6451612903226}}}