{"charcuterie": {"pâtés, terrines, rillettes et foie gras": {"foie gras en conserve": 40.04761904761905, "pâté de tête ou fromage de tête": 81.11111111111111, "pâté de campagne": 55.903225806451616, "galantine": 25.0, "mousse de foie": 30.0, "pâté de foie de porc": 41.22222222222222, "rillettes pur porc": 44.266666666666666, "pâté de lapin": 25.5, "rillettes": 44.592592592592595, "pâté de foie de volaille": 29.333333333333332, "pâté en croûte": 100.0, "terrine de canard": 39.666666666666664}, "autre charcuterie ou charcuterie  sans précision": {"charcuterie sans précision": 83.57142857142857, "autre charcuterie": 60.72727272727273}, "saucisses, saucissons, andouilles et boudins": {"saucisse de morteau cuite": 90.85714285714286, "mortadelle": 25.333333333333332, "andouille réchauffée": 85.0, "chorizo sec": 25.285714285714285, "saucisse sèche": 45.714285714285715, "saucisson sec pur porc": 30.0, "merguez de bœuf et de mouton cuite": 88.54166666666667, "saucisse de francfort": 81.66666666666667, "boudin noir cuit": 117.82608695652173, "saucisse alsacienne fumée ou gendarme": 35.0, "saucisse cocktail": 181.0, "rosette ou fuseau": 34.5, "saucisson sec": 36.84615384615385, "chair à saucisse": 128.75, "salami": 38.55555555555556, "chipolata cuite": 121.42857142857143, "andouillette réchauffée": 165.0, "boudin blanc cuit": 104.76190476190476, "saucisson à l'ail": 37.588235294117645, "saucisse de toulouse cuite": 75.0, "cervelas": 37.625, "saucisse sans précision": 74.84615384615384, "saucisse de strasbourg": 78.41071428571429}, "jambons et charcuteries en pièces": {"jambon cuit dd (découenné dégraissé)": 51.76470588235294, "jambon cuit": 55.87765957446808, "poitrine de porc fumée": 95.0, "coppa": 38.0, "jambon cuit fumé": 75.0, "lardon nature cuit": 26.463414634146343, "jambon cuit supérieur": 55.90909090909091, "jambon cru fumé": 65.38461538461539, "jambon sec dd (découenné dégraissé)": 43.333333333333336, "jambon cru": 67.5, "jambonneau cuit": 116.0, "bacon filet cuit": 60.7}}}