{"huile": {"sans": {"huile de tournesol ajout\u00e9e \u00e0 la cuisson": 9.168539325842696, "huile v\u00e9g\u00e9tale sans pr\u00e9cision": 16.529411764705884, "huile de colza": 10.375, "autre huile v\u00e9g\u00e9tale": 4.75, "huile d'arachide": 10.0, "huile de p\u00e9pins de raisin": 9.75, "huile d'arachide ajout\u00e9e \u00e0 la cuisson": 12.0, "huile m\u00e9lang\u00e9e (type isio 4) ajout\u00e9e au service": 10.0, "huile m\u00e9lang\u00e9e \u00e9quilibr\u00e9e type isio 4": 8.095238095238095, "huile de colza ajout\u00e9e au service": 10.0, "huile d'olive ajout\u00e9e au service": 10.592105263157896, "huile de ma\u00efs ajout\u00e9e \u00e0 la cuisson": 6.0, "huile de tournesol ajout\u00e9e au service": 9.529411764705882, "huile de colza ajout\u00e9e \u00e0 la cuisson": 10.363636363636363, "huile m\u00e9lang\u00e9e (type isio 4) ajout\u00e9e \u00e0 la cuisson": 10.909090909090908, "huile de p\u00e9pin de raisins ajout\u00e9e au service": 10.0, "huile de palme ajout\u00e9e \u00e0 la cuisson": 12.0, "huile d'olive ajout\u00e9e \u00e0 la cuisson": 10.890756302521009, "huile d'olive vierge": 11.651772151898735, "huile de noix": 9.11111111111111, "huile de tournesol": 15.119047619047619}}}