{"pizzas, quiches et p\u00e2tisseries sal\u00e9es": {"quiches et tartes sal\u00e9es": {"tarte au fromage ou quiche au fromage": 169.0, "flamenkueche (tarte sal\u00e9e aux lardons)": 162.0, "tarte aux poireaux": 135.42857142857142, "cake sal\u00e9 avec garniture (viande poisson volaille fromage l\u00e9gumes \u2026)": 63.333333333333336, "tarte au saumon et \u00e0 l'oseille": 154.125, "tarte proven\u00e7ale \u00e0 la tomate": 108.45454545454545, "tarte aux l\u00e9gumes": 87.875, "quiche lorraine": 146.11111111111111}, "pizzas": {"pizza jambon fromage": 119.375, "pizza royale (jambon fromage champignon)": 150.83333333333334, "pizza 4 saisons": 335.0, "autre pizza": 106.66666666666667, "pizza au fromage": 170.0, "pizza 4 fromages": 249.0, "pizza sans pr\u00e9cision": 202.96296296296296, "pizza sp\u00e9ciale": 233.66666666666666}, "feuillet\u00e9s et friands": {"feuillet\u00e9 fourr\u00e9 b\u00e9chamel jambon fromage": 100.0, "feuillet\u00e9 au saumon": 122.5, "croissant au jambon": 101.25, "friand au fromage artisanal": 80.45454545454545, "friand \u00e0 la viande artisanal": 103.57142857142857}}}