{"pommes de terre et apparent\u00e9s": {"sans": {"pur\u00e9e de pomme de terre avec lait et beurre non sal\u00e9e": 172.15686274509804, "pomme de terre rissol\u00e9e surgel\u00e9e": 129.75, "pur\u00e9e de pomme de terre \u00e0 base de flocons reconstitu\u00e9e au lait demi-\u00e9cr\u00e9m\u00e9": 177.5, "pomme de terre dauphine cuite": 90.11111111111111, "gnocchis de pommes de terre": 150.0, "pomme de terre frite surgel\u00e9e cuite": 73.97260273972603, "pomme de terre cuite \u00e0 la vapeur": 221.7391304347826, "pomme noisette pr\u00e9cuite surgel\u00e9e": 95.83333333333333, "pomme de terre cuite au four": 175.0, "pomme de terre frite non sal\u00e9e": 75.40322580645162, "patate douce cuite": 25.0, "pomme de terre cuite \u00e0 l'eau": 180.69767441860466}}}