{"charcuterie": {"p\u00e2t\u00e9s, terrines, rillettes et foie gras": {"foie gras en conserve": 40.04761904761905, "p\u00e2t\u00e9 de t\u00eate ou fromage de t\u00eate": 81.11111111111111, "p\u00e2t\u00e9 de campagne": 55.903225806451616, "galantine": 25.0, "mousse de foie": 30.0, "p\u00e2t\u00e9 de foie de porc": 41.22222222222222, "rillettes pur porc": 44.266666666666666, "p\u00e2t\u00e9 de lapin": 25.5, "rillettes": 44.592592592592595, "p\u00e2t\u00e9 de foie de volaille": 29.333333333333332, "p\u00e2t\u00e9 en cro\u00fbte": 100.0, "terrine de canard": 39.666666666666664}, "autre charcuterie ou charcuterie  sans pr\u00e9cision": {"charcuterie sans pr\u00e9cision": 83.57142857142857, "autre charcuterie": 60.72727272727273}, "saucisses, saucissons, andouilles et boudins": {"saucisse de morteau cuite": 90.85714285714286, "mortadelle": 25.333333333333332, "andouille r\u00e9chauff\u00e9e": 85.0, "chorizo sec": 25.285714285714285, "saucisse s\u00e8che": 45.714285714285715, "saucisson sec pur porc": 30.0, "saucisse de francfort": 81.66666666666667, "boudin noir cuit": 117.82608695652173, "saucisse alsacienne fum\u00e9e ou gendarme": 35.0, "saucisse cocktail": 181.0, "rosette ou fuseau": 34.5, "saucisson sec": 36.84615384615385, "chair \u00e0 saucisse": 128.75, "salami": 38.55555555555556, "chipolata cuite": 121.42857142857143, "andouillette r\u00e9chauff\u00e9e": 165.0, "merguez de b\u0153uf et de mouton cuite": 88.54166666666667, "boudin blanc cuit": 104.76190476190476, "saucisson \u00e0 l'ail": 37.588235294117645, "saucisse de toulouse cuite": 75.0, "cervelas": 37.625, "saucisse sans pr\u00e9cision": 74.84615384615384, "saucisse de strasbourg": 78.41071428571429}, "jambons et charcuteries en pi\u00e8ces": {"jambon cuit dd (d\u00e9couenn\u00e9 d\u00e9graiss\u00e9)": 51.76470588235294, "jambon cuit": 55.87765957446808, "poitrine de porc fum\u00e9e": 95.0, "coppa": 38.0, "jambon cuit fum\u00e9": 75.0, "lardon nature cuit": 26.463414634146343, "jambon cuit sup\u00e9rieur": 55.90909090909091, "jambon cru fum\u00e9": 65.38461538461539, "jambon sec dd (d\u00e9couenn\u00e9 d\u00e9graiss\u00e9)": 43.333333333333336, "jambon cru": 67.5, "jambonneau cuit": 116.0, "bacon filet cuit": 60.7}}}