{"region_5_partitions_foodgrp_33": {"boissons alcoolisées": {"cidre": {"cidre brut": 750.0, "cidre": 291.1111111111111, "cidre doux": 226.0}, "spiritueux et vins cuits": {"eau-de-vie": 147.5, "cognac armagnac": 50.0, "vodka": 60.0, "rhum": 60.84615384615385, "porto": 44.57142857142857, "apéritif à base de vin ou vermouth type martini": 117.5, "pastis": 40.0, "apéritif à la gentiane": 50.0, "vin doux naturel ou vin muté autre que porto type muscat banyuls ou maury": 57.5, "gin": 40.0, "liqueurs": 180.0, "whisky": 66.875}, "vin": {"vin sans précision": 221.1320754716981, "vin rouge 11°": 163.46153846153845, "vin blanc 11°": 156.61290322580646, "vin rouge 12°": 216.47196261682242, "vin rouge 10°": 152.0735294117647, "vin blanc mousseux": 157.77777777777777, "champagne": 219.23076923076923, "vin rosé 11°": 195.52631578947367}, "cocktails et mélanges": {"kir": 130.0, "cocktail type punch planteur": 150.0, "sangria": 50.0, "panaché": 267.27272727272725, "pastis prêt à boire (1+5)": 173.33333333333334, "cocktail alcoolisé": 150.0, "kir royal": 150.0}, "bière": {"bière cœur de marché à 4-5° d'alcool type kronenbourg ou 33 export": 292.0967741935484, "bière spéciale à 5-6° d'alcool type 1664 pelforth ambrée ou fischer heineken": 270.0, "bière brune": 149.0, "bière de spécialités ou d'abbaye régionales ou de brasserie degré d'alcool varia": 300.0}}}}