{"boissons alcoolis\u00e9es": {"cidre": {"cidre brut": 750.0, "cidre": 291.1111111111111, "cidre doux": 226.0}, "spiritueux et vins cuits": {"eau-de-vie": 147.5, "cognac armagnac": 50.0, "vodka": 60.0, "rhum": 60.84615384615385, "porto": 44.57142857142857, "ap\u00e9ritif \u00e0 base de vin ou vermouth type martini": 117.5, "pastis": 40.0, "ap\u00e9ritif \u00e0 la gentiane": 50.0, "vin doux naturel ou vin mut\u00e9 autre que porto type muscat banyuls ou maury": 57.5, "gin": 40.0, "liqueurs": 180.0, "whisky": 66.875}, "vin": {"vin sans pr\u00e9cision": 221.1320754716981, "vin rouge 11\u00b0": 163.46153846153845, "vin blanc 11\u00b0": 156.61290322580646, "vin rouge 12\u00b0": 216.47196261682242, "vin rouge 10\u00b0": 152.0735294117647, "vin blanc mousseux": 157.77777777777777, "champagne": 219.23076923076923, "vin ros\u00e9 11\u00b0": 195.52631578947367}, "cocktails et m\u00e9langes": {"kir": 130.0, "cocktail type punch planteur": 150.0, "sangria": 50.0, "panach\u00e9": 267.27272727272725, "pastis pr\u00eat \u00e0 boire (1+5)": 173.33333333333334, "cocktail alcoolis\u00e9": 150.0, "kir royal": 150.0}, "bi\u00e8re": {"bi\u00e8re sp\u00e9ciale \u00e0 5-6\u00b0 d'alcool type 1664 pelforth ambr\u00e9e ou fischer heineken": 270.0, "bi\u00e8re de sp\u00e9cialit\u00e9s ou d'abbaye r\u00e9gionales ou de brasserie degr\u00e9 d'alcool varia": 300.0, "bi\u00e8re brune": 149.0, "bi\u00e8re c\u0153ur de march\u00e9 \u00e0 4-5\u00b0 d'alcool type kronenbourg ou 33 export": 292.0967741935484}}}