{"boissons alcoolis\u00e9es": {"cidre": {"cidre brut": 120.0, "cidre": 81.0, "cidre doux": 184.0}, "spiritueux et vins cuits": {"porto": 75.0, "rhum": 39.42857142857143, "vin doux naturel ou vin mut\u00e9 autre que porto type muscat banyuls ou maury": 111.11111111111111, "ap\u00e9ritif \u00e0 la gentiane": 110.0, "ap\u00e9ritif \u00e0 base de vin ou vermouth type martini": 76.66666666666667, "gin": 40.0, "liqueurs": 47.5, "whisky": 62.611111111111114}, "vin": {"vin sans pr\u00e9cision": 155.625, "vin rouge 11\u00b0": 255.0, "vin blanc 11\u00b0": 190.33962264150944, "vin rouge 12\u00b0": 174.55140186915887, "vin rouge 10\u00b0": 208.46153846153845, "vin blanc mousseux": 155.45454545454547, "champagne": 202.75862068965517, "vin ros\u00e9 11\u00b0": 186.58536585365854, "vin rouge 13\u00b0 et plus": 300.0}, "cocktails et m\u00e9langes": {"kir": 133.33333333333334, "cocktail type punch planteur": 40.0, "sangria": 450.0, "panach\u00e9": 250.0, "pastis pr\u00eat \u00e0 boire (1+5)": 178.14814814814815, "cocktail alcoolis\u00e9": 300.0}, "bi\u00e8re": {"bi\u00e8re sp\u00e9ciale \u00e0 5-6\u00b0 d'alcool type 1664 pelforth ambr\u00e9e ou fischer heineken": 350.0, "bi\u00e8re de sp\u00e9cialit\u00e9s ou d'abbaye r\u00e9gionales ou de brasserie degr\u00e9 d'alcool varia": 340.5, "bi\u00e8re brune": 250.0, "bi\u00e8re c\u0153ur de march\u00e9 \u00e0 4-5\u00b0 d'alcool type kronenbourg ou 33 export": 388.82608695652175}}}