{"region_8_partitions_foodgrp_31": {"eaux": {"eau minérale plate": {"vittel eau plate": 374.1007194244604, "beckerich eau plate": 254.44444444444446, "courmayeur eau plate": 341.05263157894734, "saint amand vauban eau plate": 278.38607594936707, "aix les bains eau plate": 144.0, "luchon eau plate": 185.58139534883722, "évian eau plate": 283.9884393063584, "hépar eau plate": 254.7826086956522, "eau minérale plate sans précision": 346.5, "valvert eau plate": 180.0, "contrex eau plate": 323.29479768786126, "chaudfontaine eau plate": 350.0, "thonon eau plate": 253.33333333333334, "volvic eau plate": 256.3636363636364, "chambon eau plate": 500.0}, "eau du robinet": {"eau du robinet": 282.66156462585036}, "eau minérale gazeuse": {"san pellegrino eau gazeuse": 312.9166666666667, "badoit eau gazeuse": 320.7142857142857, "saint yorre eau gazeuse": 276.9230769230769, "perrier eau gazeuse": 313.6363636363636, "quézac eau gazeuse": 248.88888888888889, "eau gazeuse sans précision": 213.33333333333334, "vichy célestins eau gazeuse": 150.0}, "eau de source": {"eau de source": 312.90909090909093}, "autre eau": {"eau minérale sans précision": 237.95620437956205, "autre eau minérale": 355.18518518518516, "eau minérale ou non faiblement minéralisée": 346.4}}}}