{"charcuterie": {"pâtés, terrines, rillettes et foie gras": {"foie gras en conserve": 49.11764705882353, "pâté de tête ou fromage de tête": 100.0, "pâté de campagne": 60.65625, "galantine": 25.0, "mousse de foie": 45.0, "pâté de foie de porc": 47.5, "pâté en croûte": 44.0, "pâté de lapin": 68.75, "rillettes": 50.0, "pâté de foie de volaille": 200.0, "terrine de canard": 50.0}, "autre charcuterie ou charcuterie  sans précision": {"charcuterie sans précision": 125.0, "autre charcuterie": 59.36363636363637}, "saucisses, saucissons, andouilles et boudins": {"saucisse de toulouse cuite": 175.0, "saucisse cocktail": 58.333333333333336, "saucisse de morteau cuite": 135.0, "rosette ou fuseau": 22.555555555555557, "cervelas": 75.0, "merguez de bœuf et de mouton cuite": 86.42857142857143, "saucisson sec": 46.1025641025641, "chair à saucisse": 32.5, "salami": 36.44444444444444, "chipolata cuite": 74.375, "andouillette réchauffée": 150.0, "boudin blanc cuit": 110.71428571428571, "boudin noir cuit": 133.57142857142858, "mortadelle": 33.0, "saucisse sèche": 37.75, "saucisse alsacienne fumée ou gendarme": 82.0, "saucisson à l'ail": 47.81818181818182, "saucisse sans précision": 75.63725490196079, "chorizo sec": 25.0, "saucisse de strasbourg": 72.25555555555556}, "jambons et charcuteries en pièces": {"jambon cuit supérieur dd (découenné dégraissé)": 27.5, "jambon cuit": 58.697916666666664, "poitrine de porc fumée": 50.0, "coppa": 30.0, "jambon cuit fumé": 52.142857142857146, "lardon nature cuit": 40.54385964912281, "jambon cuit supérieur": 66.25, "jambon cru fumé": 53.75, "jambon cuit dd (découenné dégraissé)": 51.98275862068966, "jambon sec dd (découenné dégraissé)": 65.83333333333333, "jambon cru": 60.65217391304348, "jambonneau cuit": 100.0, "bacon filet cuit": 52.36363636363637}}}