{"beurre": {"sans": {"beurre doux l\u00e9ger 39-41% m.g.": 12.857142857142858, "beurre sal\u00e9 sel > 3%": 14.0, "beurre l\u00e9ger 39-41% m.g. demi-sel": 6.666666666666667, "mati\u00e8re grasse laiti\u00e8re l\u00e9g\u00e8re 25% m.g. \u00e0 tartiner type bridelight": 11.09375, "beurre doux": 12.88006230529595, "beurre all\u00e9g\u00e9 60-62 % m.g. demi-sel": 6.333333333333333, "beurre sal\u00e9 non all\u00e9g\u00e9 ajout\u00e9 \u00e0 la cuisson": 9.140625, "beurre all\u00e9g\u00e9 ajout\u00e9 au service": 8.88888888888889, "beurre all\u00e9g\u00e9 ajout\u00e9 \u00e0 la cuisson": 9.76923076923077, "beurre sal\u00e9 non all\u00e9g\u00e9 ajout\u00e9e au service": 10.125, "beurre demi-sel sel maxi 3%": 11.978021978021978, "beurre doux non all\u00e9g\u00e9 ajout\u00e9 \u00e0 la cuisson": 8.64102564102564, "beurre all\u00e9g\u00e9 sans pr\u00e9cision": 10.649122807017545, "beurre doux non all\u00e9g\u00e9 ajout\u00e9e au service": 10.210526315789474}}}