{"charcuterie": {"p\u00e2t\u00e9s, terrines, rillettes et foie gras": {"foie gras en conserve": 49.11764705882353, "p\u00e2t\u00e9 de t\u00eate ou fromage de t\u00eate": 100.0, "p\u00e2t\u00e9 de campagne": 60.65625, "galantine": 25.0, "mousse de foie": 45.0, "p\u00e2t\u00e9 de foie de porc": 47.5, "p\u00e2t\u00e9 en cro\u00fbte": 44.0, "p\u00e2t\u00e9 de lapin": 68.75, "rillettes": 50.0, "p\u00e2t\u00e9 de foie de volaille": 200.0, "terrine de canard": 50.0}, "autre charcuterie ou charcuterie  sans pr\u00e9cision": {"charcuterie sans pr\u00e9cision": 125.0, "autre charcuterie": 59.36363636363637}, "saucisses, saucissons, andouilles et boudins": {"saucisse de toulouse cuite": 175.0, "saucisse s\u00e8che": 37.75, "saucisse de morteau cuite": 135.0, "rosette ou fuseau": 22.555555555555557, "cervelas": 75.0, "saucisse cocktail": 58.333333333333336, "saucisson sec": 46.1025641025641, "chair \u00e0 saucisse": 32.5, "salami": 36.44444444444444, "chipolata cuite": 74.375, "andouillette r\u00e9chauff\u00e9e": 150.0, "merguez de b\u0153uf et de mouton cuite": 86.42857142857143, "boudin blanc cuit": 110.71428571428571, "boudin noir cuit": 133.57142857142858, "mortadelle": 33.0, "saucisse alsacienne fum\u00e9e ou gendarme": 82.0, "saucisson \u00e0 l'ail": 47.81818181818182, "saucisse sans pr\u00e9cision": 75.63725490196079, "chorizo sec": 25.0, "saucisse de strasbourg": 72.25555555555556}, "jambons et charcuteries en pi\u00e8ces": {"jambon cuit sup\u00e9rieur dd (d\u00e9couenn\u00e9 d\u00e9graiss\u00e9)": 27.5, "jambon cuit": 58.697916666666664, "poitrine de porc fum\u00e9e": 50.0, "coppa": 30.0, "jambon cuit fum\u00e9": 52.142857142857146, "lardon nature cuit": 40.54385964912281, "jambon cuit sup\u00e9rieur": 66.25, "jambon cru fum\u00e9": 53.75, "jambon cuit dd (d\u00e9couenn\u00e9 d\u00e9graiss\u00e9)": 51.98275862068966, "jambon sec dd (d\u00e9couenn\u00e9 d\u00e9graiss\u00e9)": 65.83333333333333, "jambon cru": 60.65217391304348, "jambonneau cuit": 100.0, "bacon filet cuit": 52.36363636363637}}}