{"lait": {"lait aromatis\u00e9": {"milk-shake sans pr\u00e9cision": 250.0, "lait demi-\u00e9cr\u00e9m\u00e9 aromatis\u00e9 au chocolat": 250.0}, "lait concentr\u00e9 ou en poudre": {"lait entier concentr\u00e9 non sucr\u00e9": 16.142857142857142, "lait \u00e9cr\u00e9m\u00e9 en poudre": 10.2}, "lait en bouteille ou en brique": {"lait demi-\u00e9cr\u00e9m\u00e9 uht \u00e0 teneur garantie en vitamines": 247.75, "lait demi-\u00e9cr\u00e9m\u00e9 en poudre": 10.0, "lait demi-\u00e9cr\u00e9m\u00e9 uht \u00e0 teneur garantie en prot\u00e9ines et vitamines enrichi en min\u00e9": 287.5, "lait entier uht": 278.46153846153845, "lait entier pasteuris\u00e9": 196.2608695652174, "lait \u00e9cr\u00e9m\u00e9 uht": 245.2982456140351, "lait de croissance infantile": 120.0, "lait demi-\u00e9cr\u00e9m\u00e9 uht": 217.15949554896142, "lait \u00e9cr\u00e9m\u00e9 uht \u00e0 teneur garantie en vitamines": 174.0}, "autre lait": {"autre lait": 362.5}}}