{"biscuits sucr\u00e9s ou sal\u00e9s et barres": {"biscuits sal\u00e9s pour ap\u00e9ritif": {"biscuit ap\u00e9ritif type cracker garni ou fourr\u00e9 au fromage type monaco lu": 30.0, "biscuit ap\u00e9ritif type cracker nature type tuc ou triangolini": 23.645614035087718, "chips de pomme de terre sal\u00e9es": 24.035087719298247, "biscuit ap\u00e9ritif souffl\u00e9 \u00e0 base de pomme de terre type chipster lu": 10.0, "biscuit ap\u00e9ritif souffl\u00e9 \u00e0 base de ma\u00efs sans cacahu\u00e8te": 38.0}, "biscuits sucr\u00e9s": {"biscuit sec au chocolat sans pr\u00e9cision": 38.67391304347826, "biscuit sec feuillet\u00e9 type petits c\u0153urs nature ou palmito": 13.75, "biscuit sec aux \u0153ufs \u00e0 la cuill\u00e8re ou boudoir": 68.28571428571429, "gaufrette fourr\u00e9e fourrage autre qu'aux fruits (chocolat vanille noisette\u2026)": 72.58333333333333, "langue de chat": 18.75, "biscuit di\u00e9t\u00e9tique \u00e0 teneur garantie en vitamines": 95.0, "autre biscuit sucr\u00e9": 39.285714285714285, "galette ou sabl\u00e9 ou palet type galette du mont saint michel": 37.214285714285715, "biscuit sec napp\u00e9 de chocolat type p\u00e9pito ou mikado lu": 48.76470588235294, "go\u00fbter sec fourr\u00e9 au chocolat type prince ou bn au chocolat": 57.43509615384615, "barquette \u00e0 la pulpe de fruit fabrication industrielle": 33.5, "cookie": 37.578947368421055, "biscuit sec pour petit d\u00e9jeuner type lu ou prince": 45.90909090909091, "biscuit sec petit beurre": 26.5625, "biscuit sec petit beurre + tablette de chocolat type lu petit \u00e9colier": 38.54545454545455, "gaufrette fourr\u00e9e aux fruits type paille d'or aux framboises": 31.666666666666668, "biscuit sec sans pr\u00e9cision": 30.363636363636363}, "barres c\u00e9r\u00e9ali\u00e8res": {"barre c\u00e9r\u00e9ali\u00e8re \u00e0 base de c\u00e9r\u00e9ales et de lait pour petit d\u00e9jeuner avec ou sans": 27.0, "barre c\u00e9r\u00e9ali\u00e8re chocolat\u00e9e enrichie en vitamines et min\u00e9raux": 22.875, "barre c\u00e9r\u00e9ali\u00e8re aux fruits": 37.0, "barre chocolat\u00e9e c\u00e9r\u00e9ali\u00e8re type grany c\u00e9r\u00e9ales chocolat": 37.63636363636363, "barre c\u00e9r\u00e9ali\u00e8re aux amandes ou noisettes": 35.714285714285715}}}