{"p\u00e2tes": {"p\u00e2tes alimentaires": {"p\u00e2tes alimentaires aux oeufs cuites": 182.94117647058823, "p\u00e2tes alimentaires cuites": 169.39460154241644}, "p\u00e2tes pour p\u00e2tisserie pr\u00eates \u00e0 l'emploi": {"p\u00e2te feuillet\u00e9e cuite": 76.66666666666667}}}