{"oeufs et d\u00e9riv\u00e9s": {"sans": {"omelette aux lardons": 166.66666666666666, "omelette nature cuite au beurre": 137.04545454545453, "oeuf dur": 74.56521739130434, "jaune d'\u0153uf cuit": 26.25, "oeuf au plat sal\u00e9": 118.0, "omelette aux fines herbes": 210.0, "oeuf \u00e0 la coque": 102.85714285714286, "oeufs brouill\u00e9s au beurre": 106.6, "omelette au fromage": 133.33333333333334}}}