{"l\u00e9gumes (hors pommes de terre)": {"champignons": {"champignon tout type cru sans pr\u00e9cision": 6.0, "champignon tout type en conserve": 63.63953488372093, "champignon de paris saut\u00e9": 115.2}, "m\u00e9langes de l\u00e9gumes, l\u00e9gumes pr\u00e9par\u00e9s et autres l\u00e9gumes": {"ratatouille ni\u00e7oise": 151.10256410256412, "l\u00e9gume en pur\u00e9e hors pomme de terre non sal\u00e9": 103.88888888888889, "crudit\u00e9s vinaigrette sans pr\u00e9cision": 90.0, "c\u00e9leri r\u00e9moulade": 66.66666666666667, "pulpe de tomate en conserve": 30.0, "petits pois et carottes en conserve": 99.43589743589743, "champignons \u00e0 la grecque": 50.0, "l\u00e9gumes cuits sans pr\u00e9cision": 101.92307692307692, "mac\u00e9doine de l\u00e9gumes en conserve": 135.82857142857142, "l\u00e9gumes m\u00e9lang\u00e9s surgel\u00e9s": 123.25, "choucroute sans garniture": 225.0}, "choux": {"chou-fleur cuit": 160.52380952380952, "chou vert cuit": 75.5, "chou blanc cru": 25.0, "chou rouge cru": 89.0, "brocoli cuit": 134.25, "chou de bruxelles cuit": 125.0, "chou de bruxelles en conserve": 75.0}, "l\u00e9gumes tiges": {"asperge cuite": 79.75, "artichaut cuit": 278.3333333333333, "germe ou pousse de soja en conserve": 45.0, "c\u00e9leri branche cuit": 66.66666666666667, "germe ou pousse de soja cru": 25.0, "poireau cuit": 106.17647058823529, "fenouil cuit \u00e0 l'eau": 200.0, "c\u0153ur de palmier en conserve": 60.0, "asperge en conserve": 65.0}, "haricots verts et petits pois (l\u00e9gumes potagers)": {"haricot vert surgel\u00e9 cuit": 106.9375, "haricot beurre en conserve": 125.33333333333333, "petit pois cuit": 79.15, "petit pois en conserve": 130.48648648648648, "haricot vert cuit": 110.94642857142857, "haricot vert en conserve \u00e9goutt\u00e9": 110.02739726027397}, "l\u00e9gumes racines, tubercules ou bulbes": {"oignon cuit": 19.684615384615384, "salsifis en conserve": 143.75, "oignon cru": 14.5, "carotte en conserve": 113.33333333333333, "radis rouge cru": 75.0, "\u00e9chalote crue": 6.225, "betterave rouge cuite": 69.96153846153847, "radis noir cru": 75.0, "navet cuit": 99.0, "c\u00e9leri-rave cru": 43.333333333333336, "carotte cuite": 102.15555555555555, "salsifis cuit": 112.6, "carotte crue": 76.28358208955224}, "l\u00e9gumes fruits": {"tomate cerise crue": 38.166666666666664, "poivron vert jaune ou rouge cru": 25.0, "ma\u00efs doux en conserve": 53.55263157894737, "aubergine cuite": 75.0, "poivron vert jaune ou rouge cuit": 42.0, "ma\u00efs doux en \u00e9pis cuit": 26.400000000000002, "poivron rouge cuit": 63.333333333333336, "tomate pel\u00e9e en conserve": 74.16666666666667, "concombre cru pulpe": 86.20689655172414, "tomate crue": 100.92814371257485, "avocat frais": 131.5, "poivron vert cuit": 50.0, "courgette cuite": 106.05}, "l\u00e9gumes feuilles": {"scarole crue": 26.166666666666668, "endive cuite": 150.04166666666666, "chicor\u00e9e fris\u00e9e crue": 28.0, "salade verte sans assaisonnement sans pr\u00e9cision": 31.30081300813008, "oseille cuite \u00e0 l'eau": 37.5, "autre salade sans assaisonnement": 31.548387096774192, "laitue cuite": 20.0, "laitue crue": 33.84615384615385, "\u00e9pinard cuit": 150.41666666666666, "laitue romaine crue": 10.0, "m\u00e2che crue": 32.666666666666664, "endive crue": 29.75609756097561}}}