{"pommes de terre et apparent\u00e9s": {"sans": {"pur\u00e9e de pomme de terre avec lait et beurre non sal\u00e9e": 187.50746268656715, "pomme de terre rissol\u00e9e surgel\u00e9e": 140.6122448979592, "pur\u00e9e de pomme de terre \u00e0 base de flocons reconstitu\u00e9e au lait demi-\u00e9cr\u00e9m\u00e9": 161.63235294117646, "pomme de terre dauphine cuite": 73.25, "gnocchis de pommes de terre": 125.0, "pomme de terre frite surgel\u00e9e cuite": 77.65625, "pomme de terre cuite \u00e0 la vapeur": 240.50632911392404, "pomme noisette pr\u00e9cuite surgel\u00e9e": 80.83333333333333, "pomme de terre cuite au four": 210.45454545454547, "pomme de terre frite non sal\u00e9e": 81.61764705882354, "pomme de terre cuite \u00e0 l'eau": 183.79906542056074}}}