{"region_8_partitions_foodgrp_33": {"boissons alcoolisées": {"cidre": {"cidre brut": 120.0, "cidre": 81.0, "cidre doux": 184.0}, "spiritueux et vins cuits": {"porto": 75.0, "rhum": 39.42857142857143, "vin doux naturel ou vin muté autre que porto type muscat banyuls ou maury": 111.11111111111111, "apéritif à la gentiane": 110.0, "apéritif à base de vin ou vermouth type martini": 76.66666666666667, "gin": 40.0, "liqueurs": 47.5, "whisky": 62.611111111111114}, "vin": {"vin sans précision": 155.625, "vin rouge 11°": 255.0, "vin blanc 11°": 190.33962264150944, "vin rouge 12°": 174.55140186915887, "vin rouge 10°": 208.46153846153845, "vin blanc mousseux": 155.45454545454547, "champagne": 202.75862068965517, "vin rosé 11°": 186.58536585365854, "vin rouge 13° et plus": 300.0}, "cocktails et mélanges": {"kir": 133.33333333333334, "cocktail type punch planteur": 40.0, "sangria": 450.0, "panaché": 250.0, "pastis prêt à boire (1+5)": 178.14814814814815, "cocktail alcoolisé": 300.0}, "bière": {"bière cœur de marché à 4-5° d'alcool type kronenbourg ou 33 export": 388.82608695652175, "bière spéciale à 5-6° d'alcool type 1664 pelforth ambrée ou fischer heineken": 350.0, "bière brune": 250.0, "bière de spécialités ou d'abbaye régionales ou de brasserie degré d'alcool varia": 340.5}}}}