{"autres boissons chaudes": {"th\u00e9 et infusions": {"tisane infus\u00e9e non sucr\u00e9e": 317.9591836734694, "th\u00e9 infus\u00e9 non sucr\u00e9": 261.58898305084745}, "cacao, poudres et boissons cacaot\u00e9es": {"poudre cacaot\u00e9e et sucr\u00e9e pour boisson au chocolat": 14.147679324894515, "boisson cacaot\u00e9e sucr\u00e9e au lait type cacolac": 214.28571428571428, "boisson instantan\u00e9e cacaot\u00e9e enrichie en vitamines reconstitu\u00e9e": 350.0, "poudre cacaot\u00e9e sucr\u00e9e enrichie pour boisson": 14.166666666666666, "cacao en poudre non sucr\u00e9 type van houten": 9.25, "boisson instantan\u00e9e cacaot\u00e9e sucr\u00e9e reconstitu\u00e9e": 240.25}, "chicor\u00e9e et poudre malt\u00e9e": {"poudre malt\u00e9e et sucr\u00e9e pour boisson": 3.5294117647058822, "poudre soluble \u00e0 base de chicor\u00e9e et de caf\u00e9 type ricor\u00e9": 3.8076923076923075, "chicor\u00e9e en poudre soluble type leroux": 5.741935483870968}}}