{"p\u00e2tisseries et g\u00e2teaux": {"p\u00e2tisseries et tartes": {"tarte ou tartelette aux pommes": 180.6, "p\u00e2tisserie sans pr\u00e9cision": 112.6923076923077, "millefeuille": 175.0, "chou \u00e0 la cr\u00e8me chantilly ou p\u00e2tissi\u00e8re": 57.916666666666664, "tarte \u00e0 la cr\u00e8me": 175.0, "tarte ou tartelette aux fruits": 172.27272727272728, "chouquette artisanale": 80.0, "autre p\u00e2tisserie": 325.0, "\u00e9clair": 113.75}, "g\u00e2teaux": {"g\u00e2teau moelleux fourr\u00e9 au chocolat ou aux p\u00e9pites de chocolat noir ou au lait": 42.76923076923077, "pain d'\u00e9pices": 46.666666666666664, "autre g\u00e2teau": 120.0, "g\u00e2teau au chocolat": 88.94117647058823, "g\u00e2teau moelleux fourr\u00e9 au chocolat multicouches type napolitain lu ou kinder d\u00e9l": 47.2, "muffin": 95.25, "galette des rois feuillet\u00e9e fourr\u00e9e \u00e0 la frangipane": 160.4516129032258, "g\u00e2teau moelleux g\u00e9noise fourr\u00e9e \u00e0 l'orange enrob\u00e9e de chocolat type pim's": 18.0, "charlotte aux fruits artisanale": 90.0, "g\u00e2teau au fromage blanc": 103.5, "g\u00e2teau moelleux fourr\u00e9 aux fruits type mini roul\u00e9 fraise captain choc": 54.0, "baba au rhum": 200.0, "cake aux fruits": 67.85714285714286, "madeleine": 69.6875, "g\u00e2teau \u00e0 la cr\u00e8me": 116.5625, "g\u00e2teau sans pr\u00e9cision": 103.79166666666667, "g\u00e2teau mousse aux fruits sur g\u00e9noise type miroir aux fruits rouges de picard": 146.36363636363637, "brownie au chocolat": 43.75, "quatre-quarts fabrication industrielle": 55.0}, "beignets, cr\u00eapes et gaufres": {"cr\u00eape au froment fourr\u00e9e au chocolat ou ou \u00e0 la p\u00e2te \u00e0 tartiner chocolat et nois": 57.0, "cr\u00eape ou galette bretonne au bl\u00e9 noir ou sarrasin": 52.583333333333336, "cr\u00eape au froment sucr\u00e9e non fourr\u00e9e": 168.33333333333334, "beignet fourr\u00e9 aux fruits": 53.2, "cr\u00eape au froment nature": 167.30434782608697, "beignet fourr\u00e9 \u00e0 la confiture": 35.0, "pain perdu": 85.0, "beignet sucr\u00e9 nature": 55.0, "gaufre bruxelloise ou li\u00e9geoise avec ou sans chocolat pr\u00e9emball\u00e9e": 56.98837209302326, "cr\u00eape au froment fourr\u00e9e \u00e0 la confiture": 86.0}}}