{"ultra-frais laitier": {"cr\u00e8me fra\u00eeche": {"cr\u00e8me chantilly sucr\u00e9e sous pression uht": 22.857142857142858, "cr\u00e8me fra\u00eeche ou cr\u00e8me de lait sans pr\u00e9cision": 18.5, "cr\u00e8me fra\u00eeche ou cr\u00e8me de lait fluide au moins 30% m.g. uht": 10.0, "cr\u00e8me fra\u00eeche all\u00e9g\u00e9e ajout\u00e9e \u00e0 la cuisson": 17.22222222222222, "cr\u00e8me fra\u00eeche non all\u00e9g\u00e9e ajout\u00e9e \u00e0 la cuisson": 15.833333333333334, "cr\u00e8me fra\u00eeche ou cr\u00e8me de lait \u00e9paisse au moins 30% m.g. rayon frais": 23.75, "cr\u00e8me fra\u00eeche non all\u00e9g\u00e9e ajout\u00e9e au service": 17.424242424242426, "cr\u00e8me fra\u00eeche all\u00e9g\u00e9e ajout\u00e9e au service": 16.71875, "sp\u00e9cialit\u00e9 \u00e0 base de cr\u00e8me l\u00e9g\u00e8re 8% m.g. type cr\u00e8me fluide ou \u00e9paisse": 15.833333333333334, "cr\u00e8me fra\u00eeche ou cr\u00e8me de lait fluide all\u00e9g\u00e9e 15 \u00e0 20% m.g. uht": 14.558823529411764, "cr\u00e8me fra\u00eeche ou cr\u00e8me de lait fluide au moins 30% m.g. rayon frais": 48.666666666666664}, "yaourts et assimil\u00e9s": {"yaourt brass\u00e9 nature au lait entier type danone velout\u00e9 nature": 137.70833333333334, "yaourt bulgare ou velout\u00e9 \u00e0 la pulpe de fruits au lait entier": 140.65217391304347, "sp\u00e9cialit\u00e9 laiti\u00e8re type yaourt au bifidus aromatis\u00e9 au lait entier sucr\u00e9e type": 135.71428571428572, "sp\u00e9cialit\u00e9 laiti\u00e8re type yaourt au lait entier au bifidus et aux fruits sucr\u00e9e": 125.0, "sp\u00e9cialit\u00e9 laiti\u00e8re type yaourt 0% aux fruits aux \u00e9dulcorants type panier de yop": 139.13793103448276, "yaourt aux fruits au lait entier sucr\u00e9 type danone recette cr\u00e9meuse aux fruits o": 130.0, "yaourt ou sp\u00e9cialit\u00e9 laiti\u00e8re nature": 134.04605263157896, "yaourt nature au lait entier": 125.0, "sp\u00e9cialit\u00e9 laiti\u00e8re type yaourt 0% aux fruits sucr\u00e9e type sveltesse aux fruits p": 131.94444444444446, "sp\u00e9cialit\u00e9 laiti\u00e8re aux fruits \u00e0 base de fromage blanc enrichie en cr\u00e8me type ge": 125.0, "autre yaourt ou sp\u00e9cialit\u00e9 laiti\u00e8re nature ou aux fruit": 68.33333333333333, "sp\u00e9cialit\u00e9 laiti\u00e8re type yaourt 0% aromatis\u00e9e sucr\u00e9e type weight watcher": 125.0, "yaourt aromatis\u00e9 au lait entier sucr\u00e9": 142.5, "lait ferment\u00e9 au bifidus nature au lait entier type danone activa": 132.78, "yaourt ou sp\u00e9cialit\u00e9 laiti\u00e8re aux fruits sans pr\u00e9cision": 139.12280701754386, "yaourt \u00e0 boire aromatis\u00e9 au lait demi-\u00e9cr\u00e9m\u00e9 sucr\u00e9 type yopi": 223.625, "yaourt ou sp\u00e9cialit\u00e9 laiti\u00e8re sans pr\u00e9cision": 127.12765957446808, "yaourt aux fruits au lait demi-\u00e9cr\u00e9m\u00e9 sucr\u00e9 type panier de yoplait": 141.25, "lait ferment\u00e9 \u00e0 boire au bifidus et aux fruits genre yaourt \u00e0 boire": 100.0, "sp\u00e9cialit\u00e9 laiti\u00e8re nature \u00e0 base de fromage blanc enrichie en cr\u00e8me type fjord": 129.16666666666666, "yaourt nature 0% m.g. type taillefine nature 0% danone yoplait silhouette": 121.29629629629629, "yaourt nature au lait demi-\u00e9cr\u00e9m\u00e9": 142.1875, "lait ferment\u00e9 \u00e0 boire au lait demi-\u00e9cr\u00e9m\u00e9 nature type actimel": 101.34054054054054, "yaourt nature au lait demi-\u00e9cr\u00e9m\u00e9 sucr\u00e9": 132.14285714285714, "yaourt aromatis\u00e9 au lait demi-\u00e9cr\u00e9m\u00e9 sucr\u00e9": 125.0, "sp\u00e9cialit\u00e9 laiti\u00e8re au lait entier enrichie en cr\u00e8me au chocolat type stracciate": 125.0}, "fromage blanc et petits suisses": {"petit-suisse nature 20% m.g. type gervais petit vitalit\u00e9": 124.61538461538461, "fromage blanc sans pr\u00e9cision": 111.11111111111111, "petit suisse aux fruits au lait demi-\u00e9cr\u00e9m\u00e9 type petits filous": 110.2, "fromage blanc battu nature 40% m.g. type danone jockey 40% ou yoplait calin 40%": 101.81818181818181, "fromage blanc battu 20% m.g. nature": 132.67857142857142, "fromage blanc de campagne nature 40% m.g. type senoble fromage frais 43% campagn": 100.0, "fromage blanc sucr\u00e9 aromatis\u00e9 ou aux fruits sans pr\u00e9cision": 100.0, "fromage blanc aux fruits sucr\u00e9 30-40% m.g.": 108.33333333333333, "petit-suisse nature 40% m.g.": 119.0625, "fromage blanc battu nature 0% m.g.": 100.0}}}