{"fruits secs et graines ol\u00e9agineuses": {"ol\u00e9agineux et graines": {"cacahu\u00e8te ou arachide": 27.5, "pistache r\u00f4tie sal\u00e9e": 21.2, "noix de cajou sal\u00e9e": 36.0, "cacahu\u00e8te grill\u00e9e sal\u00e9e": 18.333333333333332, "noix": 40.22222222222222, "graine de s\u00e9same et autres": 50.0, "graine de tournesol": 16.666666666666668, "amande": 6.0}, "fruits secs et ch\u00e2taignes": {"ch\u00e2taigne grill\u00e9e": 75.0, "m\u00e9lange pour ap\u00e9ritif de fruits exotiques s\u00e9ch\u00e9s": 20.0, "raisin sec": 13.571428571428571, "datte s\u00e8che": 167.2, "pruneau sec": 25.6}, "m\u00e9langes": {"fruits secs ou s\u00e9ch\u00e9s et graines ol\u00e9agineuses sans pr\u00e9cision": 12.5}}}