{"viande": {"bœuf en pièces ou haché": {"steak haché 20% m.g. cuit": 102.5, "bœuf boulettes cuites": 96.875, "bœuf faux-filet grillé": 143.55555555555554, "brochette de bœuf": 115.0, "steak haché 5% m.g. cuit": 117.91666666666667, "steak haché 5% m.g. cru": 149.28571428571428, "steak haché 15% m.g. cuit": 123.80952380952381, "bœuf à pot-au-feu cuit": 145.6, "boeuf bifteck grillé": 132.53333333333333, "steak haché 10% m.g. cuit": 180.0, "fondue bourguignonne": 130.0, "bœuf à bourguignon cuit": 91.875, "bœuf braisé": 84.28571428571429, "bœuf rosbif rôti": 109.71428571428571, "bœuf entrecôte grillée": 167.61904761904762}, "autre viande": {"autre viande": 80.0, "cheval viande rôtie": 135.89285714285714, "brochette mixte de viande": 107.14285714285714, "viande cuite sans précision": 134.83870967741936}, "porc": {"porc côtelette grillée": 137.375, "porc filet rôti maigre cuit": 116.16666666666667, "porc travers braisé": 118.0, "porc échine rôtie": 160.0, "porc rôti cuit": 88.21875}, "agneau": {"agneau épaule rôtie": 40.0, "agneau côtelette grillée": 125.0, "brochette d'agneau": 70.0, "agneau gigot rôti": 124.75}, "veau": {"veau côte cuite": 115.0, "veau rôti": 81.0, "veau mijoté": 80.0, "veau filet rôti": 80.0, "veau escalope cuite": 108.5}}}