{"region_8_partitions_foodgrp_12": {"oeufs et dérivés": {"sans": {"omelette aux lardons": 166.66666666666666, "jaune d'œuf cuit": 26.25, "omelette nature cuite au beurre": 137.04545454545453, "oeuf dur": 74.56521739130434, "oeuf au plat salé": 118.0, "omelette aux fines herbes": 210.0, "oeuf à la coque": 102.85714285714286, "oeufs brouillés au beurre": 106.6, "omelette au fromage": 133.33333333333334}}}}