{"condiments et sauces": {"condiments d'assaisonnement": {"ail frais": 2.8964285714285714, "vinaigre": 11.461702127659576, "cube pour bouillon de b\u0153uf": 13.115384615384615, "concentr\u00e9 de tomate": 28.634615384615383, "sauce de soja": 15.0}, "condiments d'accompagnement": {"olive verte en saumure": 58.72727272727273, "moutarde": 12.068181818181818, "cornichon au vinaigre": 32.142857142857146, "ketchup": 30.294117647058822}, "herbes aromatiques": {"herbes aromatiques fra\u00eeches": 1.9914285714285715, "basilic frais": 1.775, "ciboule ou ciboulette fra\u00eeche": 4.0, "persil frais": 4.546296296296297, "thym sec": 2.8666666666666667}, "sauces": {"sauce hollandaise": 50.0, "mayonnaise \u00e0 l'huile de tournesol": 30.0, "sauce au yaourt": 23.333333333333332, "vinaigrette ajout\u00e9e au service": 20.0, "sauce tomate sans viande": 41.74698795180723, "sauce au poivre ajout\u00e9e au service": 20.0, "sauce sans pr\u00e9cision": 20.0, "sauce \u00e0 la cr\u00e8me aux \u00e9pices": 28.214285714285715, "vinaigrette sans pr\u00e9cision": 19.0, "sauce \u00e0 la cr\u00e8me aux herbes": 30.0, "sauce \u00e0 la cr\u00e8me": 27.321428571428573, "sauce au vin rouge": 25.46875, "mayonnaise ajout\u00e9e au service": 15.0, "sauce aux champignons": 39.0, "sauce au fromage": 11.25, "vinaigrette all\u00e9g\u00e9e ajout\u00e9e au service": 20.0, "mayonnaise": 15.086206896551724, "sauce b\u00e9arnaise": 30.0, "sauce au beurre": 25.178571428571427, "mayonnaise all\u00e9g\u00e9e": 21.5625, "vinaigrette all\u00e9g\u00e9e": 17.333333333333332, "sauce mornay": 15.0, "sauce au curry": 11.666666666666666, "sauce tomate \u00e0 la viande ou bolognaise type panzani ou buitoni": 66.8529411764706, "sauce moutarde": 30.0, "sauce pesto": 13.5, "autre sauce": 21.53846153846154, "vinaigrette \u00e0 l'huile d'olive": 21.384615384615383, "sauce moutarde ajout\u00e9e au service": 20.0, "sauce b\u00e9chamel en brique": 38.61702127659574}, "sel et \u00e9pices": {"curry en poudre": 3.0, "poivre noir moulu": 1.0441176470588236, "gingembre moulu": 1.8, "cumin en graines": 2.0, "sel fin ou gros": 2.3986928104575163, "cannelle": 1.0, "\u00e9pices sans pr\u00e9cision": 1.6111111111111112, "sel de mer": 2.875, "coriandre en graines": 2.0}}}