{"volaille et gibier": {"gibier": {"chevreuil r\u00f4ti": 90.0, "sanglier r\u00f4ti": 160.0, "autre gibier": 75.0, "faisan viande r\u00f4tie": 113.75}, "volailles et lapins": {"poule viande bouillie": 75.0, "blanc de poulet cuit": 101.59722222222223, "poulet cuisse r\u00f4tie viande et peau": 214.76666666666668, "dinde viande r\u00f4tie": 170.76923076923077, "lapin en rago\u00fbt": 155.0, "lapin viande cuite": 155.0, "pigeon viande r\u00f4tie": 137.5, "brochette de volaille": 150.0, "poule bouillie viande et peau": 400.0, "dinde ou autre volaille escalope saut\u00e9e": 105.18518518518519, "volaille cuite sans pr\u00e9cision": 344.0, "canard viande r\u00f4tie": 196.6, "canard magret cuit \u00e0 la po\u00eale": 62.666666666666664, "autre volaille cuite": 123.33333333333333, "caille cuite viande et peau": 150.0, "poulet r\u00f4ti viande et peau": 141.56825396825397}}}