{"riz et bl\u00e9 dur ou concass\u00e9": {"riz": {"riz blanc cuit": 120.88050314465409, "riz blanc \u00e9tuv\u00e9 cuit": 125.0, "riz complet cuit": 150.0}, "bl\u00e9": {"couscous (graine seule) semoule cuite": 137.06896551724137, "bl\u00e9 dur pr\u00e9cuit nature type ebly": 69.76190476190476}}}