{"region_8_partitions_foodgrp_23": {"légumes (hors pommes de terre)": {"champignons": {"champignon tout type cru sans précision": 6.0, "champignon tout type en conserve": 63.63953488372093, "champignon de paris sauté": 115.2}, "mélanges de légumes, légumes préparés et autres légumes": {"ratatouille niçoise": 151.10256410256412, "légume en purée hors pomme de terre non salé": 103.88888888888889, "crudités vinaigrette sans précision": 90.0, "céleri rémoulade": 66.66666666666667, "pulpe de tomate en conserve": 30.0, "petits pois et carottes en conserve": 99.43589743589743, "champignons à la grecque": 50.0, "légumes cuits sans précision": 101.92307692307692, "macédoine de légumes en conserve": 135.82857142857142, "légumes mélangés surgelés": 123.25, "choucroute sans garniture": 225.0}, "choux": {"chou-fleur cuit": 160.52380952380952, "chou vert cuit": 75.5, "chou blanc cru": 25.0, "chou rouge cru": 89.0, "brocoli cuit": 134.25, "chou de bruxelles cuit": 125.0, "chou de bruxelles en conserve": 75.0}, "légumes tiges": {"asperge cuite": 79.75, "cœur de palmier en conserve": 60.0, "artichaut cuit": 278.3333333333333, "germe ou pousse de soja en conserve": 45.0, "céleri branche cuit": 66.66666666666667, "germe ou pousse de soja cru": 25.0, "poireau cuit": 106.17647058823529, "fenouil cuit à l'eau": 200.0, "asperge en conserve": 65.0}, "haricots verts et petits pois (légumes potagers)": {"haricot vert surgelé cuit": 106.9375, "haricot beurre en conserve": 125.33333333333333, "petit pois cuit": 79.15, "petit pois en conserve": 130.48648648648648, "haricot vert cuit": 110.94642857142857, "haricot vert en conserve égoutté": 110.02739726027397}, "légumes racines, tubercules ou bulbes": {"oignon cuit": 19.684615384615384, "salsifis en conserve": 143.75, "oignon cru": 14.5, "carotte en conserve": 113.33333333333333, "radis rouge cru": 75.0, "échalote crue": 6.225, "betterave rouge cuite": 69.96153846153847, "radis noir cru": 75.0, "navet cuit": 99.0, "céleri-rave cru": 43.333333333333336, "carotte cuite": 102.15555555555555, "salsifis cuit": 112.6, "carotte crue": 76.28358208955224}, "légumes fruits": {"tomate cerise crue": 38.166666666666664, "poivron vert jaune ou rouge cru": 25.0, "maïs doux en conserve": 53.55263157894737, "aubergine cuite": 75.0, "poivron vert jaune ou rouge cuit": 42.0, "maïs doux en épis cuit": 26.400000000000002, "poivron rouge cuit": 63.333333333333336, "tomate pelée en conserve": 74.16666666666667, "concombre cru pulpe": 86.20689655172414, "tomate crue": 100.92814371257485, "avocat frais": 131.5, "poivron vert cuit": 50.0, "courgette cuite": 106.05}, "légumes feuilles": {"scarole crue": 26.166666666666668, "endive cuite": 150.04166666666666, "chicorée frisée crue": 28.0, "salade verte sans assaisonnement sans précision": 31.30081300813008, "oseille cuite à l'eau": 37.5, "autre salade sans assaisonnement": 31.548387096774192, "laitue cuite": 20.0, "laitue crue": 33.84615384615385, "épinard cuit": 150.41666666666666, "laitue romaine crue": 10.0, "mâche crue": 32.666666666666664, "endive crue": 29.75609756097561}}}}