{"caf\u00e9": {"sans": {"caf\u00e9 soluble d\u00e9caf\u00e9in\u00e9 reconstitu\u00e9 pr\u00eat \u00e0 boire non sucr\u00e9": 300.0, "caf\u00e9 soluble en poudre": 2.125, "caf\u00e9 au lait ou caf\u00e9 cr\u00e8me ou cappuccino non sucr\u00e9": 345.0, "caf\u00e9 soluble reconstitu\u00e9 pr\u00eat \u00e0 boire non sucr\u00e9": 214.7058823529412, "caf\u00e9 expresso non sucr\u00e9": 81.2, "caf\u00e9 noir pr\u00eat \u00e0 boire non sucr\u00e9": 263.21233624454146, "caf\u00e9 d\u00e9caf\u00e9in\u00e9 pr\u00eat \u00e0 boire non sucr\u00e9": 261.9387755102041}}}