{"region_8_partitions_foodgrp_6": {"viennoiserie": {"sans": {"croissant au beurre artisanal": 75.625, "croissant sans précision": 67.43055555555556, "brioche sans précision": 57.64705882352941, "pain aux raisins": 59.642857142857146, "pain au chocolat feuilleté artisanal": 59.39433962264151, "brioche industrielle préemballée": 50.945454545454545, "autre viennoiserie": 68.0, "chausson aux pommes": 122.66666666666667, "pain au lait artisanal": 76.36363636363636, "croissant ordinaire artisanal": 55.0}}}}