{"pain et panification s\u00e8che": {"biscottes et panification s\u00e8che": {"autre biscotte": 21.818181818181817, "tartine extrud\u00e9e fourr\u00e9e au chocolat ou aux fruits type craquinette de lu": 32.142857142857146, "pain grill\u00e9 au froment type tranches pain grill\u00e9 pelletier lu braisotte jacquet": 25.0, "biscotte multic\u00e9r\u00e9ales type heudebert aux six c\u00e9r\u00e9ales": 40.0, "pain grill\u00e9 multic\u00e9r\u00e9ales type pain grill\u00e9 multic\u00e9r\u00e9ales heudebert lu": 30.0, "biscotte classique type heudebert lu": 20.596153846153847}, "autres produits de panification": {"chapelure ou panure": 10.5, "cro\u00fbtons": 55.6, "fougasse garnie": 25.0}, "pain": {"pain grill\u00e9 maison": 76.1, "pain aux c\u00e9r\u00e9ales artisanal": 55.84, "pain courant fran\u00e7ais boule \u00e0 la levure": 79.07673860911271, "pain sans pr\u00e9cision": 135.48275862068965, "pain de seigle et froment": 86.66666666666667, "pain brioch\u00e9 ou viennois": 42.8, "pain complet ou int\u00e9gral artisanal": 71.875, "pain type poil\u00e2ne": 400.0, "autre pain": 56.21052631578947, "pain de mie": 68.18478260869566, "pain baguette": 81.36101694915254, "pain de campagne ou bis": 72.66666666666667}}}