{"sucres et d\u00e9riv\u00e9s": {"confiserie": {"bonbons g\u00e9lifi\u00e9s": 27.285714285714285, "confiserie drag\u00e9ifi\u00e9e au chocolat type smarties": 24.266666666666666, "p\u00e2te de fruits": 13.333333333333334, "chewing-gum sucr\u00e9": 6.642857142857143, "confiserie \u00e0 base de cacahu\u00e8tes drag\u00e9ifi\u00e9es enrob\u00e9es de chocolat type m&ms cacah": 30.316666666666666, "bonbons tout type sauf g\u00e9lifi\u00e9s": 18.81973684210526, "chewing-gum sans sucre": 5.084, "nougat ou touron": 19.0}, "confiture et miel": {"miel": 16.176470588235293, "confiture de cerise": 10.0, "confiture ajout\u00e9e au service": 7.5, "confiture de fraise": 37.41935483870968, "confiture d'abricot": 35.714285714285715, "confiture ou marmelade tout type": 33.645161290322584, "confiture all\u00e9g\u00e9e": 41.851851851851855}, "sucre et assimil\u00e9s": {"sucre roux": 9.385245901639344, "sucre blanc": 8.236069277108435, "sucre blanc ajout\u00e9 au service": 6.340909090909091, "sucre all\u00e9g\u00e9 type tutti free": 7.56}}}