{"fruits": {"sans": {"fruit sans précision": 125.0, "ananas frais": 96.38888888888889, "litchi frais": 50.0, "cerise fraîche": 111.9047619047619, "framboise fraîche": 55.0, "pamplemousse frais": 137.275, "raisin noir frais": 174.5, "salade de fruits frais": 183.33333333333334, "autre fruit": 15.0, "pastèque fraîche": 530.0, "abricot frais": 145.3846153846154, "banane fraîche": 164.36428571428573, "kiwi frais": 104.45744680851064, "figue fraîche": 50.0, "mangue fraîche": 50.0, "raisin blanc frais": 132.95454545454547, "fraise fraîche": 150.0, "nectarine non pelée fraîche": 168.4090909090909, "melon frais": 264.5833333333333, "orange fraîche": 169.3939393939394, "kaki frais": 50.0, "poire non pelée fraîche": 199.06785714285715, "citron frais": 16.0, "prune reine-claude fraîche": 96.5, "clémentine ou mandarine fraîche": 129.19298245614036, "pomme non pelée fraîche": 184.0940170940171, "pêche non pelée fraîche": 174.28571428571428, "pêche pelée fraîche": 157.22222222222223}}}