{"pizzas, quiches et p\u00e2tisseries sal\u00e9es": {"quiches et tartes sal\u00e9es": {"tarte au fromage ou quiche au fromage": 113.75, "flamenkueche (tarte sal\u00e9e aux lardons)": 128.33333333333334, "tarte aux poireaux": 128.75, "cake sal\u00e9 avec garniture (viande poisson volaille fromage l\u00e9gumes \u2026)": 125.0, "tarte au saumon et \u00e0 l'oseille": 103.33333333333333, "tarte proven\u00e7ale \u00e0 la tomate": 132.5, "tarte aux l\u00e9gumes": 111.2, "quiche lorraine": 150.6451612903226}, "pizzas": {"pizza jambon fromage": 178.66666666666666, "pizza royale (jambon fromage champignon)": 197.85714285714286, "autre pizza": 176.5, "pizza au fromage": 112.67857142857143, "pizza 4 fromages": 157.0, "pizza sans pr\u00e9cision": 212.5, "pizza sp\u00e9ciale": 259.2857142857143}, "feuillet\u00e9s et friands": {"feuillet\u00e9 fourr\u00e9 b\u00e9chamel jambon fromage": 100.0, "feuillet\u00e9 au saumon": 50.0, "croissant au jambon": 100.0, "friand au fromage artisanal": 108.57142857142857, "friand \u00e0 la viande artisanal": 144.16666666666666}}}