{"region_8_partitions_foodgrp_30": {"sucres et dérivés": {"confiserie": {"bonbons gélifiés": 27.285714285714285, "confiserie dragéifiée au chocolat type smarties": 24.266666666666666, "pâte de fruits": 13.333333333333334, "chewing-gum sucré": 6.642857142857143, "confiserie à base de cacahuètes dragéifiées enrobées de chocolat type m&ms cacah": 30.316666666666666, "bonbons tout type sauf gélifiés": 18.81973684210526, "chewing-gum sans sucre": 5.084, "nougat ou touron": 19.0}, "confiture et miel": {"miel": 16.176470588235293, "confiture de cerise": 10.0, "confiture ajoutée au service": 7.5, "confiture de fraise": 37.41935483870968, "confiture d'abricot": 35.714285714285715, "confiture ou marmelade tout type": 33.645161290322584, "confiture allégée": 41.851851851851855}, "sucre et assimilés": {"sucre roux": 9.385245901639344, "sucre blanc": 8.236069277108435, "sucre blanc ajouté au service": 6.340909090909091, "sucre allégé type tutti free": 7.56}}}}