{"fruits": {"sans": {"fruit sans pr\u00e9cision": 125.0, "ananas frais": 96.38888888888889, "litchi frais": 50.0, "cerise fra\u00eeche": 111.9047619047619, "framboise fra\u00eeche": 55.0, "pamplemousse frais": 137.275, "raisin noir frais": 174.5, "salade de fruits frais": 183.33333333333334, "autre fruit": 15.0, "past\u00e8que fra\u00eeche": 530.0, "abricot frais": 145.3846153846154, "banane fra\u00eeche": 164.36428571428573, "kiwi frais": 104.45744680851064, "figue fra\u00eeche": 50.0, "mangue fra\u00eeche": 50.0, "raisin blanc frais": 132.95454545454547, "fraise fra\u00eeche": 150.0, "nectarine non pel\u00e9e fra\u00eeche": 168.4090909090909, "melon frais": 264.5833333333333, "orange fra\u00eeche": 169.3939393939394, "kaki frais": 50.0, "poire non pel\u00e9e fra\u00eeche": 199.06785714285715, "citron frais": 16.0, "prune reine-claude fra\u00eeche": 96.5, "cl\u00e9mentine ou mandarine fra\u00eeche": 129.19298245614036, "pomme non pel\u00e9e fra\u00eeche": 184.0940170940171, "p\u00eache non pel\u00e9e fra\u00eeche": 174.28571428571428, "p\u00eache pel\u00e9e fra\u00eeche": 157.22222222222223}}}