{"abats": {"sans": {"foie de volaille cuit": 55.0, "foie de g\u00e9nisse cuit": 98.88888888888889, "autre abat": 160.0, "langue de b\u0153uf cuite": 73.78571428571429, "c\u0153ur de b\u0153uf cuit": 100.0, "canard g\u00e9sier confit \u00e9goutt\u00e9 et r\u00e9chauff\u00e9": 75.0, "foie de veau cuit": 80.0}}}