{"viande": {"autre viande": {"autre viande": 80.0, "cheval viande r\u00f4tie": 135.89285714285714, "brochette mixte de viande": 107.14285714285714, "viande cuite sans pr\u00e9cision": 134.83870967741936}, "b\u0153uf en pi\u00e8ces ou hach\u00e9": {"b\u0153uf \u00e0 pot-au-feu cuit": 145.6, "steak hach\u00e9 20% m.g. cuit": 102.5, "b\u0153uf boulettes cuites": 96.875, "b\u0153uf faux-filet grill\u00e9": 143.55555555555554, "brochette de b\u0153uf": 115.0, "steak hach\u00e9 5% m.g. cuit": 117.91666666666667, "steak hach\u00e9 10% m.g. cuit": 180.0, "steak hach\u00e9 15% m.g. cuit": 123.80952380952381, "b\u0153uf brais\u00e9": 84.28571428571429, "fondue bourguignonne": 130.0, "boeuf bifteck grill\u00e9": 132.53333333333333, "b\u0153uf \u00e0 bourguignon cuit": 91.875, "b\u0153uf entrec\u00f4te grill\u00e9e": 167.61904761904762, "b\u0153uf rosbif r\u00f4ti": 109.71428571428571, "steak hach\u00e9 5% m.g. cru": 149.28571428571428}, "porc": {"porc c\u00f4telette grill\u00e9e": 137.375, "porc filet r\u00f4ti maigre cuit": 116.16666666666667, "porc travers brais\u00e9": 118.0, "porc \u00e9chine r\u00f4tie": 160.0, "porc r\u00f4ti cuit": 88.21875}, "agneau": {"agneau \u00e9paule r\u00f4tie": 40.0, "agneau c\u00f4telette grill\u00e9e": 125.0, "brochette d'agneau": 70.0, "agneau gigot r\u00f4ti": 124.75}, "veau": {"veau c\u00f4te cuite": 115.0, "veau r\u00f4ti": 81.0, "veau mijot\u00e9": 80.0, "veau filet r\u00f4ti": 80.0, "veau escalope cuite": 108.5}}}