{"beurre": {"sans": {"beurre doux léger 39-41% m.g.": 12.857142857142858, "beurre salé sel > 3%": 14.0, "beurre léger 39-41% m.g. demi-sel": 6.666666666666667, "matière grasse laitière légère 25% m.g. à tartiner type bridelight": 11.09375, "beurre doux": 12.88006230529595, "beurre allégé 60-62 % m.g. demi-sel": 6.333333333333333, "beurre salé non allégé ajouté à la cuisson": 9.140625, "beurre allégé ajouté au service": 8.88888888888889, "beurre allégé ajouté à la cuisson": 9.76923076923077, "beurre salé non allégé ajoutée au service": 10.125, "beurre demi-sel sel maxi 3%": 11.978021978021978, "beurre doux non allégé ajouté à la cuisson": 8.64102564102564, "beurre allégé sans précision": 10.649122807017545, "beurre doux non allégé ajoutée au service": 10.210526315789474}}}