{"fromages": {"fromages affin\u00e9s": {"fromage et mini fromage type bonbel-babybel": 29.0, "leerdammer fromage \u00e0 p\u00e2te press\u00e9e demi-cuite \u00e0 trous 45% m.g.": 64.0, "comt\u00e9 fromage \u00e0 p\u00e2te press\u00e9e cuite 45% m.g.": 42.0, "emmental all\u00e9g\u00e9": 40.0, "reblochon fromage \u00e0 p\u00e2te press\u00e9e non cuite 45% m.g.": 32.72727272727273, "brie fromage \u00e0 p\u00e2te molle \u00e0 cro\u00fbte fleurie 45% m.g.": 46.5, "morbier fromage \u00e0 p\u00e2te press\u00e9e non cuite 45% m.g.": 26.666666666666668, "fourme d'ambert fromage \u00e0 p\u00e2te persill\u00e9e 50% m.g.": 40.0, "port salut fromage \u00e0 p\u00e2te press\u00e9e non cuite \u00e0 cro\u00fbte lav\u00e9e 50% m.g.": 57.0, "saint-paulin fromage \u00e0 p\u00e2te press\u00e9e non cuite 45-50% m.g.": 44.0, "fromage de ch\u00e8vre affin\u00e9 au lait pasteuris\u00e9 ou cru": 28.75, "coulommiers fromage \u00e0 p\u00e2te molle \u00e0 cro\u00fbte fleurie 40-45% m.g.": 63.75, "caprice des dieux fromage \u00e0 p\u00e2te molle 60% m.g.": 41.5, "tomme de montagne ou tomme de savoie": 45.0, "cantal salers ou laguiole fromages \u00e0 p\u00e2te press\u00e9e non cuite 45% m.g.": 20.0, "parmesan fromage \u00e0 p\u00e2te press\u00e9e cuite 45% m.g.": 27.333333333333332, "fromage \u00e0 cuire pan\u00e9 au jambon type menu fromage": 87.5, "fromage de ch\u00e8vre mi-sec": 25.714285714285715, "emmental fromage \u00e0 p\u00e2te press\u00e9e cuite 45% m.g.": 33.458333333333336, "tome ou tomme fromage \u00e0 p\u00e2te press\u00e9e non cuite 45% m.g.": 23.333333333333332, "saint-nectaire fromage \u00e0 p\u00e2te press\u00e9e non cuite 45% m.g.": 27.5, "camembert et apparent\u00e9s 50% m.g.": 60.0, "raclette fromage \u00e0 p\u00e2te press\u00e9e non cuite 45% m.g.": 109.44444444444444, "mimolette fromage \u00e0 p\u00e2te press\u00e9e non cuite 45% m.g.": 29.41176470588235, "fromage sans pr\u00e9cision": 53.460256410256406, "gruy\u00e8re fromage \u00e0 p\u00e2te press\u00e9e cuite 45% m.g.": 31.595375722543352, "roquefort fromage de brebis \u00e0 p\u00e2te persill\u00e9e 52% m.g.": 49.61904761904762, "bleu d'auvergne fromage \u00e0 p\u00e2te persill\u00e9e 50% m.g.": 20.0, "fromage \u00e0 p\u00e2te molle \u00e0 cro\u00fbte fleurie genre camembert all\u00e9g\u00e9 20-30% m.g.": 63.07692307692308, "camembert sans pr\u00e9cision": 44.71910112359551, "beaufort fromage \u00e0 p\u00e2te press\u00e9e cuite 45% m.g.": 20.0, "sainte-maure fromage de ch\u00e8vre": 20.0, "fromage \u00e0 cuire pan\u00e9 nature type crousti'cho de pr\u00e9sident": 106.25, "rouy fromage \u00e0 p\u00e2te molle \u00e0 cro\u00fbte lav\u00e9e 40% m.g.": 78.0, "chaource fromage \u00e0 p\u00e2te molle \u00e0 cro\u00fbte fleurie 50% m.g.": 80.0, "fromage \u00e0 p\u00e2te press\u00e9e non cuite 40-50% m.g.": 28.125, "crottin fromage de ch\u00e8vre": 48.0, "autre fromage \u00e0 p\u00e2te press\u00e9e cuite": 47.324999999999996, "gorgonzola fromage \u00e0 p\u00e2te molle persill\u00e9e 45% m.g.": 40.0, "maroilles fromage \u00e0 p\u00e2te molle \u00e0 cro\u00fbte lav\u00e9e 45% m.g.": 37.72727272727273, "boursault fromage \u00e0 p\u00e2te molle double cr\u00e8me": 20.0, "pav\u00e9 d'affinois fromage \u00e0 p\u00e2te molle 45% m.g.": 40.0, "camembert fromage \u00e0 p\u00e2te molle \u00e0 cro\u00fbte fleurie 45% m.g.": 41.92307692307692, "\u00e9dam fromage \u00e0 p\u00e2te press\u00e9e non cuite 40-45% m.g.": 25.0, "fromage des pyr\u00e9n\u00e9es au lait de brebis": 38.57142857142857, "fromage \u00e0 p\u00e2te press\u00e9e non cuite all\u00e9g\u00e9 20-30% m.g.": 30.0, "hollande fromage \u00e0 p\u00e2te press\u00e9e non cuite 30-40% m.g.": 21.428571428571427, "maasdam fromage \u00e0 p\u00e2te press\u00e9e non cuite \u00e0 trous 45% m.g.": 86.5, "gouda fromage \u00e0 p\u00e2te press\u00e9e non cuite 30-40% m.g.": 40.588235294117645, "munster fromage \u00e0 p\u00e2te molle \u00e0 cro\u00fbte lav\u00e9e 45-50% m.g.": 30.0}, "autres fromages ou fromage sans pr\u00e9cision": {"autre fromage": 26.666666666666668}, "fromages fondus": {"p'tit louis fromage fondu 65% m.g.": 21.0, "saint-moret fromage fondu demi-sel 30% m.g.": 81.36363636363636, "fromage de ch\u00e8vre fondu \u00e0 tartiner nature type cabrette ou chavroux": 16.666666666666668, "vache qui rit fromage fondu 50% m.g.": 28.21875, "fromage fondu aux noix type rambol": 40.0, "fromage fondu en portions ou en cubes 45-50% m.g.": 22.90909090909091, "ap\u00e9ricube fromage fondu 50% m.g.": 50.0, "snack pour enfants \u00e0 base de fromage fondu et gressins type pik et croq ou kiri": 33.0, "fromage fondu 25% m.g. type sylphide ou vache qui rit \u00e9quilibre et ligne": 40.0, "kiri cr\u00e8me fromage fondu double cr\u00e8me 70% m.g.": 22.857142857142858}, "fromages frais non affin\u00e9s": {"f\u00e9ta de brebis": 45.0, "boursin fromage frais sal\u00e9 aromatis\u00e9 70% m.g.": 26.25, "fromage de ch\u00e8vre frais": 56.666666666666664, "tartare fromage frais aromatis\u00e9 sal\u00e9 70% m.g.": 21.666666666666668, "fromage frais \u00e0 tartiner \u00e0 plus de 60% m.g.": 19.78, "mozzarella": 39.0, "fromage frais \u00e0 tartiner 40-60% m.g": 60.0}}}