{"aliments destin\u00e9s \u00e0 une alimentation particuli\u00e8re": {"sans": {"\u00e9dulcorant \u00e0 l'aspartame": 0.27576923076923077, "g\u00e9latine": 45.0, "tofu": 100.0, "petit d\u00e9jeuner pour b\u00e9b\u00e9 \u00e0 base de lait + c\u00e9r\u00e9ales ou farine type bl\u00e9di dej": 9.0, "substitut de repas hypocalorique liquide \u00e0 boire type gerlin\u00e9a tout ar\u00f4me": 210.0, "\u00e9dulcorant ajout\u00e9 au service": 0.07000000000000003}}}