{"soupes et bouillons": {"potages et soupes": {"soupe poireau pomme de terre type fait maison": 294.11764705882354, "soupe aux champignons": 350.0, "soupe de poissons et/ou de crustac\u00e9s pr\u00e9emball\u00e9e \u00e0 r\u00e9chauffer": 303.75, "soupe \u00e0 la tomate pr\u00e9emball\u00e9e \u00e0 r\u00e9chauffer ou d\u00e9shydrat\u00e9e reconstitu\u00e9e": 292.67857142857144, "soupe aux l\u00e9gumes pr\u00e9emball\u00e9e \u00e0 r\u00e9chauffer": 328.7837837837838, "soupe aux l\u00e9gumes type fait maison": 350.80152671755724, "soupe aux lentilles": 350.0, "soupe aux l\u00e9gumes d\u00e9shydrat\u00e9e reconstitu\u00e9e": 293.75, "soupe poireau pomme de terre pr\u00e9emball\u00e9e \u00e0 r\u00e9chauffer": 280.0, "soupe au potiron": 282.0, "soupe \u00e0 l'oignon": 391.6666666666667, "soupe \u00e0 la volaille et aux vermicelles pr\u00e9emball\u00e9e \u00e0 r\u00e9chauffer ou d\u00e9shydrat\u00e9e r": 350.0}, "bouillons": {"bouillon v\u00e9g\u00e9tal": 350.0, "bouillon de viande d\u00e9shydrat\u00e9 reconstitu\u00e9 type bouillon de b\u0153uf knorr": 333.3333333333333, "bouillon de viande et de l\u00e9gumes": 278.57142857142856, "bouillon de volaille d\u00e9shydrat\u00e9 reconstitu\u00e9 type bouillon de poule knorr": 265.0}}}