{"sucres et dérivés": {"confiserie": {"bonbons gélifiés": 20.75, "confiserie à base de cacahuètes dragéifiées enrobées de chocolat type m&ms cacah": 30.0, "pâte de fruits": 15.0, "pâte d'amande fabrication industrielle": 10.0, "chewing-gum sucré": 3.772727272727273, "confiserie dragéifiée au chocolat type smarties": 19.0, "bonbons tout type sauf gélifiés": 23.693548387096776, "chewing-gum sans sucre": 4.636363636363637, "nougat ou touron": 27.666666666666668}, "confiture et miel": {"miel": 17.0, "confiture de cerise": 36.0, "confiture ajoutée au service": 8.333333333333334, "confiture d'orange": 28.055555555555557, "confiture de fraise": 25.585106382978722, "confiture d'abricot": 34.6551724137931, "confiture ou marmelade tout type": 23.805555555555557, "confiture allégée": 21.764705882352942}, "sucre et assimilés": {"sucre roux": 10.414473684210526, "sucre blanc": 7.548087431693989, "sucre blanc ajouté au service": 6.294871794871795, "sucre allégé type tutti free": 3.7904761904761908, "fructose": 17.5}}}