{"soupes et bouillons": {"potages et soupes": {"soupe poireau pomme de terre type fait maison": 341.6666666666667, "soupe aux champignons": 383.3333333333333, "soupe de poissons et/ou de crustac\u00e9s pr\u00e9emball\u00e9e \u00e0 r\u00e9chauffer": 340.90909090909093, "soupe \u00e0 la tomate pr\u00e9emball\u00e9e \u00e0 r\u00e9chauffer ou d\u00e9shydrat\u00e9e reconstitu\u00e9e": 304.54545454545456, "soupe aux l\u00e9gumes pr\u00e9emball\u00e9e \u00e0 r\u00e9chauffer": 368.93939393939394, "soupe aux l\u00e9gumes type fait maison": 321.32183908045977, "soupe aux lentilles": 283.3333333333333, "soupe aux l\u00e9gumes d\u00e9shydrat\u00e9e reconstitu\u00e9e": 260.0, "soupe chinoise": 350.0, "soupe poireau pomme de terre pr\u00e9emball\u00e9e \u00e0 r\u00e9chauffer": 400.0, "soupe au potiron": 288.75, "soupe au pistou pr\u00e9emball\u00e9e \u00e0 r\u00e9chauffer ou d\u00e9shydrat\u00e9e reconstitu\u00e9e": 571.4285714285714, "soupe \u00e0 la volaille et aux vermicelles pr\u00e9emball\u00e9e \u00e0 r\u00e9chauffer ou d\u00e9shydrat\u00e9e r": 277.27272727272725}, "bouillons": {"bouillon v\u00e9g\u00e9tal": 256.0, "bouillon de viande d\u00e9shydrat\u00e9 reconstitu\u00e9 type bouillon de b\u0153uf knorr": 48.0, "bouillon de viande et de l\u00e9gumes": 291.6666666666667, "bouillon de volaille d\u00e9shydrat\u00e9 reconstitu\u00e9 type bouillon de poule knorr": 246.4}}}