{"region_20_partitions_foodgrp_20": {"charcuterie": {"pâtés, terrines, rillettes et foie gras": {"foie gras en conserve": 52.370370370370374, "pâté de tête ou fromage de tête": 82.6923076923077, "pâté de campagne": 42.95, "galantine": 50.0, "mousse de foie": 66.66666666666667, "pâté de foie de porc": 52.333333333333336, "rillettes pur porc": 50.0, "pâté de lapin": 50.0, "rillettes": 53.45454545454545, "pâté de foie de volaille": 21.0, "pâté en croûte": 120.83333333333333, "foie gras de canard entier en conserve": 80.0, "terrine de canard": 65.625}, "autre charcuterie ou charcuterie  sans précision": {"charcuterie sans précision": 30.0, "autre charcuterie": 67.13333333333334}, "saucisses, saucissons, andouilles et boudins": {"saucisse de toulouse cuite": 78.57142857142857, "saucisse sèche": 42.0625, "saucisse de morteau cuite": 131.28571428571428, "rosette ou fuseau": 34.142857142857146, "cervelas": 50.0, "saucisse de montbéliard": 262.5, "saucisson sec": 35.9344262295082, "saucisse de francfort": 111.0, "chair à saucisse": 55.55555555555556, "salami": 45.916666666666664, "chipolata cuite": 88.18181818181819, "andouillette réchauffée": 180.0, "boudin blanc cuit": 100.0, "merguez de bœuf et de mouton cuite": 105.8695652173913, "boudin noir cuit": 98.75, "mortadelle": 41.0, "saucisse cocktail": 50.0, "saucisson à l'ail": 50.0, "saucisse sans précision": 99.53731343283582, "chorizo sec": 33.095238095238095, "saucisse de strasbourg": 68.15277777777777}, "jambons et charcuteries en pièces": {"jambon cuit supérieur dd (découenné dégraissé)": 100.0, "jambon cuit": 64.03935185185185, "lardon ou bacon fumé cuit": 39.0, "poitrine de porc fumée": 40.0, "jambon cuit fumé": 40.0, "lardon nature cuit": 25.041666666666668, "jambon cuit supérieur": 57.5, "jambon cru fumé": 65.0, "jambon cuit dd (découenné dégraissé)": 90.0, "jambon sec dd (découenné dégraissé)": 43.05263157894737, "jambon cru": 65.49342105263158, "jambonneau cuit": 140.0, "bacon filet cuit": 50.0}}}}