{"sucres et d\u00e9riv\u00e9s": {"confiserie": {"bonbons g\u00e9lifi\u00e9s": 20.75, "confiserie \u00e0 base de cacahu\u00e8tes drag\u00e9ifi\u00e9es enrob\u00e9es de chocolat type m&ms cacah": 30.0, "p\u00e2te de fruits": 15.0, "p\u00e2te d'amande fabrication industrielle": 10.0, "chewing-gum sucr\u00e9": 3.772727272727273, "confiserie drag\u00e9ifi\u00e9e au chocolat type smarties": 19.0, "bonbons tout type sauf g\u00e9lifi\u00e9s": 23.693548387096776, "chewing-gum sans sucre": 4.636363636363637, "nougat ou touron": 27.666666666666668}, "confiture et miel": {"miel": 17.0, "confiture de cerise": 36.0, "confiture ajout\u00e9e au service": 8.333333333333334, "confiture d'orange": 28.055555555555557, "confiture de fraise": 25.585106382978722, "confiture d'abricot": 34.6551724137931, "confiture ou marmelade tout type": 23.805555555555557, "confiture all\u00e9g\u00e9e": 21.764705882352942}, "sucre et assimil\u00e9s": {"sucre roux": 10.414473684210526, "sucre blanc": 7.548087431693989, "sucre blanc ajout\u00e9 au service": 6.294871794871795, "sucre all\u00e9g\u00e9 type tutti free": 3.7904761904761908, "fructose": 17.5}}}