{"oeufs et dérivés": {"sans": {"omelette aux lardons": 100.0, "jaune d'œuf cuit": 21.666666666666668, "omelette nature cuite au beurre": 166.15384615384616, "oeuf entier cru": 120.0, "oeuf poché": 60.0, "oeuf au plat salé": 112.92682926829268, "oeuf dur": 65.0, "omelette aux champignons": 191.66666666666666, "oeuf à la coque": 100.0, "oeufs brouillés au beurre": 120.0, "omelette au fromage": 175.0}}}