{"fromages": {"fromages affin\u00e9s": {"fromage triple cr\u00e8me plus de 75% m.g. type brillat savarin": 30.0, "fromage et mini fromage type bonbel-babybel": 30.181818181818183, "bleu et mini bleu de bresse fromage \u00e0 p\u00e2te persill\u00e9e 45% m.g.": 50.0, "comt\u00e9 fromage \u00e0 p\u00e2te press\u00e9e cuite 45% m.g.": 27.2972972972973, "emmental all\u00e9g\u00e9": 58.5, "reblochon fromage \u00e0 p\u00e2te press\u00e9e non cuite 45% m.g.": 43.705882352941174, "brie fromage \u00e0 p\u00e2te molle \u00e0 cro\u00fbte fleurie 45% m.g.": 36.94444444444444, "morbier fromage \u00e0 p\u00e2te press\u00e9e non cuite 45% m.g.": 38.75, "fourme d'ambert fromage \u00e0 p\u00e2te persill\u00e9e 50% m.g.": 28.75, "fromage des pyr\u00e9n\u00e9es au lait de vache": 10.0, "saint-paulin fromage \u00e0 p\u00e2te press\u00e9e non cuite 45-50% m.g.": 35.0, "fromage de ch\u00e8vre affin\u00e9 au lait pasteuris\u00e9 ou cru": 32.22222222222222, "coulommiers fromage \u00e0 p\u00e2te molle \u00e0 cro\u00fbte fleurie 40-45% m.g.": 43.63636363636363, "port salut fromage \u00e0 p\u00e2te press\u00e9e non cuite \u00e0 cro\u00fbte lav\u00e9e 50% m.g.": 40.0, "caprice des dieux fromage \u00e0 p\u00e2te molle 60% m.g.": 43.0, "cantal salers ou laguiole fromages \u00e0 p\u00e2te press\u00e9e non cuite 45% m.g.": 31.61764705882353, "parmesan fromage \u00e0 p\u00e2te press\u00e9e cuite 45% m.g.": 18.363636363636363, "maasdam fromage \u00e0 p\u00e2te press\u00e9e non cuite \u00e0 trous 45% m.g.": 47.142857142857146, "fromage de ch\u00e8vre mi-sec": 35.333333333333336, "emmental fromage \u00e0 p\u00e2te press\u00e9e cuite 45% m.g.": 36.48936170212766, "tome ou tomme fromage \u00e0 p\u00e2te press\u00e9e non cuite 45% m.g.": 33.214285714285715, "leerdammer fromage \u00e0 p\u00e2te press\u00e9e demi-cuite \u00e0 trous 45% m.g.": 26.0, "saint-nectaire fromage \u00e0 p\u00e2te press\u00e9e non cuite 45% m.g.": 29.444444444444443, "camembert et apparent\u00e9s 50% m.g.": 44.0, "raclette fromage \u00e0 p\u00e2te press\u00e9e non cuite 45% m.g.": 144.54545454545453, "pav\u00e9 d'affinois fromage \u00e0 p\u00e2te molle 45% m.g.": 73.33333333333333, "mimolette fromage \u00e0 p\u00e2te press\u00e9e non cuite 45% m.g.": 30.0, "fromage sans pr\u00e9cision": 47.310344827586206, "gruy\u00e8re fromage \u00e0 p\u00e2te press\u00e9e cuite 45% m.g.": 34.66467065868263, "roquefort fromage de brebis \u00e0 p\u00e2te persill\u00e9e 52% m.g.": 40.46218487394958, "bleu d'auvergne fromage \u00e0 p\u00e2te persill\u00e9e 50% m.g.": 40.0, "fromage \u00e0 p\u00e2te molle \u00e0 cro\u00fbte fleurie genre camembert all\u00e9g\u00e9 20-30% m.g.": 53.333333333333336, "camembert sans pr\u00e9cision": 43.47457627118644, "beaufort fromage \u00e0 p\u00e2te press\u00e9e cuite 45% m.g.": 43.333333333333336, "saint albray fromage \u00e0 p\u00e2te molle 50% m.g.": 45.0, "rouy fromage \u00e0 p\u00e2te molle \u00e0 cro\u00fbte lav\u00e9e 40% m.g.": 55.714285714285715, "autre fromage \u00e0 p\u00e2te molle \u00e0 cro\u00fbte lav\u00e9e": 60.0, "fromage \u00e0 p\u00e2te press\u00e9e non cuite 40-50% m.g.": 58.57142857142857, "chaumes fromage \u00e0 p\u00e2te molle \u00e0 cro\u00fbte lav\u00e9e 50% m.g.": 70.0, "fromage de ch\u00e8vre sec": 10.0, "autre fromage \u00e0 p\u00e2te press\u00e9e cuite": 26.456521739130434, "gorgonzola fromage \u00e0 p\u00e2te molle persill\u00e9e 45% m.g.": 20.0, "tomme de montagne ou tomme de savoie": 58.333333333333336, "saint-f\u00e9licien fromage \u00e0 p\u00e2te molle 60% m.g.": 25.416666666666668, "fromage de ch\u00e8vre p\u00e2te molle": 30.58823529411765, "boursault fromage \u00e0 p\u00e2te molle double cr\u00e8me": 43.333333333333336, "crottin fromage de ch\u00e8vre": 31.25, "chaource fromage \u00e0 p\u00e2te molle \u00e0 cro\u00fbte fleurie 50% m.g.": 40.0, "fol \u00e9pi fromage \u00e0 p\u00e2te press\u00e9e cuite \u00e0 trous 50% m.g.": 20.0, "camembert fromage \u00e0 p\u00e2te molle \u00e0 cro\u00fbte fleurie 45% m.g.": 39.82142857142857, "\u00e9dam fromage \u00e0 p\u00e2te press\u00e9e non cuite 40-45% m.g.": 40.0, "fromage des pyr\u00e9n\u00e9es au lait de brebis": 48.57142857142857, "hollande fromage \u00e0 p\u00e2te press\u00e9e non cuite 30-40% m.g.": 55.0, "bleu au lait de vache fromage \u00e0 p\u00e2te persill\u00e9e sans pr\u00e9cision": 72.5, "gouda fromage \u00e0 p\u00e2te press\u00e9e non cuite 30-40% m.g.": 40.666666666666664, "munster fromage \u00e0 p\u00e2te molle \u00e0 cro\u00fbte lav\u00e9e 45-50% m.g.": 37.5, "saint-marcellin fromage \u00e0 p\u00e2te molle \u00e0 cro\u00fbte naturelle 40-50% m.g.": 30.0}, "autres fromages ou fromage sans pr\u00e9cision": {"autre fromage": 41.666666666666664}, "fromages fondus": {"saint-moret fromage fondu demi-sel 30% m.g.": 35.0, "cancoillotte sp\u00e9cialit\u00e9 fromag\u00e8re fondue 40% m.g.": 50.0, "fromage de ch\u00e8vre fondu \u00e0 tartiner nature type cabrette ou chavroux": 26.666666666666668, "vache qui rit fromage fondu 50% m.g.": 27.476190476190474, "fromage fondu aux noix type rambol": 36.666666666666664, "fromage fondu en portions ou en cubes 45-50% m.g.": 34.76923076923077, "ap\u00e9ricube fromage fondu 50% m.g.": 26.666666666666668, "samos 99 fromage fondu double cr\u00e8me 70% m.g.": 18.0, "saint-moret all\u00e9g\u00e9 fromage fondu demi-sel 20% m.g.": 23.0, "fromage fondu 25% m.g. type sylphide ou vache qui rit \u00e9quilibre et ligne": 24.0, "kiri cr\u00e8me fromage fondu double cr\u00e8me 70% m.g.": 23.636363636363637}, "fromages frais non affin\u00e9s": {"sp\u00e9cialit\u00e9 fromag\u00e8re non affin\u00e9e double cr\u00e8me 70% m.g.": 32.0, "f\u00e9ta de brebis": 37.94117647058823, "boursin fromage frais sal\u00e9 aromatis\u00e9 70% m.g.": 24.636363636363637, "fromage de ch\u00e8vre frais": 72.5, "fromage frais \u00e0 tartiner nature \u00e0 plus de 60% m.g.": 32.5, "tartare fromage frais aromatis\u00e9 sal\u00e9 70% m.g.": 27.25, "ricotta": 16.25, "fromage frais \u00e0 tartiner \u00e0 plus de 60% m.g.": 28.333333333333332, "mozzarella": 59.44444444444444, "fromage frais \u00e0 tartiner 40-60% m.g": 55.0}}}