{"entremets, cr\u00e8mes desserts et laits g\u00e9lifi\u00e9s": {"entremets": {"g\u00e2teau de riz napp\u00e9 de caramel rayon frais": 90.0, "mousse au chocolat industrielle rayon frais": 97.27272727272727, "riz au lait rayon frais": 155.0, "\u00eele flottante ou \u0153ufs \u00e0 la neige": 140.58823529411765, "cr\u00e8me anglaise": 80.0, "cr\u00e8me caramel type charles gervais": 114.61538461538461, "tiramisu": 122.14285714285714, "cr\u00e8me p\u00e2tissi\u00e8re": 150.0, "cr\u00e8me br\u00fbl\u00e9e": 109.44444444444444, "cr\u00e8me dessert aux \u0153ufs ou cr\u00e8me renvers\u00e9e type senoble cr\u00e8me aux \u0153ufs saveur van": 106.42857142857143, "clafoutis aux fruits": 173.33333333333334, "flan p\u00e2tissier aux \u0153ufs ou \u00e0 la parisienne": 239.47368421052633, "g\u00e2teau de semoule au lait rayon frais": 100.0}, "cr\u00e8me dessert et lait g\u00e9lifi\u00e9": {"cr\u00e8me dessert rayon frais type danette": 125.9090909090909, "dessert au lait g\u00e9lifi\u00e9 aromatis\u00e9 napp\u00e9 de caramel type flanby": 124.19354838709677, "dessert au lait g\u00e9lifi\u00e9 aromatis\u00e9 au chocolat type dany": 91.0, "cr\u00e8me dessert au chocolat en conserve": 78.75, "cr\u00e8me dessert rayon frais ou appertis\u00e9e sans pr\u00e9cision": 118.32352941176471, "chocolat viennois ou li\u00e9geois": 126.47058823529412, "cr\u00e8me de marrons vanill\u00e9e en conserve": 62.25, "cr\u00e8me dessert \u00e0 la vanille enrichie en cr\u00e8me rayon frais type la laiti\u00e8re de nes": 100.0, "cr\u00e8me dessert all\u00e9g\u00e9e en mati\u00e8re grasse rayon frais type taillefine chocolat ou": 103.85714285714286, "cr\u00e8me dessert au soja nature rayon frais type sojasun nature": 125.0, "cr\u00e8me dessert au soja aromatis\u00e9e rayon frais type sojasun chocolat": 106.25, "cr\u00e8me dessert \u00e0 la vanille en conserve type mont-blanc ou yabon": 87.5, "cr\u00e8me dessert au soja aux fruits rayon frais type sojad\u00e9lice aux pruneaux": 102.27272727272727, "cr\u00e8me dessert appertis\u00e9e type mont blanc ou yabon": 100.0, "cr\u00e8me dessert au chocolat industrielle type danette ou petits filous": 125.24509803921569}}}