{"beurre": {"sans": {"beurre doux l\u00e9ger 39-41% m.g.": 10.294117647058824, "beurre sal\u00e9 sel > 3%": 15.909090909090908, "mati\u00e8re grasse laiti\u00e8re l\u00e9g\u00e8re 25% m.g. \u00e0 tartiner type bridelight": 12.678571428571429, "beurre doux": 12.789170506912443, "beurre all\u00e9g\u00e9 sans pr\u00e9cision": 9.166666666666666, "beurre sal\u00e9 non all\u00e9g\u00e9 ajout\u00e9 \u00e0 la cuisson": 8.75, "beurre all\u00e9g\u00e9 ajout\u00e9 au service": 8.24742268041237, "beurre all\u00e9g\u00e9 ajout\u00e9 \u00e0 la cuisson": 9.26605504587156, "beurre sal\u00e9 non all\u00e9g\u00e9 ajout\u00e9e au service": 9.15625, "beurre demi-sel sel maxi 3%": 11.9, "beurre doux non all\u00e9g\u00e9 ajout\u00e9 \u00e0 la cuisson": 8.923766816143498, "beurre doux non all\u00e9g\u00e9 ajout\u00e9e au service": 9.923954372623575}}}