{"l\u00e9gumes secs": {"l\u00e9gumes secs": {"pois cass\u00e9 cuit": 225.0, "haricot rouge cuit": 75.0, "haricot blanc cuit": 126.0, "haricot blanc en conserve": 190.0, "lentille cuite": 206.89655172413794, "pois chiche cuit": 102.70833333333333, "haricot flageolet en conserve": 145.0, "f\u00e8ve cuite": 30.0}, "l\u00e9gumes secs pr\u00e9par\u00e9s": {"houmous": 156.25, "lentille cuisin\u00e9e en conserve": 146.47058823529412}}}