{"plats compos\u00e9s": {"plats \u00e0 base de fromage": {"fondue savoyarde (fondue au fromage)": 166.66666666666666, "goug\u00e8re": 37.5, "souffl\u00e9 au fromage": 100.0}, "plats \u00e0 base de p\u00e2tes ou de pommes de terre": {"gratin dauphinois": 161.66666666666666, "raviolis \u00e0 la viande \u00e0 la sauce tomate en conserve": 218.33333333333334, "p\u00e2tes \u00e0 la bolognaise": 150.0, "salade de p\u00e2tes v\u00e9g\u00e9tarienne": 124.44444444444444, "gratin de p\u00e2tes": 220.83333333333334, "spaghettis \u00e0 la sauce tomate": 113.0, "lasagnes \u00e0 la bolognaise": 327.0, "ravioles ou raviolis au fromage": 191.66666666666666, "cannellonis \u00e0 la viande": 190.0, "hachis parmentier": 394.6, "p\u00e2tes \u00e0 la carbonara": 181.25, "salade de pommes de terre": 126.38888888888889, "salade de p\u00e2tes au l\u00e9gumes, avec thon ou viande": 100.0}, "plats \u00e0 base de l\u00e9gumes": {"tomate \u00e0 la proven\u00e7ale": 107.91666666666667, "tomate farcie": 198.68421052631578, "l\u00e9gumes divers farcis sauf tomate": 122.72727272727273, "moussaka": 262.5, "gratin endives jambon": 210.0, "gratin de l\u00e9gumes": 280.0}, "plats sans garniture": {"poisson sauce oseille type cabillaud \u00e0 l'oseille marie": 181.66666666666666, "paupiette de veau": 97.77777777777777, "quenelle de volaille en conserve": 193.33333333333334, "viande en sauce sans pr\u00e9cision": 180.0, "quenelle au naturel en conserve": 120.0, "cordon bleu de volaille type p\u00e8re dodu ou le gaulois": 104.58333333333333, "brandade de morue recette traditionnelle": 10.0, "poisson en sauce surgel\u00e9": 155.0, "tripes \u00e0 la mode de caen artisanales": 266.6666666666667, "coq au vin": 244.33333333333334, "quenelle de poisson cuite": 180.0, "escalopes v\u00e9g\u00e9tales \u00e0 base de soja": 116.66666666666667, "poulet au curry": 135.0}, "garnitures compos\u00e9es": {"riz cantonais": 157.14285714285714, "salade de thon et l\u00e9gumes en conserve": 114.0, "salade de riz": 146.0, "taboul\u00e9 ou salade de couscous": 93.71428571428571}, "beignets, cr\u00eapes et bouch\u00e9es \u00e0 la reine": {"bouch\u00e9e \u00e0 la reine au poisson et fruits de mer": 60.0, "nugget de volaille": 149.10344827586206, "samossas": 69.0, "cr\u00eape fourr\u00e9e b\u00e9chamel jambon fromage champignon": 72.0, "beignet sal\u00e9 fourr\u00e9 de viande volaille ou poisson": 113.5, "cr\u00eape fourr\u00e9e b\u00e9chamel jambon": 129.5, "nem ou p\u00e2t\u00e9 imp\u00e9rial": 175.26315789473685, "bouch\u00e9e \u00e0 la reine au poulet": 97.5, "acra de morue": 91.66666666666667, "cr\u00eape fourr\u00e9e b\u00e9chamel jambon fromage": 129.22222222222223, "cr\u00eape fourr\u00e9e b\u00e9chamel fromage": 102.0, "brick garni (garniture : crevettes l\u00e9gumes volaille viande poisson\u2026)": 168.5, "beignet de crevette industriel": 117.16666666666667, "beignet de l\u00e9gumes": 64.6}, "plats garnis \u00e0 base de viande": {"chili con carne": 290.0, "blanquette de veau": 135.0, "osso buco \u00e0 la milanaise": 80.0, "b\u0153uf bourguignon": 150.58823529411765, "tajine de mouton": 286.6666666666667, "couscous royal \u00e0 la viande": 388.3333333333333, "choucroute garnie en conserve": 450.0, "b\u0153uf carottes": 580.0, "paella": 342.258064516129, "cassoulet en conserve": 284.2857142857143, "petit sal\u00e9 aux lentilles ou saucisse aux lentilles": 372.5, "pot-au-feu": 462.10526315789474, "navarin d'agneau": 130.0, "couscous au poulet": 430.0, "pot\u00e9e auvergnate": 515.0}}}