{"boissons alcoolisées": {"cidre": {"cidre": 151.25, "cidre doux": 150.0}, "spiritueux et vins cuits": {"eau-de-vie": 56.666666666666664, "cognac armagnac": 40.0, "vodka": 311.2, "rhum": 61.0, "pastis": 16.0, "apéritif à la gentiane": 45.0, "vin doux naturel ou vin muté autre que porto type muscat banyuls ou maury": 86.33333333333333, "apéritif à base de vin ou vermouth type martini": 85.45454545454545, "liqueurs": 52.5, "whisky": 71.66666666666667}, "vin": {"vin sans précision": 203.63636363636363, "vin rouge 11°": 145.4, "vin blanc 11°": 155.2962962962963, "vin rouge 12°": 222.92253521126761, "vin rouge 10°": 172.08609271523179, "vin blanc mousseux": 237.5, "champagne": 171.25, "vin rosé 11°": 220.49180327868854, "vin rouge 13° et plus": 110.0}, "cocktails et mélanges": {"kir": 100.0, "cocktail type punch planteur": 400.0, "sangria": 150.0, "panaché": 293.0, "pastis prêt à boire (1+5)": 241.08695652173913, "cocktail alcoolisé": 329.1666666666667, "kir royal": 100.0}, "bière": {"bière cœur de marché à 4-5° d'alcool type kronenbourg ou 33 export": 345.3225806451613, "bière spéciale à 5-6° d'alcool type 1664 pelforth ambrée ou fischer heineken": 344.61538461538464, "bière brune": 250.0, "bière de spécialités ou d'abbaye régionales ou de brasserie degré d'alcool varia": 333.3333333333333}}}