{"fruits secs et graines ol\u00e9agineuses": {"ol\u00e9agineux et graines": {"cacahu\u00e8te ou arachide": 29.210526315789473, "pistache r\u00f4tie sal\u00e9e": 39.22222222222222, "noix de cajou sal\u00e9e": 25.833333333333332, "cacahu\u00e8te grill\u00e9e sal\u00e9e": 23.333333333333332, "noix": 32.04545454545455, "graine de s\u00e9same et autres": 12.725, "noix de coco amande s\u00e8che": 3.0, "pignon de pin": 16.75, "graine de tournesol": 43.333333333333336, "amande": 54.0, "noisette": 17.666666666666668}, "fruits secs et ch\u00e2taignes": {"ch\u00e2taigne grill\u00e9e": 108.33333333333333, "datte s\u00e8che": 57.5, "figue s\u00e8che": 28.25, "pruneau sec": 39.65, "ch\u00e2taigne cuite \u00e0 l'eau": 50.0, "raisin sec": 15.5, "banane mi-s\u00e8che": 10.0}, "m\u00e9langes": {"m\u00e9lange pour ap\u00e9ritif de graines sal\u00e9es et raisin sec": 10.0, "fruits secs ou s\u00e9ch\u00e9s et graines ol\u00e9agineuses sans pr\u00e9cision": 30.0}}}