{"volaille et gibier": {"gibier": {"sanglier r\u00f4ti": 164.44444444444446, "autre gibier": 122.5}, "volailles et lapins": {"poule viande bouillie": 90.0, "blanc de poulet cuit": 97.29081632653062, "poulet cuisse r\u00f4tie viande et peau": 192.5943396226415, "dinde viande r\u00f4tie": 133.05555555555554, "lapin en rago\u00fbt": 203.33333333333334, "lapin viande cuite": 128.33333333333334, "pigeon viande r\u00f4tie": 200.0, "confit de canard": 182.5, "brochette de volaille": 145.83333333333334, "dinde ou autre volaille escalope saut\u00e9e": 111.96428571428571, "volaille cuite sans pr\u00e9cision": 80.0, "canard viande r\u00f4tie": 167.22222222222223, "canard magret cuit \u00e0 la po\u00eale": 106.63333333333334, "autre volaille cuite": 124.0, "caille cuite viande et peau": 230.0, "poulet r\u00f4ti viande et peau": 139.70097087378642}}}