{"caf\u00e9": {"sans": {"caf\u00e9 soluble d\u00e9caf\u00e9in\u00e9 reconstitu\u00e9 pr\u00eat \u00e0 boire non sucr\u00e9": 367.39130434782606, "caf\u00e9 soluble en poudre": 3.26056338028169, "caf\u00e9 au lait ou caf\u00e9 cr\u00e8me ou cappuccino non sucr\u00e9": 240.2439024390244, "caf\u00e9 soluble reconstitu\u00e9 pr\u00eat \u00e0 boire non sucr\u00e9": 230.2054794520548, "caf\u00e9 expresso non sucr\u00e9": 94.95652173913044, "caf\u00e9 noir pr\u00eat \u00e0 boire non sucr\u00e9": 190.90667739340304, "caf\u00e9 d\u00e9caf\u00e9in\u00e9 pr\u00eat \u00e0 boire non sucr\u00e9": 186.21621621621622}}}