{"l\u00e9gumes (hors pommes de terre)": {"champignons": {"champignon tout type cru sans pr\u00e9cision": 62.0, "champignon tout type en conserve": 90.44776119402985, "champignon de paris en conserve": 49.166666666666664, "champignon de paris saut\u00e9": 156.33333333333334}, "m\u00e9langes de l\u00e9gumes, l\u00e9gumes pr\u00e9par\u00e9s et autres l\u00e9gumes": {"ratatouille ni\u00e7oise": 158.45454545454547, "l\u00e9gume en pur\u00e9e hors pomme de terre non sal\u00e9": 123.4090909090909, "crudit\u00e9s vinaigrette sans pr\u00e9cision": 76.0, "c\u00e9leri r\u00e9moulade": 127.08333333333333, "pulpe de tomate en conserve": 70.6, "champignons \u00e0 la grecque": 100.0, "pur\u00e9e de tomate": 53.333333333333336, "petits pois et carottes en conserve": 139.30434782608697, "l\u00e9gumes cuits sans pr\u00e9cision": 95.0, "guacamole industriel": 23.0, "autre l\u00e9gume frais ou crudit\u00e9, sans assaisonnement": 25.0, "mac\u00e9doine de l\u00e9gumes en conserve": 116.27272727272727, "l\u00e9gumes m\u00e9lang\u00e9s surgel\u00e9s": 139.76923076923077, "terrine ou mousse de l\u00e9gumes": 150.0, "choucroute sans garniture": 100.0}, "choux": {"chou-fleur cuit": 168.13953488372093, "chou vert cuit": 131.14285714285714, "chou rouge cru": 74.28571428571429, "chou-fleur cru": 125.83333333333333, "brocoli cuit": 140.38095238095238, "chou de bruxelles cuit": 197.0, "chou de bruxelles en conserve": 233.33333333333334}, "l\u00e9gumes tiges": {"asperge cuite": 87.5, "artichaut cuit": 299.8, "germe ou pousse de soja en conserve": 25.0, "c\u00e9leri branche cru": 100.0, "c\u00e9leri branche cuit": 110.5, "asperge en conserve": 73.9090909090909, "germe ou pousse de soja cru": 49.0, "poireau cuit": 79.77272727272727, "fenouil cuit \u00e0 l'eau": 113.0, "c\u0153ur de palmier en conserve": 53.333333333333336, "artichaut cru": 115.0, "c\u00e9leri branche en conserve": 112.66666666666667}, "haricots verts et petits pois (l\u00e9gumes potagers)": {"haricot vert surgel\u00e9 cuit": 104.65853658536585, "haricot beurre en conserve": 137.5, "petit pois cuit": 141.04545454545453, "petit pois en conserve": 147.66666666666666, "haricot vert cuit": 110.2625, "haricot vert en conserve \u00e9goutt\u00e9": 120.85106382978724}, "l\u00e9gumes racines, tubercules ou bulbes": {"oignon cuit": 24.46759259259259, "salsifis en conserve": 142.7, "oignon cru": 23.36, "carotte en conserve": 110.71428571428571, "radis rouge cru": 45.76923076923077, "\u00e9chalote crue": 7.409090909090909, "c\u00e9leri-rave cuit": 52.5, "betterave rouge cuite": 74.2, "radis noir cru": 45.0, "navet cuit": 104.0, "c\u00e9leri-rave cru": 50.0, "carotte cuite": 101.375, "salsifis cuit": 137.5, "carotte crue": 76.70588235294117}, "l\u00e9gumes fruits": {"tomate cerise crue": 25.294117647058822, "courgette crue": 50.0, "poivron vert jaune ou rouge cru": 61.92307692307692, "potiron cuit": 180.0, "ma\u00efs doux en conserve": 63.77358490566038, "aubergine cuite": 113.84375, "poivron vert jaune ou rouge cuit": 59.51724137931034, "ma\u00efs doux en \u00e9pis cuit": 67.22222222222223, "poivron rouge cuit": 60.0, "tomate pel\u00e9e en conserve": 85.0, "concombre cru pulpe": 85.0, "tomate crue": 91.27090301003345, "poivron rouge cru": 50.0, "avocat frais": 103.63265306122449, "poivron vert cuit": 64.28571428571429, "courgette cuite": 122.70253164556962}, "l\u00e9gumes feuilles": {"scarole crue": 31.428571428571427, "endive cuite": 173.36666666666667, "\u00e9pinard cru": 25.0, "chicor\u00e9e fris\u00e9e crue": 42.333333333333336, "salade verte sans assaisonnement sans pr\u00e9cision": 36.2962962962963, "autre salade sans assaisonnement": 43.8235294117647, "laitue crue": 34.26829268292683, "\u00e9pinard cuit": 138.89705882352942, "bette ou blette cuite": 92.66666666666667, "laitue romaine crue": 23.333333333333332, "m\u00e2che crue": 29.677419354838708, "endive crue": 28.06451612903226}}}