{"pain et panification s\u00e8che": {"biscottes et panification s\u00e8che": {"autre biscotte": 30.18867924528302, "tartine extrud\u00e9e fourr\u00e9e au chocolat ou aux fruits type craquinette de lu": 24.0, "pain grill\u00e9 au froment type tranches pain grill\u00e9 pelletier lu braisotte jacquet": 22.580645161290324, "biscotte compl\u00e8te ou riche en fibres": 25.25, "biscotte multic\u00e9r\u00e9ales type heudebert aux six c\u00e9r\u00e9ales": 22.8, "biscotte classique type heudebert lu": 22.41176470588235}, "autres produits de panification": {"chapelure ou panure": 10.461538461538462, "cro\u00fbtons": 23.333333333333332, "fougasse garnie": 71.15384615384616}, "pain": {"pain grill\u00e9 maison": 63.140625, "pain aux c\u00e9r\u00e9ales artisanal": 59.48275862068966, "pain courant fran\u00e7ais boule \u00e0 la levure": 67.47787610619469, "pain sans pr\u00e9cision": 78.3695652173913, "pain de seigle et froment": 33.285714285714285, "pain brioch\u00e9 ou viennois": 53.85294117647059, "pain complet ou int\u00e9gral artisanal": 80.35051546391753, "pain type poil\u00e2ne": 100.0, "autre pain": 35.57692307692308, "pain de mie": 54.833333333333336, "pain baguette": 72.56228842247799, "pain de campagne ou bis": 66.61654135338345}}}