{"region_20_partitions_foodgrp_31": {"eaux": {"eau minérale plate": {"vittel eau plate": 428.10526315789474, "courmayeur eau plate": 320.0, "aix les bains eau plate": 180.0, "évian eau plate": 326.2068965517241, "hépar eau plate": 348.20512820512823, "alet eau plate": 196.66666666666666, "eau minérale plate sans précision": 400.0, "mont roucous eau plate": 326.04651162790697, "contrex eau plate": 226.51685393258427, "dax eau plate": 240.0, "thonon eau plate": 466.6666666666667, "volvic eau plate": 322.4074074074074, "valvert eau plate": 300.0}, "eau du robinet": {"eau du robinet": 310.8826707000864}, "eau minérale gazeuse": {"rozana eau gazeuse": 120.0, "saint yorre eau gazeuse": 340.0, "eau gazeuse sans précision": 330.0, "badoit eau gazeuse": 567.3333333333334, "salvetat eau gazeuse": 370.0, "saint diéry eau gazeuse": 270.0, "perrier eau gazeuse": 335.35714285714283, "puits saint georges eau gazeuse": 333.3333333333333, "quézac eau gazeuse": 350.0, "arcens eau gazeuse": 333.3333333333333, "fonfort eau gazeuse": 256.6666666666667, "vichy célestins eau gazeuse": 405.0, "ogeu eau gazeuse": 300.0, "châteauneuf eau gazeuse": 185.0, "arvie eau gazeuse": 600.0, "la vernière eau gazeuse": 200.0, "san pellegrino eau gazeuse": 312.22222222222223, "vals vivaraise eau gazeuse": 180.0}, "eau de source": {"eau de source": 303.8468013468013}, "autre eau": {"eau minérale sans précision": 294.60674157303373, "autre eau minérale": 267.6923076923077, "eau minérale ou non faiblement minéralisée": 289.05109489051097}}}}