{"volaille et gibier": {"gibier": {"sanglier rôti": 164.44444444444446, "autre gibier": 122.5}, "volailles et lapins": {"poule viande bouillie": 90.0, "blanc de poulet cuit": 97.29081632653062, "poulet cuisse rôtie viande et peau": 192.5943396226415, "dinde viande rôtie": 133.05555555555554, "lapin en ragoût": 203.33333333333334, "lapin viande cuite": 128.33333333333334, "pigeon viande rôtie": 200.0, "confit de canard": 182.5, "brochette de volaille": 145.83333333333334, "dinde ou autre volaille escalope sautée": 111.96428571428571, "volaille cuite sans précision": 80.0, "canard viande rôtie": 167.22222222222223, "canard magret cuit à la poêle": 106.63333333333334, "autre volaille cuite": 124.0, "caille cuite viande et peau": 230.0, "poulet rôti viande et peau": 139.70097087378642}}}