{"pizzas, quiches et p\u00e2tisseries sal\u00e9es": {"quiches et tartes sal\u00e9es": {"tarte au fromage ou quiche au fromage": 131.33333333333334, "flamenkueche (tarte sal\u00e9e aux lardons)": 251.25, "tarte aux poireaux": 142.0, "cake sal\u00e9 avec garniture (viande poisson volaille fromage l\u00e9gumes \u2026)": 12.5, "tarte au saumon et \u00e0 l'oseille": 109.58333333333333, "tarte proven\u00e7ale \u00e0 la tomate": 120.75, "tarte aux l\u00e9gumes": 153.42857142857142, "quiche lorraine": 108.69047619047619}, "pizzas": {"pizza jambon fromage": 189.33333333333334, "pizza royale (jambon fromage champignon)": 184.03846153846155, "autre pizza": 165.3125, "pizza au fromage": 176.875, "pizza 4 fromages": 256.6666666666667, "pizza sans pr\u00e9cision": 173.73417721518987, "pizza sp\u00e9ciale": 172.85714285714286}, "feuillet\u00e9s et friands": {"feuillet\u00e9 fourr\u00e9 b\u00e9chamel jambon fromage": 100.0, "feuillet\u00e9 au saumon": 71.33333333333333, "croissant au jambon": 135.0, "friand au fromage artisanal": 120.3125, "friand \u00e0 la viande artisanal": 86.63636363636364}}}