{"fruits": {"sans": {"m\u00fbre de ronce fra\u00eeche": 37.5, "fruit sans pr\u00e9cision": 162.5, "ananas frais": 100.71428571428571, "litchi frais": 23.88888888888889, "cerise fra\u00eeche": 134.72222222222223, "framboise fra\u00eeche": 65.9090909090909, "pamplemousse frais": 107.5, "raisin noir frais": 122.5, "salade de fruits frais": 170.6, "fruit de la passion frais": 30.0, "autre fruit": 72.5, "past\u00e8que fra\u00eeche": 306.25, "abricot frais": 154.04166666666666, "grenade fra\u00eeche": 190.0, "banane fra\u00eeche": 160.0581395348837, "kiwi frais": 124.57971014492753, "figue fra\u00eeche": 145.72727272727272, "mangue fra\u00eeche": 117.0, "raisin blanc frais": 205.08333333333334, "fraise fra\u00eeche": 137.17948717948718, "nectarine non pel\u00e9e fra\u00eeche": 137.2704081632653, "melon frais": 232.72435897435898, "orange fra\u00eeche": 157.5609756097561, "kaki frais": 110.0, "poire non pel\u00e9e fra\u00eeche": 158.92753623188406, "citron frais": 20.8, "prune reine-claude fra\u00eeche": 102.94117647058823, "cl\u00e9mentine ou mandarine fra\u00eeche": 116.24223602484471, "groseille fra\u00eeche": 50.0, "pomme non pel\u00e9e fra\u00eeche": 182.32080924855492, "groseille \u00e0 maquereau fra\u00eeche": 18.0, "p\u00eache non pel\u00e9e fra\u00eeche": 139.75328947368422, "p\u00eache pel\u00e9e fra\u00eeche": 300.0}}}