{"viennoiserie": {"sans": {"palmier artisanal": 65.0, "croissant au beurre artisanal": 72.5, "croissant sans précision": 68.17857142857143, "brioche sans précision": 57.794117647058826, "pain aux raisins": 41.666666666666664, "pain au chocolat feuilleté artisanal": 67.96694214876032, "brioche industrielle préemballée": 47.363207547169814, "autre viennoiserie": 137.5, "chausson aux pommes": 51.25, "pain au lait artisanal": 57.878787878787875, "croissant ordinaire artisanal": 87.6086956521739}}}