{"region_20_partitions_foodgrp_1": {"pain et panification sèche": {"biscottes et panification sèche": {"autre biscotte": 30.18867924528302, "tartine extrudée fourrée au chocolat ou aux fruits type craquinette de lu": 24.0, "pain grillé au froment type tranches pain grillé pelletier lu braisotte jacquet": 22.580645161290324, "biscotte complète ou riche en fibres": 25.25, "biscotte multicéréales type heudebert aux six céréales": 22.8, "biscotte classique type heudebert lu": 22.41176470588235}, "autres produits de panification": {"chapelure ou panure": 10.461538461538462, "croûtons": 23.333333333333332, "fougasse garnie": 71.15384615384616}, "pain": {"pain grillé maison": 63.140625, "pain aux céréales artisanal": 59.48275862068966, "pain courant français boule à la levure": 67.47787610619469, "pain sans précision": 78.3695652173913, "pain de seigle et froment": 33.285714285714285, "pain brioché ou viennois": 53.85294117647059, "pain complet ou intégral artisanal": 80.35051546391753, "pain type poilâne": 100.0, "autre pain": 35.57692307692308, "pain de mie": 54.833333333333336, "pain baguette": 72.56228842247799, "pain de campagne ou bis": 66.61654135338345}}}}