{"condiments et sauces": {"condiments d'assaisonnement": {"ail frais": 3.7261363636363636, "cube pour bouillon de bœuf": 4.4, "vinaigre": 8.080701754385965, "sauce de soja": 10.714285714285714, "concentré de tomate": 85.875}, "condiments d'accompagnement": {"raifort cru": 2.5, "câpres": 13.5, "olive verte en saumure": 29.142857142857142, "olive noire en saumure": 12.0, "moutarde": 9.103076923076923, "cornichon au vinaigre": 31.5, "tapenade d'olives": 28.666666666666668, "ketchup": 37.42424242424242}, "herbes aromatiques": {"basilic frais": 2.555555555555556, "persil frais": 8.441176470588236, "menthe fraîche": 12.5, "thym sec": 3.6, "ciboule ou ciboulette fraîche": 2.8125, "cerfeuil frais": 5.0, "herbes aromatiques fraîches": 2.923571428571428}, "sauces": {"mayonnaise à l'huile de tournesol": 8.333333333333334, "sauce au yaourt": 20.0, "vinaigrette ajoutée au service": 19.623655913978496, "sauce tomate sans viande": 36.076388888888886, "sauce sans précision": 22.5, "sauce pesto": 31.166666666666668, "vinaigrette sans précision": 21.806451612903224, "sauce à la crème aux herbes": 34.0, "sauce à la crème": 38.19444444444444, "sauce au vin rouge": 38.29545454545455, "mayonnaise ajoutée au service": 15.0, "sauce aux champignons": 27.142857142857142, "sauce au fromage": 24.444444444444443, "vinaigrette allégée ajoutée au service": 20.0, "sauce aigre-douce": 30.0, "mayonnaise": 16.49390243902439, "sauce béarnaise": 15.0, "sauce au beurre": 28.214285714285715, "mayonnaise allégée": 19.375, "vinaigrette allégée": 25.1875, "sauce au curry": 22.75, "sauce tomate à la viande ou bolognaise type panzani ou buitoni": 63.36363636363637, "sauce moutarde": 5.0, "sauce à la crème aux épices": 52.5, "autre sauce": 33.84615384615385, "vinaigrette à l'huile d'olive": 20.304195804195803, "sauce béchamel en brique": 41.458333333333336}, "sel et épices": {"curry en poudre": 2.0, "poivre noir moulu": 1.1906779661016949, "gingembre moulu": 6.625, "cumin en graines": 3.5, "sel fin ou gros": 2.5398230088495577, "épices sans précision": 2.75, "sel de mer": 2.738888888888889, "coriandre en graines": 2.8}}}