{"region_20_partitions_foodgrp_34": {"café": {"sans": {"café soluble décaféiné reconstitué prêt à boire non sucré": 367.39130434782606, "café soluble en poudre": 3.26056338028169, "café au lait ou café crème ou cappuccino non sucré": 240.2439024390244, "café soluble reconstitué prêt à boire non sucré": 230.2054794520548, "café expresso non sucré": 94.95652173913044, "café noir prêt à boire non sucré": 190.90667739340304, "café décaféiné prêt à boire non sucré": 186.21621621621622}}}}