{"viande": {"autre viande": {"autre viande": 105.0, "cheval viande r\u00f4tie": 120.41666666666667, "brochette mixte de viande": 190.0, "viande cuite sans pr\u00e9cision": 101.92307692307692}, "b\u0153uf en pi\u00e8ces ou hach\u00e9": {"b\u0153uf \u00e0 pot-au-feu cuit": 154.28571428571428, "steak hach\u00e9 20% m.g. cuit": 100.0, "b\u0153uf boulettes cuites": 98.0952380952381, "b\u0153uf faux-filet grill\u00e9": 138.61111111111111, "brochette de b\u0153uf": 115.0, "steak hach\u00e9 5% m.g. cuit": 119.0, "steak hach\u00e9 10% m.g. cuit": 100.0, "carpaccio de boeuf": 130.0, "steak hach\u00e9 15% m.g. cuit": 129.9685534591195, "b\u0153uf brais\u00e9": 92.5, "boeuf bifteck grill\u00e9": 127.0253164556962, "b\u0153uf \u00e0 bourguignon cuit": 133.52941176470588, "b\u0153uf entrec\u00f4te grill\u00e9e": 147.4814814814815, "b\u0153uf rosbif r\u00f4ti": 113.03030303030303, "steak hach\u00e9 5% m.g. cru": 122.5}, "porc": {"porc c\u00f4telette grill\u00e9e": 155.08333333333334, "porc filet r\u00f4ti maigre cuit": 124.375, "porc travers brais\u00e9": 132.85714285714286, "porc \u00e9chine r\u00f4tie": 136.0, "porc r\u00f4ti cuit": 113.11111111111111}, "agneau": {"agneau \u00e9paule r\u00f4tie": 95.0, "agneau c\u00f4telette grill\u00e9e": 145.9375, "brochette d'agneau": 116.66666666666667, "agneau gigot r\u00f4ti": 120.55555555555556}, "veau": {"veau c\u00f4te cuite": 154.0, "veau r\u00f4ti": 136.25, "veau mijot\u00e9": 131.25, "veau escalope cuite": 115.9090909090909, "veau escalope pan\u00e9e": 136.25}}}