{"boissons alcoolis\u00e9es": {"cidre": {"cidre": 151.25, "cidre doux": 150.0}, "spiritueux et vins cuits": {"eau-de-vie": 56.666666666666664, "cognac armagnac": 40.0, "vodka": 311.2, "rhum": 61.0, "pastis": 16.0, "ap\u00e9ritif \u00e0 la gentiane": 45.0, "vin doux naturel ou vin mut\u00e9 autre que porto type muscat banyuls ou maury": 86.33333333333333, "ap\u00e9ritif \u00e0 base de vin ou vermouth type martini": 85.45454545454545, "liqueurs": 52.5, "whisky": 71.66666666666667}, "vin": {"vin sans pr\u00e9cision": 203.63636363636363, "vin rouge 11\u00b0": 145.4, "vin blanc 11\u00b0": 155.2962962962963, "vin rouge 12\u00b0": 222.92253521126761, "vin rouge 10\u00b0": 172.08609271523179, "vin blanc mousseux": 237.5, "champagne": 171.25, "vin ros\u00e9 11\u00b0": 220.49180327868854, "vin rouge 13\u00b0 et plus": 110.0}, "cocktails et m\u00e9langes": {"kir": 100.0, "cocktail type punch planteur": 400.0, "sangria": 150.0, "panach\u00e9": 293.0, "pastis pr\u00eat \u00e0 boire (1+5)": 241.08695652173913, "cocktail alcoolis\u00e9": 329.1666666666667, "kir royal": 100.0}, "bi\u00e8re": {"bi\u00e8re sp\u00e9ciale \u00e0 5-6\u00b0 d'alcool type 1664 pelforth ambr\u00e9e ou fischer heineken": 344.61538461538464, "bi\u00e8re de sp\u00e9cialit\u00e9s ou d'abbaye r\u00e9gionales ou de brasserie degr\u00e9 d'alcool varia": 333.3333333333333, "bi\u00e8re brune": 250.0, "bi\u00e8re c\u0153ur de march\u00e9 \u00e0 4-5\u00b0 d'alcool type kronenbourg ou 33 export": 345.3225806451613}}}