{"oeufs et d\u00e9riv\u00e9s": {"sans": {"omelette aux lardons": 100.0, "omelette nature cuite au beurre": 166.15384615384616, "oeuf entier cru": 120.0, "oeuf poch\u00e9": 60.0, "jaune d'\u0153uf cuit": 21.666666666666668, "oeuf au plat sal\u00e9": 112.92682926829268, "oeuf dur": 65.0, "omelette aux champignons": 191.66666666666666, "oeuf \u00e0 la coque": 100.0, "oeufs brouill\u00e9s au beurre": 120.0, "omelette au fromage": 175.0}}}