{"riz et blé dur ou concassé": {"riz": {"riz blanc cuit": 137.59574468085106, "riz blanc étuvé cuit": 133.33333333333334, "riz complet cuit": 125.0}, "blé": {"couscous (graine seule) semoule cuite": 182.76315789473685, "blé dur précuit nature type ebly": 66.96969696969697}}}