{"lait": {"lait aromatis\u00e9": {"milk-shake sans pr\u00e9cision": 250.0, "lait demi-\u00e9cr\u00e9m\u00e9 aromatis\u00e9": 257.14285714285717, "lait demi-\u00e9cr\u00e9m\u00e9 aromatis\u00e9 au chocolat": 450.0}, "lait concentr\u00e9 ou en poudre": {"lait entier concentr\u00e9 sucr\u00e9": 24.5, "lait \u00e9cr\u00e9m\u00e9 en poudre": 30.0}, "lait en bouteille ou en brique": {"lait demi-\u00e9cr\u00e9m\u00e9 pasteuris\u00e9": 125.0, "lait demi-\u00e9cr\u00e9m\u00e9 uht \u00e0 teneur garantie en vitamines": 255.55555555555554, "lait demi-\u00e9cr\u00e9m\u00e9 uht \u00e0 teneur garantie en prot\u00e9ines et vitamines enrichi en min\u00e9": 152.22222222222223, "lait entier uht": 239.6, "lait entier pasteuris\u00e9": 200.0, "lait \u00e9cr\u00e9m\u00e9 uht": 250.83333333333334, "lait de croissance infantile": 250.0, "lait demi-\u00e9cr\u00e9m\u00e9 uht": 218.63346228239845}, "autre lait": {"autre lait": 236.64788732394365}}}