{"viande": {"bœuf en pièces ou haché": {"steak haché 20% m.g. cuit": 100.0, "bœuf boulettes cuites": 98.0952380952381, "bœuf faux-filet grillé": 138.61111111111111, "brochette de bœuf": 115.0, "steak haché 5% m.g. cuit": 119.0, "steak haché 5% m.g. cru": 122.5, "carpaccio de boeuf": 130.0, "steak haché 15% m.g. cuit": 129.9685534591195, "bœuf à pot-au-feu cuit": 154.28571428571428, "boeuf bifteck grillé": 127.0253164556962, "steak haché 10% m.g. cuit": 100.0, "bœuf à bourguignon cuit": 133.52941176470588, "bœuf braisé": 92.5, "bœuf rosbif rôti": 113.03030303030303, "bœuf entrecôte grillée": 147.4814814814815}, "autre viande": {"autre viande": 105.0, "cheval viande rôtie": 120.41666666666667, "brochette mixte de viande": 190.0, "viande cuite sans précision": 101.92307692307692}, "porc": {"porc côtelette grillée": 155.08333333333334, "porc filet rôti maigre cuit": 124.375, "porc travers braisé": 132.85714285714286, "porc échine rôtie": 136.0, "porc rôti cuit": 113.11111111111111}, "agneau": {"agneau épaule rôtie": 95.0, "agneau côtelette grillée": 145.9375, "brochette d'agneau": 116.66666666666667, "agneau gigot rôti": 120.55555555555556}, "veau": {"veau côte cuite": 154.0, "veau rôti": 136.25, "veau mijoté": 131.25, "veau escalope cuite": 115.9090909090909, "veau escalope panée": 136.25}}}