{"region_20_partitions_foodgrp_36": {"pizzas, quiches et pâtisseries salées": {"quiches et tartes salées": {"tarte au fromage ou quiche au fromage": 131.33333333333334, "flamenkueche (tarte salée aux lardons)": 251.25, "tarte aux poireaux": 142.0, "tarte au saumon et à l'oseille": 109.58333333333333, "tarte provençale à la tomate": 120.75, "cake salé avec garniture (viande poisson volaille fromage légumes …)": 12.5, "tarte aux légumes": 153.42857142857142, "quiche lorraine": 108.69047619047619}, "pizzas": {"pizza jambon fromage": 189.33333333333334, "pizza royale (jambon fromage champignon)": 184.03846153846155, "autre pizza": 165.3125, "pizza au fromage": 176.875, "pizza 4 fromages": 256.6666666666667, "pizza sans précision": 173.73417721518987, "pizza spéciale": 172.85714285714286}, "feuilletés et friands": {"feuilleté fourré béchamel jambon fromage": 100.0, "feuilleté au saumon": 71.33333333333333, "croissant au jambon": 135.0, "friand au fromage artisanal": 120.3125, "friand à la viande artisanal": 86.63636363636364}}}}