{"pommes de terre et apparent\u00e9s": {"sans": {"pur\u00e9e de pomme de terre avec lait et beurre non sal\u00e9e": 160.7, "pomme de terre rissol\u00e9e surgel\u00e9e": 134.58333333333334, "pur\u00e9e de pomme de terre \u00e0 base de flocons reconstitu\u00e9e au lait demi-\u00e9cr\u00e9m\u00e9": 187.26027397260273, "pomme de terre dauphine cuite": 115.56818181818181, "gnocchis de pommes de terre": 100.0, "pomme de terre frite surgel\u00e9e cuite": 77.3141891891892, "pomme de terre cuite \u00e0 la vapeur": 180.33333333333334, "pomme noisette pr\u00e9cuite surgel\u00e9e": 100.0, "pomme de terre cuite au four": 219.2, "pomme de terre frite non sal\u00e9e": 77.25694444444444, "patate douce cuite": 125.0, "pomme de terre cuite \u00e0 l'eau": 156.91666666666666}}}