{"riz et bl\u00e9 dur ou concass\u00e9": {"riz": {"riz blanc cuit": 137.59574468085106, "riz blanc \u00e9tuv\u00e9 cuit": 133.33333333333334, "riz complet cuit": 125.0}, "bl\u00e9": {"couscous (graine seule) semoule cuite": 182.76315789473685, "bl\u00e9 dur pr\u00e9cuit nature type ebly": 66.96969696969697}}}