{"légumes (hors pommes de terre)": {"champignons": {"champignon tout type cru sans précision": 62.0, "champignon tout type en conserve": 90.44776119402985, "champignon de paris en conserve": 49.166666666666664, "champignon de paris sauté": 156.33333333333334}, "mélanges de légumes, légumes préparés et autres légumes": {"ratatouille niçoise": 158.45454545454547, "légume en purée hors pomme de terre non salé": 123.4090909090909, "crudités vinaigrette sans précision": 76.0, "céleri rémoulade": 127.08333333333333, "pulpe de tomate en conserve": 70.6, "champignons à la grecque": 100.0, "purée de tomate": 53.333333333333336, "petits pois et carottes en conserve": 139.30434782608697, "légumes cuits sans précision": 95.0, "guacamole industriel": 23.0, "autre légume frais ou crudité, sans assaisonnement": 25.0, "macédoine de légumes en conserve": 116.27272727272727, "légumes mélangés surgelés": 139.76923076923077, "terrine ou mousse de légumes": 150.0, "choucroute sans garniture": 100.0}, "choux": {"chou-fleur cuit": 168.13953488372093, "chou vert cuit": 131.14285714285714, "chou rouge cru": 74.28571428571429, "chou-fleur cru": 125.83333333333333, "brocoli cuit": 140.38095238095238, "chou de bruxelles cuit": 197.0, "chou de bruxelles en conserve": 233.33333333333334}, "légumes tiges": {"asperge cuite": 87.5, "cœur de palmier en conserve": 53.333333333333336, "artichaut cuit": 299.8, "germe ou pousse de soja en conserve": 25.0, "céleri branche cru": 100.0, "céleri branche cuit": 110.5, "asperge en conserve": 73.9090909090909, "germe ou pousse de soja cru": 49.0, "poireau cuit": 79.77272727272727, "fenouil cuit à l'eau": 113.0, "artichaut cru": 115.0, "céleri branche en conserve": 112.66666666666667}, "haricots verts et petits pois (légumes potagers)": {"haricot vert surgelé cuit": 104.65853658536585, "haricot beurre en conserve": 137.5, "petit pois cuit": 141.04545454545453, "petit pois en conserve": 147.66666666666666, "haricot vert cuit": 110.2625, "haricot vert en conserve égoutté": 120.85106382978724}, "légumes racines, tubercules ou bulbes": {"oignon cuit": 24.46759259259259, "salsifis en conserve": 142.7, "oignon cru": 23.36, "carotte en conserve": 110.71428571428571, "radis rouge cru": 45.76923076923077, "échalote crue": 7.409090909090909, "céleri-rave cuit": 52.5, "betterave rouge cuite": 74.2, "radis noir cru": 45.0, "navet cuit": 104.0, "céleri-rave cru": 50.0, "carotte cuite": 101.375, "salsifis cuit": 137.5, "carotte crue": 76.70588235294117}, "légumes fruits": {"tomate cerise crue": 25.294117647058822, "courgette crue": 50.0, "poivron vert jaune ou rouge cru": 61.92307692307692, "potiron cuit": 180.0, "maïs doux en conserve": 63.77358490566038, "aubergine cuite": 113.84375, "poivron vert jaune ou rouge cuit": 59.51724137931034, "maïs doux en épis cuit": 67.22222222222223, "poivron rouge cuit": 60.0, "tomate pelée en conserve": 85.0, "concombre cru pulpe": 85.0, "tomate crue": 91.27090301003345, "poivron rouge cru": 50.0, "avocat frais": 103.63265306122449, "poivron vert cuit": 64.28571428571429, "courgette cuite": 122.70253164556962}, "légumes feuilles": {"scarole crue": 31.428571428571427, "endive cuite": 173.36666666666667, "épinard cru": 25.0, "chicorée frisée crue": 42.333333333333336, "salade verte sans assaisonnement sans précision": 36.2962962962963, "autre salade sans assaisonnement": 43.8235294117647, "laitue crue": 34.26829268292683, "épinard cuit": 138.89705882352942, "bette ou blette cuite": 92.66666666666667, "laitue romaine crue": 23.333333333333332, "mâche crue": 29.677419354838708, "endive crue": 28.06451612903226}}}