{"region_20_partitions_foodgrp_26": {"fruits": {"sans": {"mûre de ronce fraîche": 37.5, "fruit sans précision": 162.5, "ananas frais": 100.71428571428571, "litchi frais": 23.88888888888889, "cerise fraîche": 134.72222222222223, "framboise fraîche": 65.9090909090909, "pamplemousse frais": 107.5, "raisin noir frais": 122.5, "salade de fruits frais": 170.6, "fruit de la passion frais": 30.0, "autre fruit": 72.5, "pastèque fraîche": 306.25, "abricot frais": 154.04166666666666, "grenade fraîche": 190.0, "banane fraîche": 160.0581395348837, "kiwi frais": 124.57971014492753, "figue fraîche": 145.72727272727272, "mangue fraîche": 117.0, "raisin blanc frais": 205.08333333333334, "fraise fraîche": 137.17948717948718, "nectarine non pelée fraîche": 137.2704081632653, "melon frais": 232.72435897435898, "orange fraîche": 157.5609756097561, "kaki frais": 110.0, "poire non pelée fraîche": 158.92753623188406, "citron frais": 20.8, "prune reine-claude fraîche": 102.94117647058823, "clémentine ou mandarine fraîche": 116.24223602484471, "groseille fraîche": 50.0, "pomme non pelée fraîche": 182.32080924855492, "groseille à maquereau fraîche": 18.0, "pêche non pelée fraîche": 139.75328947368422, "pêche pelée fraîche": 300.0}}}}