{"p\u00e2tisseries et g\u00e2teaux": {"p\u00e2tisseries et tartes": {"tarte ou tartelette aux pommes": 190.78947368421052, "p\u00e2tisserie orientale aux amandes et au sirop": 66.14285714285714, "p\u00e2tisserie sans pr\u00e9cision": 90.83333333333333, "crumble aux pommes": 142.85714285714286, "millefeuille": 158.33333333333334, "chou \u00e0 la cr\u00e8me chantilly ou p\u00e2tissi\u00e8re": 86.0, "tarte ou tartelette aux fruits": 163.16326530612244, "autre p\u00e2tisserie": 186.66666666666666, "\u00e9clair": 104.5}, "g\u00e2teaux": {"g\u00e2teau moelleux fourr\u00e9 aux fruits type mini roul\u00e9 fraise captain choc": 28.071428571428573, "muffin": 63.833333333333336, "g\u00e2teau de savoie": 25.0, "brownie au chocolat": 60.53333333333333, "g\u00e2teau moelleux fourr\u00e9 au chocolat ou aux p\u00e9pites de chocolat noir ou au lait": 58.666666666666664, "galette des rois feuillet\u00e9e fourr\u00e9e \u00e0 la frangipane": 175.54545454545453, "cake aux fruits": 65.625, "g\u00e2teau mousse aux fruits sur g\u00e9noise type miroir aux fruits rouges de picard": 97.14285714285714, "g\u00e2teau \u00e0 la cr\u00e8me": 160.63636363636363, "g\u00e2teau moelleux fourr\u00e9 au chocolat multicouches type napolitain lu ou kinder d\u00e9l": 35.77777777777778, "charlotte aux fruits artisanale": 200.0, "quatre-quarts fabrication industrielle": 65.17241379310344, "g\u00e2teau moelleux g\u00e9noise fourr\u00e9e \u00e0 l'orange type chamonix": 360.0, "g\u00e2teau sans pr\u00e9cision": 95.0, "pain d'\u00e9pices": 40.0, "autre g\u00e2teau": 95.71428571428571, "g\u00e2teau au chocolat": 82.46296296296296, "g\u00e2teau moelleux g\u00e9noise fourr\u00e9e \u00e0 l'orange enrob\u00e9e de chocolat type pim's": 55.0, "g\u00e2teau au fromage blanc": 264.2857142857143, "g\u00e2teau breton ou far aux pruneau": 215.0, "madeleine": 63.58490566037736, "baba au rhum": 117.5}, "beignets, cr\u00eapes et gaufres": {"cr\u00eape au froment fourr\u00e9e au chocolat ou ou \u00e0 la p\u00e2te \u00e0 tartiner chocolat et nois": 50.666666666666664, "gaufre bruxelloise ou li\u00e9geoise avec ou sans chocolat pr\u00e9emball\u00e9e": 53.18181818181818, "blinis": 210.0, "cr\u00eape au froment sucr\u00e9e non fourr\u00e9e": 81.25, "cr\u00eape au froment nature": 114.02777777777777, "beignet fourr\u00e9 \u00e0 la confiture": 39.0, "beignet sucr\u00e9 nature": 69.72222222222223, "cr\u00eape ou galette bretonne au bl\u00e9 noir ou sarrasin": 100.0, "cr\u00eape au froment fourr\u00e9e \u00e0 la confiture": 43.25}}}