{"abats": {"sans": {"foie de volaille cuit": 64.75, "cervelle d'agneau cuite": 150.0, "rognon cuit sans pr\u00e9cision": 140.0, "foie de g\u00e9nisse cuit": 97.0, "autre abat": 80.0, "foie d'agneau cuit": 80.0, "langue de b\u0153uf cuite": 58.333333333333336, "c\u0153ur de b\u0153uf cuit": 150.0, "foie poulet cuit": 100.0, "canard g\u00e9sier confit \u00e9goutt\u00e9 et r\u00e9chauff\u00e9": 95.83333333333333, "foie de veau cuit": 106.42857142857143}}}