{"charcuterie": {"p\u00e2t\u00e9s, terrines, rillettes et foie gras": {"foie gras en conserve": 52.370370370370374, "p\u00e2t\u00e9 de t\u00eate ou fromage de t\u00eate": 82.6923076923077, "p\u00e2t\u00e9 de campagne": 42.95, "galantine": 50.0, "mousse de foie": 66.66666666666667, "p\u00e2t\u00e9 de foie de porc": 52.333333333333336, "rillettes pur porc": 50.0, "p\u00e2t\u00e9 de lapin": 50.0, "rillettes": 53.45454545454545, "p\u00e2t\u00e9 de foie de volaille": 21.0, "p\u00e2t\u00e9 en cro\u00fbte": 120.83333333333333, "foie gras de canard entier en conserve": 80.0, "terrine de canard": 65.625}, "autre charcuterie ou charcuterie  sans pr\u00e9cision": {"charcuterie sans pr\u00e9cision": 30.0, "autre charcuterie": 67.13333333333334}, "saucisses, saucissons, andouilles et boudins": {"saucisse de toulouse cuite": 78.57142857142857, "saucisse s\u00e8che": 42.0625, "saucisse de morteau cuite": 131.28571428571428, "rosette ou fuseau": 34.142857142857146, "cervelas": 50.0, "saucisse de montb\u00e9liard": 262.5, "saucisson sec": 35.9344262295082, "saucisse de francfort": 111.0, "chair \u00e0 saucisse": 55.55555555555556, "salami": 45.916666666666664, "chipolata cuite": 88.18181818181819, "andouillette r\u00e9chauff\u00e9e": 180.0, "merguez de b\u0153uf et de mouton cuite": 105.8695652173913, "boudin blanc cuit": 100.0, "boudin noir cuit": 98.75, "mortadelle": 41.0, "saucisse cocktail": 50.0, "saucisson \u00e0 l'ail": 50.0, "saucisse sans pr\u00e9cision": 99.53731343283582, "chorizo sec": 33.095238095238095, "saucisse de strasbourg": 68.15277777777777}, "jambons et charcuteries en pi\u00e8ces": {"jambon cuit sup\u00e9rieur dd (d\u00e9couenn\u00e9 d\u00e9graiss\u00e9)": 100.0, "jambon cuit": 64.03935185185185, "lardon ou bacon fum\u00e9 cuit": 39.0, "poitrine de porc fum\u00e9e": 40.0, "jambon cuit fum\u00e9": 40.0, "lardon nature cuit": 25.041666666666668, "jambon cuit sup\u00e9rieur": 57.5, "jambon cru fum\u00e9": 65.0, "jambon cuit dd (d\u00e9couenn\u00e9 d\u00e9graiss\u00e9)": 90.0, "jambon sec dd (d\u00e9couenn\u00e9 d\u00e9graiss\u00e9)": 43.05263157894737, "jambon cru": 65.49342105263158, "jambonneau cuit": 140.0, "bacon filet cuit": 50.0}}}