{"beurre": {"sans": {"beurre doux léger 39-41% m.g.": 10.294117647058824, "beurre salé sel > 3%": 15.909090909090908, "matière grasse laitière légère 25% m.g. à tartiner type bridelight": 12.678571428571429, "beurre doux": 12.789170506912443, "beurre allégé sans précision": 9.166666666666666, "beurre salé non allégé ajouté à la cuisson": 8.75, "beurre allégé ajouté au service": 8.24742268041237, "beurre allégé ajouté à la cuisson": 9.26605504587156, "beurre salé non allégé ajoutée au service": 9.15625, "beurre demi-sel sel maxi 3%": 11.9, "beurre doux non allégé ajouté à la cuisson": 8.923766816143498, "beurre doux non allégé ajoutée au service": 9.923954372623575}}}