{"condiments et sauces": {"condiments d'assaisonnement": {"ail frais": 3.7261363636363636, "vinaigre": 8.080701754385965, "cube pour bouillon de b\u0153uf": 4.4, "concentr\u00e9 de tomate": 85.875, "sauce de soja": 10.714285714285714}, "condiments d'accompagnement": {"raifort cru": 2.5, "c\u00e2pres": 13.5, "olive verte en saumure": 29.142857142857142, "olive noire en saumure": 12.0, "moutarde": 9.103076923076923, "cornichon au vinaigre": 31.5, "tapenade d'olives": 28.666666666666668, "ketchup": 37.42424242424242}, "herbes aromatiques": {"basilic frais": 2.555555555555556, "persil frais": 8.441176470588236, "menthe fra\u00eeche": 12.5, "thym sec": 3.6, "ciboule ou ciboulette fra\u00eeche": 2.8125, "cerfeuil frais": 5.0, "herbes aromatiques fra\u00eeches": 2.923571428571428}, "sauces": {"mayonnaise \u00e0 l'huile de tournesol": 8.333333333333334, "sauce au yaourt": 20.0, "vinaigrette ajout\u00e9e au service": 19.623655913978496, "sauce tomate sans viande": 36.076388888888886, "sauce sans pr\u00e9cision": 22.5, "sauce pesto": 31.166666666666668, "vinaigrette sans pr\u00e9cision": 21.806451612903224, "sauce \u00e0 la cr\u00e8me aux herbes": 34.0, "sauce \u00e0 la cr\u00e8me": 38.19444444444444, "sauce au vin rouge": 38.29545454545455, "mayonnaise ajout\u00e9e au service": 15.0, "sauce aux champignons": 27.142857142857142, "sauce au fromage": 24.444444444444443, "vinaigrette all\u00e9g\u00e9e ajout\u00e9e au service": 20.0, "sauce aigre-douce": 30.0, "mayonnaise": 16.49390243902439, "sauce b\u00e9arnaise": 15.0, "sauce au beurre": 28.214285714285715, "mayonnaise all\u00e9g\u00e9e": 19.375, "vinaigrette all\u00e9g\u00e9e": 25.1875, "sauce au curry": 22.75, "sauce tomate \u00e0 la viande ou bolognaise type panzani ou buitoni": 63.36363636363637, "sauce moutarde": 5.0, "sauce \u00e0 la cr\u00e8me aux \u00e9pices": 52.5, "autre sauce": 33.84615384615385, "vinaigrette \u00e0 l'huile d'olive": 20.304195804195803, "sauce b\u00e9chamel en brique": 41.458333333333336}, "sel et \u00e9pices": {"curry en poudre": 2.0, "poivre noir moulu": 1.1906779661016949, "gingembre moulu": 6.625, "cumin en graines": 3.5, "sel fin ou gros": 2.5398230088495577, "\u00e9pices sans pr\u00e9cision": 2.75, "sel de mer": 2.738888888888889, "coriandre en graines": 2.8}}}