{"l\u00e9gumes secs": {"l\u00e9gumes secs": {"haricot rouge cuit": 139.0, "haricot blanc cuit": 140.0, "haricot blanc en conserve": 116.66666666666667, "lentille cuite": 146.42857142857142, "pois chiche cuit": 25.0, "haricot flageolet en conserve": 131.11111111111111}, "l\u00e9gumes secs pr\u00e9par\u00e9s": {"lentille cuisin\u00e9e en conserve": 214.28571428571428}}}