{"volaille et gibier": {"gibier": {"chevreuil rôti": 90.0, "sanglier rôti": 120.0, "autre gibier": 80.0, "faisan viande rôtie": 400.0}, "volailles et lapins": {"poule viande bouillie": 150.0, "blanc de poulet cuit": 77.78225806451613, "poulet cuisse rôtie viande et peau": 118.84, "dinde viande rôtie": 96.74285714285715, "lapin en ragoût": 171.11111111111111, "lapin viande cuite": 152.5, "pigeon viande rôtie": 200.0, "confit de canard": 124.16666666666667, "brochette de volaille": 107.5, "dinde ou autre volaille escalope sautée": 96.00694444444444, "volaille cuite sans précision": 115.0, "canard viande rôtie": 142.72222222222223, "canard magret cuit à la poêle": 66.58823529411765, "autre volaille cuite": 137.5, "caille cuite viande et peau": 150.0, "poulet rôti viande et peau": 144.74166666666667}}}