{"region_13_partitions_foodgrp_17": {"viande": {"bœuf en pièces ou haché": {"bœuf boulettes cuites": 116.66666666666667, "bœuf faux-filet grillé": 115.0, "steak haché 5% m.g. cuit": 116.25, "steak haché 5% m.g. cru": 165.0, "carpaccio de boeuf": 110.0, "steak haché 15% m.g. cuit": 121.28440366972477, "bœuf à pot-au-feu cuit": 111.0, "boeuf bifteck grillé": 128.65853658536585, "brochette de bœuf": 130.27777777777777, "fondue bourguignonne": 130.0, "bœuf à bourguignon cuit": 102.08333333333333, "bœuf braisé": 89.0, "bœuf rosbif rôti": 113.9795918367347, "bœuf entrecôte grillée": 145.35714285714286}, "autre viande": {"cheval viande rôtie": 40.0, "brochette mixte de viande": 86.0, "viande cuite sans précision": 87.27272727272727}, "porc": {"porc côtelette grillée": 138.9240506329114, "porc filet rôti maigre cuit": 99.11764705882354, "porc travers braisé": 114.44444444444444, "porc échine rôtie": 128.25, "porc rôti cuit": 92.42553191489361}, "agneau": {"agneau épaule rôtie": 105.0, "agneau côtelette grillée": 167.85714285714286, "brochette d'agneau": 73.33333333333333, "agneau gigot rôti": 119.8}, "veau": {"veau escalope cuite": 114.83333333333333, "veau rôti": 122.08333333333333, "veau filet rôti": 120.0, "veau côte cuite": 135.83333333333334, "veau mijoté": 97.5, "veau escalope panée": 80.0}}}}