{"beurre": {"sans": {"beurre doux l\u00e9ger 39-41% m.g.": 18.59090909090909, "beurre sal\u00e9 sel > 3%": 7.777777777777778, "beurre l\u00e9ger 39-41% m.g. demi-sel": 97.5, "mati\u00e8re grasse laiti\u00e8re l\u00e9g\u00e8re 25% m.g. \u00e0 tartiner type bridelight": 12.621621621621621, "beurre doux": 13.028289473684211, "beurre all\u00e9g\u00e9 60-62 % m.g. demi-sel": 21.875, "beurre sal\u00e9 non all\u00e9g\u00e9 ajout\u00e9 \u00e0 la cuisson": 9.398034398034397, "beurre all\u00e9g\u00e9 ajout\u00e9 au service": 8.5, "beurre all\u00e9g\u00e9 ajout\u00e9 \u00e0 la cuisson": 9.363636363636363, "beurre sal\u00e9 non all\u00e9g\u00e9 ajout\u00e9e au service": 9.25968992248062, "beurre demi-sel sel maxi 3%": 13.475770925110131, "beurre doux non all\u00e9g\u00e9 ajout\u00e9 \u00e0 la cuisson": 9.076923076923077, "beurre all\u00e9g\u00e9 sans pr\u00e9cision": 11.738095238095237, "beurre doux non all\u00e9g\u00e9 ajout\u00e9e au service": 8.5}}}