{"légumes secs": {"légumes secs": {"haricot rouge cuit": 139.0, "haricot blanc cuit": 140.0, "haricot blanc en conserve": 116.66666666666667, "lentille cuite": 146.42857142857142, "pois chiche cuit": 25.0, "haricot flageolet en conserve": 131.11111111111111}, "légumes secs préparés": {"lentille cuisinée en conserve": 214.28571428571428}}}