{"pizzas, quiches et pâtisseries salées": {"quiches et tartes salées": {"tarte au fromage ou quiche au fromage": 105.0, "flamenkueche (tarte salée aux lardons)": 195.0, "tarte aux poireaux": 192.5, "tarte au saumon et à l'oseille": 111.66666666666667, "tarte provençale à la tomate": 225.0, "cake salé avec garniture (viande poisson volaille fromage légumes …)": 53.57142857142857, "tarte aux légumes": 100.0, "quiche lorraine": 106.69117647058823}, "pizzas": {"pizza jambon fromage": 213.92857142857142, "pizza royale (jambon fromage champignon)": 211.25, "pizza 4 saisons": 284.0, "autre pizza": 231.25, "pizza au fromage": 144.28571428571428, "pizza 4 fromages": 160.0, "pizza sans précision": 163.28571428571428, "pizza spéciale": 201.36363636363637}, "feuilletés et friands": {"feuilleté au saumon": 125.27777777777777, "croissant au jambon": 100.0, "friand au fromage artisanal": 111.18181818181819, "friand à la viande artisanal": 142.14285714285714}}}