{"huile": {"sans": {"huile v\u00e9g\u00e9tale sans pr\u00e9cision": 11.55909090909091, "huile de colza": 8.80952380952381, "autre huile v\u00e9g\u00e9tale": 4.166666666666667, "huile de noix ajout\u00e9e au service": 10.0, "huile d'arachide": 13.414285714285715, "huile de p\u00e9pins de raisin": 1.5, "huile d'arachide ajout\u00e9e \u00e0 la cuisson": 10.173913043478262, "huile m\u00e9lang\u00e9e (type isio 4) ajout\u00e9e au service": 9.75, "huile m\u00e9lang\u00e9e \u00e9quilibr\u00e9e type isio 4": 11.416666666666666, "huile de colza ajout\u00e9e au service": 10.0, "huile d'olive ajout\u00e9e au service": 10.608695652173912, "huile de tournesol ajout\u00e9e au service": 10.0, "huile de colza ajout\u00e9e \u00e0 la cuisson": 12.0, "huile m\u00e9lang\u00e9e (type isio 4) ajout\u00e9e \u00e0 la cuisson": 9.8, "huile de ma\u00efs ajout\u00e9e au service": 10.0, "huile de tournesol ajout\u00e9e \u00e0 la cuisson": 8.696629213483146, "huile d'arachide ajout\u00e9e au service": 10.0, "huile d'olive ajout\u00e9e \u00e0 la cuisson": 10.971428571428572, "huile d'olive vierge": 9.8125, "huile de noix": 9.285714285714286, "huile de tournesol": 12.295454545454545}}}