{"oeufs et d\u00e9riv\u00e9s": {"sans": {"omelette aux lardons": 225.0, "omelette nature cuite au beurre": 146.45833333333334, "oeuf dur": 61.28048780487805, "jaune d'\u0153uf cuit": 22.5, "oeuf au plat sal\u00e9": 85.71428571428571, "omelette aux champignons": 200.0, "oeuf \u00e0 la coque": 90.0, "oeufs brouill\u00e9s au beurre": 180.0, "blanc d'\u0153uf dur": 100.0}}}