{"pain et panification s\u00e8che": {"biscottes et panification s\u00e8che": {"autre biscotte": 19.14814814814815, "tartine extrud\u00e9e fourr\u00e9e au chocolat ou aux fruits type craquinette de lu": 36.5, "pain grill\u00e9 au froment type tranches pain grill\u00e9 pelletier lu braisotte jacquet": 36.81818181818182, "biscotte compl\u00e8te ou riche en fibres": 33.5, "biscotte multic\u00e9r\u00e9ales type heudebert aux six c\u00e9r\u00e9ales": 72.0, "biscotte sans adjonction de sel": 5.0, "biscotte classique type heudebert lu": 29.002105263157894}, "autres produits de panification": {"chapelure ou panure": 6.0, "cro\u00fbtons": 21.142857142857142, "fougasse garnie": 40.0}, "pain": {"pain grill\u00e9 maison": 51.79333333333334, "pain aux c\u00e9r\u00e9ales artisanal": 51.97435897435897, "pain courant fran\u00e7ais boule \u00e0 la levure": 75.4375, "pain sans pr\u00e9cision": 44.411764705882355, "pain de seigle et froment": 34.22222222222222, "pain brioch\u00e9 ou viennois": 62.5, "pain complet ou int\u00e9gral artisanal": 56.1551724137931, "pain type poil\u00e2ne": 106.66666666666667, "autre pain": 51.0, "pain de seigle aux raisins": 43.333333333333336, "pain baguette": 69.81748608534323, "pain de mie": 68.23809523809524, "pain de campagne ou bis": 71.34980988593156}}}