{"charcuterie": {"p\u00e2t\u00e9s, terrines, rillettes et foie gras": {"foie gras en conserve": 44.92857142857143, "p\u00e2t\u00e9 de t\u00eate ou fromage de t\u00eate": 68.83333333333333, "p\u00e2t\u00e9 de campagne": 42.90769230769231, "galantine": 38.25, "mousse de foie": 35.94444444444444, "p\u00e2t\u00e9 de foie de porc": 45.1, "rillettes pur porc": 51.625, "p\u00e2t\u00e9 de lapin": 50.0, "rillettes": 38.583333333333336, "terrine de canard": 31.5}, "autre charcuterie ou charcuterie  sans pr\u00e9cision": {"charcuterie sans pr\u00e9cision": 85.71428571428571, "autre charcuterie": 60.142857142857146}, "saucisses, saucissons, andouilles et boudins": {"saucisse de morteau cuite": 121.875, "andouille r\u00e9chauff\u00e9e": 26.0, "chorizo sec": 39.833333333333336, "saucisse s\u00e8che": 22.125, "saucisson sec pur porc": 7.5, "saucisse de francfort": 58.333333333333336, "boudin noir cuit": 140.9090909090909, "saucisse alsacienne fum\u00e9e ou gendarme": 125.0, "saucisse cocktail": 41.666666666666664, "rosette ou fuseau": 24.181818181818183, "saucisson sec": 37.27777777777778, "chair \u00e0 saucisse": 28.75, "salami": 18.333333333333332, "chipolata cuite": 80.625, "andouillette r\u00e9chauff\u00e9e": 26.0, "merguez de b\u0153uf et de mouton cuite": 78.26086956521739, "boudin blanc cuit": 114.28571428571429, "saucisson \u00e0 l'ail": 35.625, "saucisse de toulouse cuite": 99.66666666666667, "cervelas": 30.642857142857142, "saucisse de montb\u00e9liard": 75.0, "saucisse sans pr\u00e9cision": 102.86363636363636, "saucisse de strasbourg": 65.58620689655173}, "jambons et charcuteries en pi\u00e8ces": {"jambon cuit sup\u00e9rieur dd (d\u00e9couenn\u00e9 d\u00e9graiss\u00e9)": 50.0, "jambon cuit": 55.661764705882355, "poitrine de porc fum\u00e9e": 72.85714285714286, "lardon nature cuit": 33.228070175438596, "jambon cuit sup\u00e9rieur": 50.0, "jambon cru fum\u00e9": 30.0, "jambon cuit dd (d\u00e9couenn\u00e9 d\u00e9graiss\u00e9)": 67.5, "jambon sec dd (d\u00e9couenn\u00e9 d\u00e9graiss\u00e9)": 53.07692307692308, "jambon cru": 44.375, "jambonneau cuit": 50.0, "bacon filet cuit": 34.142857142857146}}}