{"boissons alcoolis\u00e9es": {"cidre": {"cidre brut": 350.7142857142857, "cidre": 200.3125, "cidre traditionnel": 285.0, "cidre doux": 227.85714285714286}, "spiritueux et vins cuits": {"eau-de-vie": 80.0, "porto": 42.61538461538461, "vodka": 77.5, "rhum": 61.0, "ap\u00e9ritif \u00e0 base de vin ou vermouth type martini": 72.22222222222223, "ap\u00e9ritif \u00e0 la gentiane": 50.0, "vin doux naturel ou vin mut\u00e9 autre que porto type muscat banyuls ou maury": 52.30769230769231, "gin": 20.0, "liqueurs": 56.07142857142857, "whisky": 58.57142857142857}, "vin": {"vin sans pr\u00e9cision": 190.0, "vin rouge 11\u00b0": 136.8421052631579, "vin blanc 11\u00b0": 168.42372881355934, "vin rouge 12\u00b0": 204.3939393939394, "vin rouge 10\u00b0": 189.60264900662253, "vin blanc mousseux": 259.09090909090907, "champagne": 162.5, "vin ros\u00e9 11\u00b0": 209.31034482758622, "vin rouge 13\u00b0 et plus": 200.0}, "cocktails et m\u00e9langes": {"cocktail alcoolis\u00e9": 243.75, "sangria": 750.0, "panach\u00e9": 300.0, "pastis pr\u00eat \u00e0 boire (1+5)": 187.75, "kir": 132.1590909090909, "kir royal": 100.0}, "bi\u00e8re": {"bi\u00e8re sp\u00e9ciale \u00e0 5-6\u00b0 d'alcool type 1664 pelforth ambr\u00e9e ou fischer heineken": 278.0, "bi\u00e8re de sp\u00e9cialit\u00e9s ou d'abbaye r\u00e9gionales ou de brasserie degr\u00e9 d'alcool varia": 500.0, "bi\u00e8re brune": 250.0, "bi\u00e8re c\u0153ur de march\u00e9 \u00e0 4-5\u00b0 d'alcool type kronenbourg ou 33 export": 449.44444444444446}}}