{"viennoiserie": {"sans": {"palmier artisanal": 30.0, "croissant au beurre artisanal": 68.75, "croissant sans pr\u00e9cision": 61.75925925925926, "brioche sans pr\u00e9cision": 37.1875, "pain aux raisins": 56.833333333333336, "pain au chocolat feuillet\u00e9 artisanal": 61.970238095238095, "brioche industrielle pr\u00e9emball\u00e9e": 42.91593406593407, "chausson aux pommes": 107.8125, "pain au lait artisanal": 62.833333333333336, "croissant aux amandes artisanal": 60.0, "croissant ordinaire artisanal": 55.0}}}