{"soupes et bouillons": {"potages et soupes": {"soupe poireau pomme de terre type fait maison": 312.5, "soupe aux champignons": 300.0, "soupe de poissons et/ou de crustac\u00e9s pr\u00e9emball\u00e9e \u00e0 r\u00e9chauffer": 337.5, "soupe \u00e0 la tomate pr\u00e9emball\u00e9e \u00e0 r\u00e9chauffer ou d\u00e9shydrat\u00e9e reconstitu\u00e9e": 286.3636363636364, "soupe aux l\u00e9gumes pr\u00e9emball\u00e9e \u00e0 r\u00e9chauffer": 302.6209677419355, "soupe au pistou pr\u00e9emball\u00e9e \u00e0 r\u00e9chauffer ou d\u00e9shydrat\u00e9e reconstitu\u00e9e": 500.0, "minestrone pr\u00e9emball\u00e9e \u00e0 r\u00e9chauffer ou d\u00e9shydrat\u00e9e reconstitu\u00e9e": 225.0, "soupe aux l\u00e9gumes type fait maison": 335.0719424460432, "soupe aux l\u00e9gumes d\u00e9shydrat\u00e9e reconstitu\u00e9e": 315.0, "soupe poireau pomme de terre pr\u00e9emball\u00e9e \u00e0 r\u00e9chauffer": 300.0, "soupe au potiron": 305.55555555555554, "soupe \u00e0 l'oignon": 277.77777777777777, "soupe \u00e0 la volaille et aux vermicelles pr\u00e9emball\u00e9e \u00e0 r\u00e9chauffer ou d\u00e9shydrat\u00e9e r": 331.25}, "bouillons": {"bouillon v\u00e9g\u00e9tal": 350.0, "bouillon de viande d\u00e9shydrat\u00e9 reconstitu\u00e9 type bouillon de b\u0153uf knorr": 140.66666666666666, "bouillon de viande et de l\u00e9gumes": 335.7142857142857, "bouillon de volaille d\u00e9shydrat\u00e9 reconstitu\u00e9 type bouillon de poule knorr": 226.23529411764707}}}