{"sucres et dérivés": {"confiserie": {"bonbons gélifiés": 37.46666666666667, "confiserie dragéifiée au chocolat type smarties": 29.5, "pâte de fruits": 15.0, "pâte d'amande fabrication industrielle": 15.0, "chewing-gum sucré": 4.2, "meringue": 22.266666666666666, "bonbons tout type sauf gélifiés": 22.11764705882353, "chewing-gum sans sucre": 7.083333333333333, "confiserie à base de cacahuètes dragéifiées enrobées de chocolat type m&ms cacah": 32.833333333333336, "nougat ou touron": 18.0}, "confiture et miel": {"miel": 15.378947368421052, "confiture de cerise": 18.75, "confiture ajoutée au service": 13.571428571428571, "confiture d'orange": 21.666666666666668, "confiture de fraise": 26.61764705882353, "confiture d'abricot": 34.8, "confiture ou marmelade tout type": 29.698795180722893, "confiture allégée": 35.483870967741936}, "sucre et assimilés": {"sucre roux": 8.72877358490566, "sucre blanc": 7.820874471086037, "sucre blanc ajouté au service": 6.886792452830188, "sucre allégé type tutti free": 6.5625}}}