{"autres boissons chaudes": {"th\u00e9 et infusions": {"tisane infus\u00e9e non sucr\u00e9e": 227.93859649122808, "th\u00e9 infus\u00e9 non sucr\u00e9": 314.5620437956204}, "cacao, poudres et boissons cacaot\u00e9es": {"poudre cacaot\u00e9e sucr\u00e9e enrichie pour boisson": 12.0, "poudre cacaot\u00e9e et sucr\u00e9e pour boisson au chocolat": 12.602316602316602, "cacao en poudre non sucr\u00e9 type van houten": 11.75, "boisson instantan\u00e9e cacaot\u00e9e sucr\u00e9e reconstitu\u00e9e": 219.87234042553192}, "chicor\u00e9e et poudre malt\u00e9e": {"poudre malt\u00e9e et sucr\u00e9e pour boisson": 6.0, "poudre soluble \u00e0 base de chicor\u00e9e et de caf\u00e9 type ricor\u00e9": 2.4916666666666667, "chicor\u00e9e en poudre soluble type leroux": 11.090909090909092}}}