{"riz et bl\u00e9 dur ou concass\u00e9": {"riz": {"riz blanc cuit": 110.11261261261261, "riz complet cuit": 93.33333333333333}, "bl\u00e9": {"couscous (graine seule) semoule cuite": 123.75, "bl\u00e9 dur pr\u00e9cuit nature type ebly": 84.25675675675676}}}