{"viande": {"autre viande": {"cheval viande r\u00f4tie": 40.0, "brochette mixte de viande": 86.0, "viande cuite sans pr\u00e9cision": 87.27272727272727}, "b\u0153uf en pi\u00e8ces ou hach\u00e9": {"b\u0153uf \u00e0 pot-au-feu cuit": 111.0, "b\u0153uf boulettes cuites": 116.66666666666667, "b\u0153uf faux-filet grill\u00e9": 115.0, "brochette de b\u0153uf": 130.27777777777777, "steak hach\u00e9 5% m.g. cuit": 116.25, "carpaccio de boeuf": 110.0, "steak hach\u00e9 15% m.g. cuit": 121.28440366972477, "b\u0153uf brais\u00e9": 89.0, "fondue bourguignonne": 130.0, "boeuf bifteck grill\u00e9": 128.65853658536585, "b\u0153uf \u00e0 bourguignon cuit": 102.08333333333333, "b\u0153uf entrec\u00f4te grill\u00e9e": 145.35714285714286, "b\u0153uf rosbif r\u00f4ti": 113.9795918367347, "steak hach\u00e9 5% m.g. cru": 165.0}, "porc": {"porc c\u00f4telette grill\u00e9e": 138.9240506329114, "porc filet r\u00f4ti maigre cuit": 99.11764705882354, "porc travers brais\u00e9": 114.44444444444444, "porc \u00e9chine r\u00f4tie": 128.25, "porc r\u00f4ti cuit": 92.42553191489361}, "agneau": {"agneau \u00e9paule r\u00f4tie": 105.0, "agneau c\u00f4telette grill\u00e9e": 167.85714285714286, "brochette d'agneau": 73.33333333333333, "agneau gigot r\u00f4ti": 119.8}, "veau": {"veau escalope cuite": 114.83333333333333, "veau r\u00f4ti": 122.08333333333333, "veau filet r\u00f4ti": 120.0, "veau c\u00f4te cuite": 135.83333333333334, "veau mijot\u00e9": 97.5, "veau escalope pan\u00e9e": 80.0}}}