{"pizzas, quiches et p\u00e2tisseries sal\u00e9es": {"quiches et tartes sal\u00e9es": {"tarte au fromage ou quiche au fromage": 105.0, "flamenkueche (tarte sal\u00e9e aux lardons)": 195.0, "tarte aux poireaux": 192.5, "cake sal\u00e9 avec garniture (viande poisson volaille fromage l\u00e9gumes \u2026)": 53.57142857142857, "tarte au saumon et \u00e0 l'oseille": 111.66666666666667, "tarte proven\u00e7ale \u00e0 la tomate": 225.0, "tarte aux l\u00e9gumes": 100.0, "quiche lorraine": 106.69117647058823}, "pizzas": {"pizza jambon fromage": 213.92857142857142, "pizza royale (jambon fromage champignon)": 211.25, "pizza 4 saisons": 284.0, "autre pizza": 231.25, "pizza au fromage": 144.28571428571428, "pizza 4 fromages": 160.0, "pizza sans pr\u00e9cision": 163.28571428571428, "pizza sp\u00e9ciale": 201.36363636363637}, "feuillet\u00e9s et friands": {"feuillet\u00e9 au saumon": 125.27777777777777, "croissant au jambon": 100.0, "friand au fromage artisanal": 111.18181818181819, "friand \u00e0 la viande artisanal": 142.14285714285714}}}