{"condiments et sauces": {"condiments d'assaisonnement": {"ail frais": 3.794791666666667, "vinaigre": 7.221875, "cube pour bouillon de b\u0153uf": 11.833333333333334, "concentr\u00e9 de tomate": 12.0, "sauce de soja": 13.0}, "condiments d'accompagnement": {"c\u00e2pres": 8.0, "olive verte en saumure": 30.0, "olive noire en saumure": 33.333333333333336, "moutarde": 10.398148148148149, "cornichon au vinaigre": 41.583333333333336, "tapenade d'olives": 50.0, "ketchup": 31.470588235294116}, "herbes aromatiques": {"basilic frais": 1.377777777777778, "persil frais": 6.21, "menthe fra\u00eeche": 1.6, "thym sec": 5.0, "ciboule ou ciboulette fra\u00eeche": 3.361111111111111, "cerfeuil frais": 10.0, "herbes aromatiques fra\u00eeches": 4.3675}, "sauces": {"sauce hollandaise": 29.285714285714285, "mayonnaise \u00e0 l'huile de tournesol": 15.0, "sauce au yaourt": 21.0, "vinaigrette ajout\u00e9e au service": 20.0, "sauce tomate sans viande": 23.986486486486488, "sauce sans pr\u00e9cision": 23.75, "sauce \u00e0 la cr\u00e8me aux \u00e9pices": 27.5, "vinaigrette sans pr\u00e9cision": 18.801932367149757, "sauce \u00e0 la cr\u00e8me aux herbes": 14.375, "sauce \u00e0 la cr\u00e8me": 35.0, "sauce au vin rouge": 22.22222222222222, "mayonnaise ajout\u00e9e au service": 15.0, "sauce aux champignons": 35.416666666666664, "sauce au fromage": 47.5, "vinaigrette all\u00e9g\u00e9e ajout\u00e9e au service": 20.0, "sauce aigre-douce": 15.0, "mayonnaise": 15.875, "sauce b\u00e9arnaise": 18.0, "sauce au beurre": 26.607142857142858, "mayonnaise all\u00e9g\u00e9e": 26.25, "vinaigrette all\u00e9g\u00e9e": 21.48, "sauce au curry": 25.0, "sauce tomate \u00e0 la viande ou bolognaise type panzani ou buitoni": 54.25925925925926, "sauce moutarde": 8.333333333333334, "autre sauce": 32.857142857142854, "vinaigrette \u00e0 l'huile d'olive": 16.7, "sauce b\u00e9chamel en brique": 35.45161290322581}, "sel et \u00e9pices": {"curry en poudre": 2.1666666666666665, "poivre noir moulu": 1.0416666666666667, "gingembre moulu": 26.0, "sel fin ou gros": 2.0923076923076924, "cannelle": 4.5, "\u00e9pices sans pr\u00e9cision": 1.96875, "sel de mer": 3.4761904761904763, "coriandre en graines": 1.0}}}