{"eaux": {"eau minérale plate": {"vittel eau plate": 258.5, "wattwiller eau plate": 240.0, "saint amand vauban eau plate": 240.0, "aix les bains eau plate": 300.0, "luchon eau plate": 120.0, "évian eau plate": 290.50847457627117, "hépar eau plate": 367.43589743589746, "eau minérale plate sans précision": 487.5, "plancoët eau plate": 318.57142857142856, "valvert eau plate": 260.5, "contrex eau plate": 261.0204081632653, "thonon eau plate": 351.5, "volvic eau plate": 333.9139784946237, "chambon eau plate": 241.66666666666666, "courmayeur eau plate": 355.7647058823529}, "eau du robinet": {"eau du robinet": 281.4821648216482}, "eau minérale gazeuse": {"rozana eau gazeuse": 276.0, "san pellegrino eau gazeuse": 250.0, "quézac eau gazeuse": 326.3636363636364, "salvetat eau gazeuse": 375.375, "saint yorre eau gazeuse": 266.6666666666667, "perrier eau gazeuse": 204.28571428571428, "eau gazeuse sans précision": 491.6666666666667, "badoit eau gazeuse": 269.85074626865674, "arcens eau gazeuse": 200.0, "ogeu eau gazeuse": 500.0, "châteauneuf eau gazeuse": 361.53846153846155, "la vernière eau gazeuse": 200.0}, "eau de source": {"eau de source": 315.6519607843137}, "autre eau": {"eau minérale sans précision": 352.67175572519085, "autre eau minérale": 413.3333333333333, "eau minérale ou non faiblement minéralisée": 270.5045871559633}}}