{"margarine": {"sans": {"margarine \u00e0 l'huile d'olive  60% m.g. ajout\u00e9ee \u00e0 la cuisson": 10.0, "mati\u00e8re grasse compos\u00e9e all\u00e9g\u00e9e 60% m.g. type le fleurier ou tartine et cuisine": 6.8, "margarine type primev\u00e8re 60% m.g. ajout\u00e9e \u00e0 la cuisson": 10.0, "margarine all\u00e9g\u00e9e  40% m.g. ajout\u00e9e \u00e0 la cuisson": 10.0, "margarine all\u00e9g\u00e9e demi-sel  40% m.g. ajout\u00e9e \u00e0 la cuisson": 8.0, "mati\u00e8re grasse l\u00e9g\u00e8re 38-41% m.g. demi-sel tartiner": 11.666666666666666, "margarine ordinaire  70% ou 80% m.g. ajout\u00e9e \u00e0 la cuisson": 9.565217391304348, "margarine ordinaire  60% m.g. ajout\u00e9e \u00e0 la cuisson": 9.722222222222221, "margarine \u00e0 l'huile d'olive 60% m.g. ajout\u00e9e au service": 5.0, "mati\u00e8re grasse l\u00e9g\u00e8re 38-41% m.g. \u00e0 tartiner": 9.916666666666666, "margarine au tournesol 70% ou 80% m.g. ajout\u00e9e au service": 9.2, "margarine au tournesol 60% m.g. ajout\u00e9e au service": 5.777777777777778, "mati\u00e8re grasse 70% m.g. en pain type astra": 11.11111111111111, "mati\u00e8re grasse all\u00e9g\u00e9e 55-60% m.g. riche en om\u00e9ga 3 et 6": 9.884615384615385, "margarine au tournesol  70% ou 80% m.g. ajout\u00e9e \u00e0 la cuisson": 9.473684210526315, "margarine au tournesol en barquette 80% m.g. type fruit d'or": 7.071428571428571, "margarine au tournesol  60% m.g. ajout\u00e9e \u00e0 la cuisson": 8.870967741935484, "margarine type primev\u00e8re 60% m.g. ajout\u00e9e au service": 9.375, "margarine de cuisine 80% m.g.": 16.142857142857142, "mati\u00e8re grasse all\u00e9g\u00e9e 60% m.g.": 14.777173913043478, "margarine proactiv de fruit d'or ajout\u00e9e \u00e0 la cuisson": 10.0, "margarine ordinaire 60% m.g. ajout\u00e9e au service": 9.2}}}