{"fruits": {"sans": {"litchi sans pr\u00e9cision": 30.0, "m\u00fbre de ronce fra\u00eeche": 100.0, "fruit sans pr\u00e9cision": 150.0, "ananas frais": 76.66666666666667, "litchi frais": 20.384615384615383, "cerise fra\u00eeche": 191.66666666666666, "framboise fra\u00eeche": 93.75, "pamplemousse frais": 126.89285714285714, "raisin noir frais": 183.125, "salade de fruits frais": 175.3846153846154, "fruit de la passion frais": 70.0, "autre fruit": 70.0, "past\u00e8que fra\u00eeche": 250.0, "abricot frais": 95.84615384615384, "coing frais": 150.0, "banane fra\u00eeche": 157.6243093922652, "kiwi frais": 107.08080808080808, "figue fra\u00eeche": 15.0, "mangue fra\u00eeche": 127.5, "raisin blanc frais": 153.61904761904762, "fraise fra\u00eeche": 133.97435897435898, "nectarine non pel\u00e9e fra\u00eeche": 147.91666666666666, "melon frais": 248.22784810126583, "orange fra\u00eeche": 175.33653846153845, "lime dit citron vert pulpe": 18.0, "kaki frais": 133.33333333333334, "poire non pel\u00e9e fra\u00eeche": 178.72826086956522, "m\u00fbre noire de m\u00fbrier fra\u00eeche": 10.0, "citron frais": 25.666666666666668, "prune reine-claude fra\u00eeche": 96.875, "cl\u00e9mentine ou mandarine fra\u00eeche": 94.97340425531915, "myrtille fra\u00eeche": 150.0, "pomme non pel\u00e9e fra\u00eeche": 188.13769751693002, "p\u00eache non pel\u00e9e fra\u00eeche": 139.8780487804878, "p\u00eache pel\u00e9e fra\u00eeche": 200.0}}}