{"fruits secs et graines ol\u00e9agineuses": {"ol\u00e9agineux et graines": {"cacahu\u00e8te ou arachide": 17.352941176470587, "pistache r\u00f4tie sal\u00e9e": 32.25, "noix de cajou sal\u00e9e": 33.0, "cacahu\u00e8te grill\u00e9e sal\u00e9e": 26.545454545454547, "noix": 42.48, "graine de s\u00e9same et autres": 10.785714285714286, "noix de coco amande s\u00e8che": 4.5, "graine de tournesol": 10.0, "amande": 25.88888888888889, "noisette": 11.1875}, "fruits secs et ch\u00e2taignes": {"abricot sec": 14.0, "ch\u00e2taigne grill\u00e9e": 84.28571428571429, "datte s\u00e8che": 16.0, "figue s\u00e8che": 78.2, "pruneau sec": 23.833333333333332, "ch\u00e2taigne cuite \u00e0 l'eau": 68.75, "raisin sec": 11.333333333333334, "pur\u00e9e de marrons en conserve": 60.0}, "m\u00e9langes": {"m\u00e9lange pour ap\u00e9ritif de graines sal\u00e9es et raisin sec": 35.0, "fruits secs ou s\u00e9ch\u00e9s et graines ol\u00e9agineuses sans pr\u00e9cision": 46.36363636363637}}}