{"glaces et desserts glac\u00e9s": {"desserts glac\u00e9s": {"barre chocolat\u00e9e glac\u00e9e type mars twix snickers": 56.0, "p\u00eache melba": 175.0, "profiteroles glace vanille et sauce chocolat": 137.5}, "glaces": {"cr\u00e8me glac\u00e9e \u00e0 la vanille type carte d'or vanille": 91.6470588235294, "glace en cornet": 110.20833333333333, "cr\u00e8me glac\u00e9e au chocolat type carte d'or chocolat": 76.42857142857143, "glace cr\u00e8me glac\u00e9e sorbet ou glace \u00e0 l'eau parfums divers": 95.89285714285714, "glace enrob\u00e9e de chocolat type esquimau": 79.16666666666667}, "sorbets": {"sorbet tout type": 53.888888888888886}}}