{"sucres et d\u00e9riv\u00e9s": {"confiserie": {"bonbons g\u00e9lifi\u00e9s": 37.46666666666667, "confiserie drag\u00e9ifi\u00e9e au chocolat type smarties": 29.5, "p\u00e2te de fruits": 15.0, "p\u00e2te d'amande fabrication industrielle": 15.0, "chewing-gum sucr\u00e9": 4.2, "meringue": 22.266666666666666, "bonbons tout type sauf g\u00e9lifi\u00e9s": 22.11764705882353, "chewing-gum sans sucre": 7.083333333333333, "confiserie \u00e0 base de cacahu\u00e8tes drag\u00e9ifi\u00e9es enrob\u00e9es de chocolat type m&ms cacah": 32.833333333333336, "nougat ou touron": 18.0}, "confiture et miel": {"miel": 15.378947368421052, "confiture de cerise": 18.75, "confiture ajout\u00e9e au service": 13.571428571428571, "confiture d'orange": 21.666666666666668, "confiture de fraise": 26.61764705882353, "confiture d'abricot": 34.8, "confiture ou marmelade tout type": 29.698795180722893, "confiture all\u00e9g\u00e9e": 35.483870967741936}, "sucre et assimil\u00e9s": {"sucre roux": 8.72877358490566, "sucre blanc": 7.820874471086037, "sucre blanc ajout\u00e9 au service": 6.886792452830188, "sucre all\u00e9g\u00e9 type tutti free": 6.5625}}}