{"volaille et gibier": {"gibier": {"chevreuil r\u00f4ti": 90.0, "sanglier r\u00f4ti": 120.0, "autre gibier": 80.0, "faisan viande r\u00f4tie": 400.0}, "volailles et lapins": {"poule viande bouillie": 150.0, "blanc de poulet cuit": 77.78225806451613, "poulet cuisse r\u00f4tie viande et peau": 118.84, "dinde viande r\u00f4tie": 96.74285714285715, "lapin en rago\u00fbt": 171.11111111111111, "lapin viande cuite": 152.5, "pigeon viande r\u00f4tie": 200.0, "confit de canard": 124.16666666666667, "brochette de volaille": 107.5, "dinde ou autre volaille escalope saut\u00e9e": 96.00694444444444, "volaille cuite sans pr\u00e9cision": 115.0, "canard viande r\u00f4tie": 142.72222222222223, "canard magret cuit \u00e0 la po\u00eale": 66.58823529411765, "autre volaille cuite": 137.5, "caille cuite viande et peau": 150.0, "poulet r\u00f4ti viande et peau": 144.74166666666667}}}