{"caf\u00e9": {"sans": {"caf\u00e9 soluble d\u00e9caf\u00e9in\u00e9 reconstitu\u00e9 pr\u00eat \u00e0 boire non sucr\u00e9": 250.25, "caf\u00e9 soluble en poudre": 4.125, "caf\u00e9 au lait ou caf\u00e9 cr\u00e8me ou cappuccino non sucr\u00e9": 279.38461538461536, "caf\u00e9 soluble reconstitu\u00e9 pr\u00eat \u00e0 boire non sucr\u00e9": 257.56410256410254, "caf\u00e9 expresso non sucr\u00e9": 103.15789473684211, "caf\u00e9 noir pr\u00eat \u00e0 boire non sucr\u00e9": 214.55307262569832, "caf\u00e9 d\u00e9caf\u00e9in\u00e9 pr\u00eat \u00e0 boire non sucr\u00e9": 198.06338028169014}}}