{"fromages": {"fromages affin\u00e9s": {"fromage et mini fromage type bonbel-babybel": 29.304347826086957, "bleu et mini bleu de bresse fromage \u00e0 p\u00e2te persill\u00e9e 45% m.g.": 33.333333333333336, "comt\u00e9 fromage \u00e0 p\u00e2te press\u00e9e cuite 45% m.g.": 32.340425531914896, "emmental all\u00e9g\u00e9": 12.0, "reblochon fromage \u00e0 p\u00e2te press\u00e9e non cuite 45% m.g.": 35.833333333333336, "brie fromage \u00e0 p\u00e2te molle \u00e0 cro\u00fbte fleurie 45% m.g.": 32.266666666666666, "morbier fromage \u00e0 p\u00e2te press\u00e9e non cuite 45% m.g.": 47.5, "pav\u00e9 d'affinois fromage \u00e0 p\u00e2te molle 45% m.g.": 20.0, "fromage des pyr\u00e9n\u00e9es au lait de vache": 60.0, "saint-paulin fromage \u00e0 p\u00e2te press\u00e9e non cuite 45-50% m.g.": 27.5, "fromage de ch\u00e8vre affin\u00e9 au lait pasteuris\u00e9 ou cru": 31.470588235294116, "coulommiers fromage \u00e0 p\u00e2te molle \u00e0 cro\u00fbte fleurie 40-45% m.g.": 38.125, "vacherin mont d'or fromage \u00e0 p\u00e2te molle \u00e0 cro\u00fbte lav\u00e9e au moins 45% m.g": 60.0, "port salut fromage \u00e0 p\u00e2te press\u00e9e non cuite \u00e0 cro\u00fbte lav\u00e9e 50% m.g.": 20.0, "caprice des dieux fromage \u00e0 p\u00e2te molle 60% m.g.": 51.25, "tomme de montagne ou tomme de savoie": 42.5, "cantal salers ou laguiole fromages \u00e0 p\u00e2te press\u00e9e non cuite 45% m.g.": 80.0, "parmesan fromage \u00e0 p\u00e2te press\u00e9e cuite 45% m.g.": 8.0, "fromage \u00e0 cuire pan\u00e9 au jambon type menu fromage": 45.0, "fromage de ch\u00e8vre mi-sec": 30.714285714285715, "emmental fromage \u00e0 p\u00e2te press\u00e9e cuite 45% m.g.": 28.533333333333335, "carr\u00e9 de l'est fromage \u00e0 p\u00e2te molle \u00e0 cro\u00fbte fleurie 45-50% m.g.": 45.0, "leerdammer fromage \u00e0 p\u00e2te press\u00e9e demi-cuite \u00e0 trous 45% m.g.": 25.833333333333332, "saint-nectaire fromage \u00e0 p\u00e2te press\u00e9e non cuite 45% m.g.": 46.25, "camembert et apparent\u00e9s 50% m.g.": 40.0, "raclette fromage \u00e0 p\u00e2te press\u00e9e non cuite 45% m.g.": 78.57142857142857, "mimolette fromage \u00e0 p\u00e2te press\u00e9e non cuite 45% m.g.": 16.666666666666668, "fromage sans pr\u00e9cision": 43.373831775700936, "gruy\u00e8re fromage \u00e0 p\u00e2te press\u00e9e cuite 45% m.g.": 27.81, "roquefort fromage de brebis \u00e0 p\u00e2te persill\u00e9e 52% m.g.": 44.0, "bleu d'auvergne fromage \u00e0 p\u00e2te persill\u00e9e 50% m.g.": 36.666666666666664, "fromage \u00e0 p\u00e2te molle \u00e0 cro\u00fbte fleurie genre camembert all\u00e9g\u00e9 20-30% m.g.": 25.5, "camembert sans pr\u00e9cision": 41.293103448275865, "beaufort fromage \u00e0 p\u00e2te press\u00e9e cuite 45% m.g.": 30.0, "saint albray fromage \u00e0 p\u00e2te molle 50% m.g.": 30.0, "rouy fromage \u00e0 p\u00e2te molle \u00e0 cro\u00fbte lav\u00e9e 40% m.g.": 22.5, "autre fromage \u00e0 p\u00e2te molle \u00e0 cro\u00fbte lav\u00e9e": 30.0, "fromage \u00e0 p\u00e2te press\u00e9e non cuite 40-50% m.g.": 35.4, "vieux pan\u00e9 fromage \u00e0 p\u00e2te molle 50% m.g.": 31.666666666666668, "crottin fromage de ch\u00e8vre": 23.333333333333332, "autre fromage \u00e0 p\u00e2te press\u00e9e cuite": 25.5, "gorgonzola fromage \u00e0 p\u00e2te molle persill\u00e9e 45% m.g.": 120.0, "maroilles fromage \u00e0 p\u00e2te molle \u00e0 cro\u00fbte lav\u00e9e 45% m.g.": 15.0, "saint-f\u00e9licien fromage \u00e0 p\u00e2te molle 60% m.g.": 30.0, "fromage de ch\u00e8vre p\u00e2te molle": 30.0, "boursault fromage \u00e0 p\u00e2te molle double cr\u00e8me": 60.0, "camembert fromage \u00e0 p\u00e2te molle \u00e0 cro\u00fbte fleurie 45% m.g.": 40.0, "fromage des pyr\u00e9n\u00e9es au lait de brebis": 29.7, "fromage \u00e0 p\u00e2te press\u00e9e non cuite all\u00e9g\u00e9 20-30% m.g.": 10.0, "selles-sur-cher fromage de ch\u00e8vre": 30.0, "hollande fromage \u00e0 p\u00e2te press\u00e9e non cuite 30-40% m.g.": 37.5, "tome ou tomme fromage \u00e0 p\u00e2te press\u00e9e non cuite 45% m.g.": 35.88235294117647, "bleu au lait de vache fromage \u00e0 p\u00e2te persill\u00e9e sans pr\u00e9cision": 30.0, "gouda fromage \u00e0 p\u00e2te press\u00e9e non cuite 30-40% m.g.": 23.333333333333332, "pont l'\u00e9v\u00eaque fromage \u00e0 p\u00e2te molle \u00e0 cro\u00fbte lav\u00e9e 45% m.g.": 26.666666666666668, "munster fromage \u00e0 p\u00e2te molle \u00e0 cro\u00fbte lav\u00e9e 45-50% m.g.": 41.25}, "autres fromages ou fromage sans pr\u00e9cision": {"autre fromage": 26.666666666666668}, "fromages fondus": {"p'tit louis fromage fondu 65% m.g.": 28.8, "saint-moret fromage fondu demi-sel 30% m.g.": 21.666666666666668, "fromage de ch\u00e8vre fondu \u00e0 tartiner nature type cabrette ou chavroux": 43.333333333333336, "vache qui rit fromage fondu 50% m.g.": 20.4, "fromage fondu en portions ou en cubes 45-50% m.g.": 26.75, "ap\u00e9ricube fromage fondu 50% m.g.": 32.857142857142854, "saint-moret all\u00e9g\u00e9 fromage fondu demi-sel 20% m.g.": 25.0, "snack pour enfants \u00e0 base de fromage fondu et gressins type pik et croq ou kiri": 30.714285714285715, "fromage fondu 25% m.g. type sylphide ou vache qui rit \u00e9quilibre et ligne": 16.0, "kiri cr\u00e8me fromage fondu double cr\u00e8me 70% m.g.": 21.38888888888889}, "fromages frais non affin\u00e9s": {"sp\u00e9cialit\u00e9 fromag\u00e8re non affin\u00e9e double cr\u00e8me 70% m.g.": 100.0, "f\u00e9ta de brebis": 28.75, "boursin fromage frais sal\u00e9 aromatis\u00e9 70% m.g.": 20.375, "fromage de ch\u00e8vre frais": 20.0, "carr\u00e9 frais fromage \u00e0 tartiner 40% m.g.": 20.0, "fromage frais \u00e0 tartiner \u00e0 plus de 60% m.g.": 23.5, "mozzarella": 32.5, "fromage frais \u00e0 tartiner 40-60% m.g": 122.33333333333333}}}