{"region_13_partitions_foodgrp_23": {"légumes (hors pommes de terre)": {"champignons": {"champignon tout type cru sans précision": 63.333333333333336, "champignon tout type en conserve": 77.7872340425532, "champignon de paris en conserve": 73.33333333333333, "champignon de paris sauté": 80.76923076923077}, "mélanges de légumes, légumes préparés et autres légumes": {"ratatouille niçoise": 142.43243243243242, "légume en purée hors pomme de terre non salé": 88.57894736842105, "crudités vinaigrette sans précision": 91.25, "céleri rémoulade": 95.71428571428571, "pulpe de tomate en conserve": 18.0, "purée de tomate": 75.0, "petits pois et carottes en conserve": 119.05555555555556, "légumes cuits sans précision": 110.47058823529412, "autre légume frais ou crudité, sans assaisonnement": 19.0, "macédoine de légumes en conserve": 124.26315789473684, "légumes mélangés surgelés": 120.375, "terrine ou mousse de légumes": 90.0}, "choux": {"chou-fleur cuit": 155.06896551724137, "chou vert cuit": 56.666666666666664, "chou blanc cru": 18.75, "chou rouge cru": 65.0, "chou rouge cuit à l'eau": 300.0, "brocoli cuit": 109.6, "chou de bruxelles cuit": 112.55555555555556}, "légumes tiges": {"asperge cuite": 112.5, "cœur de palmier en conserve": 41.25, "artichaut cuit": 370.90909090909093, "céleri branche cuit": 20.0, "poireau cru": 185.0, "poireau cuit": 77.63157894736842, "fenouil cuit à l'eau": 110.0, "asperge en conserve": 87.54545454545455, "fenouil cru": 75.0}, "haricots verts et petits pois (légumes potagers)": {"haricot vert surgelé cuit": 112.66666666666667, "haricot beurre en conserve": 112.57142857142857, "petit pois cuit": 71.07142857142857, "petit pois en conserve": 107.56756756756756, "haricot vert cuit": 90.37333333333333, "haricot vert en conserve égoutté": 111.87234042553192}, "légumes racines, tubercules ou bulbes": {"oignon cuit": 22.26923076923077, "salsifis en conserve": 138.0, "oignon cru": 13.444444444444445, "carotte en conserve": 66.66666666666667, "radis rouge cru": 62.5, "échalote crue": 7.776785714285714, "céleri-rave cuit": 70.0, "betterave rouge cuite": 74.77611940298507, "radis noir cru": 62.5, "navet cuit": 42.0, "céleri-rave cru": 56.25, "carotte cuite": 72.18103448275862, "salsifis cuit": 175.0, "carotte crue": 71.376}, "légumes fruits": {"tomate cerise crue": 38.2, "poivron vert jaune ou rouge cru": 26.25, "potiron cuit": 200.0, "maïs doux en conserve": 62.19444444444444, "aubergine cuite": 110.0, "poivron vert jaune ou rouge cuit": 64.52380952380952, "maïs doux en épis cuit": 50.0, "poivron vert cru": 25.0, "poivron rouge cuit": 112.0, "tomate pelée en conserve": 83.33333333333333, "concombre cru pulpe": 74.91228070175438, "tomate crue": 85.13655462184875, "avocat frais": 123.31481481481481, "courgette cuite": 132.61764705882354}, "légumes feuilles": {"scarole crue": 25.76923076923077, "endive cuite": 142.0, "chicorée frisée crue": 28.46153846153846, "mâche crue": 30.714285714285715, "autre salade sans assaisonnement": 38.63636363636363, "laitue crue": 34.56896551724138, "épinard cuit": 100.0, "salade verte sans assaisonnement sans précision": 32.407407407407405, "bette ou blette cuite": 175.0, "pissenlit cru": 10.0, "endive crue": 34.32835820895522}}}}