{"p\u00e2tisseries et g\u00e2teaux": {"p\u00e2tisseries et tartes": {"tarte ou tartelette aux pommes": 173.0612244897959, "p\u00e2tisserie sans pr\u00e9cision": 80.41666666666667, "crumble aux pommes": 127.85714285714286, "chou \u00e0 la cr\u00e8me chantilly ou p\u00e2tissi\u00e8re": 70.33333333333333, "tarte ou tartelette aux fruits": 134.7826086956522, "chouquette artisanale": 100.0, "autre p\u00e2tisserie": 163.33333333333334, "\u00e9clair": 91.875}, "g\u00e2teaux": {"g\u00e2teau moelleux fourr\u00e9 au chocolat ou aux p\u00e9pites de chocolat noir ou au lait": 41.333333333333336, "pain d'\u00e9pices": 44.166666666666664, "autre g\u00e2teau": 123.75, "g\u00e2teau au chocolat": 83.87755102040816, "g\u00e2teau moelleux fourr\u00e9 au chocolat multicouches type napolitain lu ou kinder d\u00e9l": 52.42857142857143, "g\u00e2teau \u00e0 la cr\u00e8me": 106.0, "galette des rois feuillet\u00e9e fourr\u00e9e \u00e0 la frangipane": 161.54761904761904, "charlotte aux fruits artisanale": 101.25, "cake aux fruits": 47.65, "g\u00e2teau au fromage blanc": 107.5, "quatre-quarts fabrication industrielle": 69.44444444444444, "g\u00e2teau breton ou far aux pruneau": 252.22222222222223, "g\u00e2teau de savoie": 66.66666666666667, "madeleine": 46.625, "g\u00e2teau moelleux g\u00e9noise fourr\u00e9e \u00e0 l'orange type chamonix": 75.0, "g\u00e2teau sans pr\u00e9cision": 102.5, "g\u00e2teau mousse aux fruits sur g\u00e9noise type miroir aux fruits rouges de picard": 114.5, "brownie au chocolat": 86.66666666666667, "g\u00e2teau moelleux fourr\u00e9 aux fruits type mini roul\u00e9 fraise captain choc": 28.0}, "beignets, cr\u00eapes et gaufres": {"cr\u00eape au froment fourr\u00e9e au chocolat ou ou \u00e0 la p\u00e2te \u00e0 tartiner chocolat et nois": 85.46153846153847, "gaufre bruxelloise ou li\u00e9geoise avec ou sans chocolat pr\u00e9emball\u00e9e": 93.33333333333333, "blinis": 58.0, "cr\u00eape au froment sucr\u00e9e non fourr\u00e9e": 98.05555555555556, "beignet fourr\u00e9 aux fruits": 44.0, "cr\u00eape au froment nature": 115.71428571428571, "beignet fourr\u00e9 \u00e0 la confiture": 43.0, "cr\u00eape ou galette bretonne au bl\u00e9 noir ou sarrasin": 100.45238095238095, "cr\u00eape au froment fourr\u00e9e \u00e0 la confiture": 104.8}}}