{"pommes de terre et apparent\u00e9s": {"sans": {"pur\u00e9e de pomme de terre avec lait et beurre non sal\u00e9e": 193.45454545454547, "pomme de terre rissol\u00e9e surgel\u00e9e": 139.25531914893617, "pur\u00e9e de pomme de terre \u00e0 base de flocons reconstitu\u00e9e au lait demi-\u00e9cr\u00e9m\u00e9": 178.84615384615384, "pomme de terre dauphine cuite": 118.33333333333333, "gnocchis de pommes de terre": 150.0, "pomme de terre frite surgel\u00e9e cuite": 75.0, "pomme de terre cuite \u00e0 la vapeur": 183.16666666666666, "pomme noisette pr\u00e9cuite surgel\u00e9e": 100.0, "pomme de terre cuite au four": 170.58823529411765, "pomme de terre frite non sal\u00e9e": 85.1010101010101, "pomme de terre cuite \u00e0 l'eau": 195.64814814814815}}}