{"region_13_partitions_foodgrp_20": {"charcuterie": {"pâtés, terrines, rillettes et foie gras": {"foie gras en conserve": 44.92857142857143, "pâté de tête ou fromage de tête": 68.83333333333333, "pâté de campagne": 42.90769230769231, "galantine": 38.25, "mousse de foie": 35.94444444444444, "pâté de foie de porc": 45.1, "rillettes pur porc": 51.625, "pâté de lapin": 50.0, "rillettes": 38.583333333333336, "terrine de canard": 31.5}, "autre charcuterie ou charcuterie  sans précision": {"charcuterie sans précision": 85.71428571428571, "autre charcuterie": 60.142857142857146}, "saucisses, saucissons, andouilles et boudins": {"saucisse de morteau cuite": 121.875, "andouille réchauffée": 26.0, "chorizo sec": 39.833333333333336, "saucisse sèche": 22.125, "saucisson sec pur porc": 7.5, "merguez de bœuf et de mouton cuite": 78.26086956521739, "saucisse de francfort": 58.333333333333336, "boudin noir cuit": 140.9090909090909, "saucisse alsacienne fumée ou gendarme": 125.0, "saucisse cocktail": 41.666666666666664, "rosette ou fuseau": 24.181818181818183, "saucisson sec": 37.27777777777778, "chair à saucisse": 28.75, "salami": 18.333333333333332, "chipolata cuite": 80.625, "andouillette réchauffée": 26.0, "boudin blanc cuit": 114.28571428571429, "saucisson à l'ail": 35.625, "saucisse de toulouse cuite": 99.66666666666667, "cervelas": 30.642857142857142, "saucisse de montbéliard": 75.0, "saucisse sans précision": 102.86363636363636, "saucisse de strasbourg": 65.58620689655173}, "jambons et charcuteries en pièces": {"jambon cuit supérieur dd (découenné dégraissé)": 50.0, "jambon cuit": 55.661764705882355, "poitrine de porc fumée": 72.85714285714286, "lardon nature cuit": 33.228070175438596, "jambon cuit supérieur": 50.0, "jambon cru fumé": 30.0, "jambon cuit dd (découenné dégraissé)": 67.5, "jambon sec dd (découenné dégraissé)": 53.07692307692308, "jambon cru": 44.375, "jambonneau cuit": 50.0, "bacon filet cuit": 34.142857142857146}}}}