{"beurre": {"sans": {"beurre doux léger 39-41% m.g.": 18.59090909090909, "beurre salé sel > 3%": 7.777777777777778, "beurre léger 39-41% m.g. demi-sel": 97.5, "matière grasse laitière légère 25% m.g. à tartiner type bridelight": 12.621621621621621, "beurre doux": 13.028289473684211, "beurre allégé 60-62 % m.g. demi-sel": 21.875, "beurre salé non allégé ajouté à la cuisson": 9.398034398034397, "beurre allégé ajouté au service": 8.5, "beurre allégé ajouté à la cuisson": 9.363636363636363, "beurre salé non allégé ajoutée au service": 9.25968992248062, "beurre demi-sel sel maxi 3%": 13.475770925110131, "beurre doux non allégé ajouté à la cuisson": 9.076923076923077, "beurre allégé sans précision": 11.738095238095237, "beurre doux non allégé ajoutée au service": 8.5}}}