{"fruits": {"sans": {"litchi sans précision": 30.0, "mûre de ronce fraîche": 100.0, "fruit sans précision": 150.0, "ananas frais": 76.66666666666667, "litchi frais": 20.384615384615383, "cerise fraîche": 191.66666666666666, "framboise fraîche": 93.75, "pamplemousse frais": 126.89285714285714, "raisin noir frais": 183.125, "salade de fruits frais": 175.3846153846154, "fruit de la passion frais": 70.0, "autre fruit": 70.0, "pastèque fraîche": 250.0, "abricot frais": 95.84615384615384, "coing frais": 150.0, "banane fraîche": 157.6243093922652, "kiwi frais": 107.08080808080808, "figue fraîche": 15.0, "mangue fraîche": 127.5, "raisin blanc frais": 153.61904761904762, "fraise fraîche": 133.97435897435898, "nectarine non pelée fraîche": 147.91666666666666, "melon frais": 248.22784810126583, "orange fraîche": 175.33653846153845, "lime dit citron vert pulpe": 18.0, "kaki frais": 133.33333333333334, "poire non pelée fraîche": 178.72826086956522, "mûre noire de mûrier fraîche": 10.0, "citron frais": 25.666666666666668, "prune reine-claude fraîche": 96.875, "clémentine ou mandarine fraîche": 94.97340425531915, "myrtille fraîche": 150.0, "pomme non pelée fraîche": 188.13769751693002, "pêche non pelée fraîche": 139.8780487804878, "pêche pelée fraîche": 200.0}}}