{"boissons alcoolisées": {"cidre": {"cidre brut": 350.7142857142857, "cidre": 200.3125, "cidre traditionnel": 285.0, "cidre doux": 227.85714285714286}, "spiritueux et vins cuits": {"eau-de-vie": 80.0, "porto": 42.61538461538461, "vodka": 77.5, "rhum": 61.0, "apéritif à base de vin ou vermouth type martini": 72.22222222222223, "apéritif à la gentiane": 50.0, "vin doux naturel ou vin muté autre que porto type muscat banyuls ou maury": 52.30769230769231, "gin": 20.0, "liqueurs": 56.07142857142857, "whisky": 58.57142857142857}, "vin": {"vin sans précision": 190.0, "vin rouge 11°": 136.8421052631579, "vin blanc 11°": 168.42372881355934, "vin rouge 12°": 204.3939393939394, "vin rouge 10°": 189.60264900662253, "vin blanc mousseux": 259.09090909090907, "champagne": 162.5, "vin rosé 11°": 209.31034482758622, "vin rouge 13° et plus": 200.0}, "cocktails et mélanges": {"cocktail alcoolisé": 243.75, "sangria": 750.0, "panaché": 300.0, "pastis prêt à boire (1+5)": 187.75, "kir": 132.1590909090909, "kir royal": 100.0}, "bière": {"bière cœur de marché à 4-5° d'alcool type kronenbourg ou 33 export": 449.44444444444446, "bière spéciale à 5-6° d'alcool type 1664 pelforth ambrée ou fischer heineken": 278.0, "bière brune": 250.0, "bière de spécialités ou d'abbaye régionales ou de brasserie degré d'alcool varia": 500.0}}}