{"poissons": {"produits d\u00e9riv\u00e9s des poissons": {"tarama industriel": 27.5, "croquette ou nugget de poisson frit": 137.5, "poisson pan\u00e9 frit": 95.57142857142857, "foie de morue en conserve": 115.0, "oeufs de lump ou lompe semi-conserve": 30.0, "rillettes de thon": 50.0, "terrine de poisson": 69.0, "surimi en b\u00e2tonnets": 55.853658536585364}, "autres poissons ou poissons sans pr\u00e9cision": {"poisson sans pr\u00e9cision": 134.23076923076923, "autre poisson": 125.41666666666667, "brochette de poisson": 90.0}, "poissons de mer": {"morue sal\u00e9e poch\u00e9e": 138.0, "merlu cuit \u00e0 l'\u00e9touff\u00e9e": 125.0, "\u00e9glefin cuit \u00e0 la vapeur": 178.0, "maquereau filet \u00e0 la sauce moutarde en conserve": 45.0, "raie au court-bouillon": 130.71428571428572, "roussette ou saumonette brais\u00e9e": 140.0, "maquereau fum\u00e9": 47.5, "dorade ou daurade grise crue": 147.5, "thon cuit au four": 195.55555555555554, "saumon cuit \u00e0 la vapeur": 156.09375, "julienne ou lingue crue": 130.0, "maquereau frit": 129.28571428571428, "thon \u00e0 l'huile en conserve \u00e9goutt\u00e9": 63.371428571428574, "cabillaud cuit \u00e0 la vapeur": 130.0, "saumon fum\u00e9 cru": 29.545454545454547, "sole cuite \u00e0 la vapeur": 50.0, "rouget cuit \u00e0 l'\u00e9touff\u00e9e": 110.0, "truite arc-en-ciel d'\u00e9levage cuite \u00e0 la vapeur": 180.0, "saumon cru d'\u00e9levage": 40.0, "anchois cru": 40.0, "perche cuite au four": 150.0, "merlan cuit \u00e0 la vapeur": 168.0, "truite arc-en-ciel d'\u00e9levage cuite au four": 190.0, "sardine \u00e0 l'huile en conserve \u00e9goutt\u00e9e": 41.375, "sardine grill\u00e9e": 56.666666666666664, "lieu ou colin noir cuit": 126.92307692307692, "thon au naturel en conserve \u00e9goutt\u00e9": 53.41818181818182, "cabillaud cuit au four": 135.58823529411765, "truite fum\u00e9e": 20.0, "sole cuite au four": 178.75, "lotte ou baudroie grill\u00e9e": 160.0, "maquereau cuit au four": 50.0, "hareng fum\u00e9": 39.375, "fl\u00e9tan cru": 125.0, "sardine \u00e0 la sauce tomate en conserve": 50.0, "maquereau filet au vin blanc en conserve": 78.5, "merlan frit": 150.0}}}