{"eaux": {"eau min\u00e9rale plate": {"vittel eau plate": 258.5, "wattwiller eau plate": 240.0, "saint amand vauban eau plate": 240.0, "aix les bains eau plate": 300.0, "luchon eau plate": 120.0, "\u00e9vian eau plate": 290.50847457627117, "h\u00e9par eau plate": 367.43589743589746, "eau min\u00e9rale plate sans pr\u00e9cision": 487.5, "planco\u00ebt eau plate": 318.57142857142856, "valvert eau plate": 260.5, "contrex eau plate": 261.0204081632653, "thonon eau plate": 351.5, "volvic eau plate": 333.9139784946237, "chambon eau plate": 241.66666666666666, "courmayeur eau plate": 355.7647058823529}, "eau du robinet": {"eau du robinet": 281.4821648216482}, "eau min\u00e9rale gazeuse": {"rozana eau gazeuse": 276.0, "san pellegrino eau gazeuse": 250.0, "qu\u00e9zac eau gazeuse": 326.3636363636364, "salvetat eau gazeuse": 375.375, "saint yorre eau gazeuse": 266.6666666666667, "perrier eau gazeuse": 204.28571428571428, "eau gazeuse sans pr\u00e9cision": 491.6666666666667, "badoit eau gazeuse": 269.85074626865674, "arcens eau gazeuse": 200.0, "ogeu eau gazeuse": 500.0, "ch\u00e2teauneuf eau gazeuse": 361.53846153846155, "la verni\u00e8re eau gazeuse": 200.0}, "eau de source": {"eau de source": 315.6519607843137}, "autre eau": {"eau min\u00e9rale sans pr\u00e9cision": 352.67175572519085, "autre eau min\u00e9rale": 413.3333333333333, "eau min\u00e9rale ou non faiblement min\u00e9ralis\u00e9e": 270.5045871559633}}}