{"entremets, cr\u00e8mes desserts et laits g\u00e9lifi\u00e9s": {"entremets": {"g\u00e2teau de riz napp\u00e9 de caramel rayon frais": 185.0, "mousse au chocolat industrielle rayon frais": 91.97916666666667, "riz au lait rayon frais": 135.71428571428572, "mousse aux fruits": 200.0, "g\u00e2teau de semoule en conserve type yabon ou mont-blanc": 125.0, "\u00eele flottante ou \u0153ufs \u00e0 la neige": 97.85714285714286, "cr\u00e8me anglaise": 58.333333333333336, "cr\u00e8me caramel type charles gervais": 120.0, "tiramisu": 150.0, "cr\u00e8me p\u00e2tissi\u00e8re": 54.0, "cr\u00e8me br\u00fbl\u00e9e": 150.625, "cr\u00e8me dessert aux \u0153ufs ou cr\u00e8me renvers\u00e9e type senoble cr\u00e8me aux \u0153ufs saveur van": 93.07692307692308, "clafoutis aux fruits": 240.0, "flan p\u00e2tissier aux \u0153ufs ou \u00e0 la parisienne": 232.35294117647058, "g\u00e2teau de semoule au lait rayon frais": 117.85714285714286}, "cr\u00e8me dessert et lait g\u00e9lifi\u00e9": {"cr\u00e8me dessert rayon frais type danette": 120.55555555555556, "dessert au lait g\u00e9lifi\u00e9 aromatis\u00e9 napp\u00e9 de caramel type flanby": 130.52631578947367, "dessert au lait g\u00e9lifi\u00e9 aromatis\u00e9 au chocolat type dany": 72.5, "cr\u00e8me dessert rayon frais ou appertis\u00e9e sans pr\u00e9cision": 118.52941176470588, "chocolat viennois ou li\u00e9geois": 113.88888888888889, "cr\u00e8me de marrons vanill\u00e9e en conserve": 50.0, "cr\u00e8me dessert \u00e0 la vanille enrichie en cr\u00e8me rayon frais type la laiti\u00e8re de nes": 94.16666666666667, "cr\u00e8me dessert all\u00e9g\u00e9e en mati\u00e8re grasse rayon frais type taillefine chocolat ou": 100.25, "cr\u00e8me dessert au soja nature rayon frais type sojasun nature": 100.0, "cr\u00e8me dessert au soja aromatis\u00e9e rayon frais type sojasun chocolat": 100.0, "cr\u00e8me dessert au soja aux fruits rayon frais type sojad\u00e9lice aux pruneaux": 101.78571428571429, "cr\u00e8me dessert au chocolat industrielle type danette ou petits filous": 120.6896551724138}}}