;reg_code;reg_name;entries_num;indiv_num;mean_duree
0;1;Région Parisienne;23;23;43.25
1;2;Champagne;8;8;28.5714285714
2;3;Picardie;1;1;30.0
3;4;Haute-Normandie;6;6;42.5
4;5;Centre;14;14;27.6923076923
5;6;Basse-Normandie;13;13;35.6153846154
6;7;Bourgogne;0;0;
7;8;Nord;6;6;37.5
8;9;Lorraine;8;8;36.25
9;10;Alsace;4;4;31.6666666667
10;11;Franche Comté;11;11;40.0
11;12;Pays de la Loire;6;6;29.1666666667
12;13;Bretagne;9;9;30.5555555556
13;14;Poitou Charentes;5;5;55.0
14;15;Aquitaine;10;10;32.7777777778
15;16;Midi-Pyrénées;3;3;30.0
16;17;limousin;6;6;34.1666666667
17;18;Rhône-Alpes;9;9;43.8888888889
18;19;Auvergne;4;4;40.0
19;20;Languedoc;20;20;32.0
20;21;Provence Côte d'Azur;11;11;35.0
