;reg_code;reg_name;entries_num;indiv_num;mean
0;1;Région Parisienne;48;8;24.7826086957
1;2;Champagne;12;2;16.6666666667
2;3;Picardie;24;4;38.1818181818
3;4;Haute-Normandie;30;5;31.25
4;5;Centre;24;4;36.8181818182
5;6;Basse-Normandie;12;2;30.8333333333
6;7;Bourgogne;0;0;
7;8;Nord;36;6;23.625
8;9;Lorraine;42;7;45.0
9;10;Alsace;0;0;
10;11;Franche Comté;36;6;31.5625
11;12;Pays de la Loire;18;3;25.0
12;13;Bretagne;18;3;35.0
13;14;Poitou Charentes;48;8;32.8571428571
14;15;Aquitaine;30;5;27.3333333333
15;16;Midi-Pyrénées;18;3;26.25
16;17;limousin;6;1;35.0
17;18;Rhône-Alpes;78;13;27.1282051282
18;19;Auvergne;24;4;27.5
19;20;Languedoc;42;7;28.0952380952
20;21;Provence Côte d'Azur;30;5;24.6
