{"condiments et sauces": {"condiments d'assaisonnement": {"ail frais": 4.263888888888889, "vinaigre": 8.65576923076923, "cube pour bouillon de b\u0153uf": 3.8333333333333335, "concentr\u00e9 de tomate": 26.25}, "condiments d'accompagnement": {"c\u00e2pres": 7.0, "olive verte en saumure": 11.8, "olive noire en saumure": 11.5, "moutarde": 7.26, "cornichon au vinaigre": 25.5, "ketchup": 29.6875}, "herbes aromatiques": {"herbes aromatiques fra\u00eeches": 1.8555555555555554, "basilic frais": 2.2, "ciboule ou ciboulette fra\u00eeche": 8.5, "persil frais": 8.011363636363637, "thym sec": 3.1999999999999997}, "sauces": {"mayonnaise \u00e0 l'huile de tournesol": 8.333333333333334, "sauce au yaourt": 43.333333333333336, "vinaigrette ajout\u00e9e au service": 20.0, "sauce tomate sans viande": 34.11764705882353, "sauce sans pr\u00e9cision": 100.0, "sauce pesto": 20.0, "vinaigrette sans pr\u00e9cision": 23.1056338028169, "sauce \u00e0 la cr\u00e8me": 25.0, "sauce au vin rouge": 26.466666666666665, "sauce barbecue": 10.0, "mayonnaise ajout\u00e9e au service": 15.0, "sauce aux champignons": 29.166666666666668, "vinaigrette all\u00e9g\u00e9e ajout\u00e9e au service": 20.0, "sauce aigre-douce": 15.0, "mayonnaise": 9.338235294117647, "sauce au beurre": 45.0, "mayonnaise all\u00e9g\u00e9e": 17.5, "vinaigrette all\u00e9g\u00e9e": 30.833333333333332, "sauce mornay": 15.0, "sauce tomate \u00e0 la viande ou bolognaise type panzani ou buitoni": 43.125, "sauce moutarde": 30.0, "autre sauce": 17.0, "vinaigrette \u00e0 l'huile d'olive": 19.789473684210527, "sauce b\u00e9chamel en brique": 27.75}, "sel et \u00e9pices": {"curry en poudre": 2.3333333333333335, "sel de mer": 1.6666666666666667, "sel fin ou gros": 2.2777777777777777, "poivre noir moulu": 1.0740740740740742, "\u00e9pices sans pr\u00e9cision": 2.0833333333333335}}}