{"pommes de terre et apparent\u00e9s": {"sans": {"pur\u00e9e de pomme de terre avec lait et beurre non sal\u00e9e": 163.90625, "pomme de terre rissol\u00e9e surgel\u00e9e": 157.72727272727272, "pur\u00e9e de pomme de terre \u00e0 base de flocons reconstitu\u00e9e au lait demi-\u00e9cr\u00e9m\u00e9": 167.61904761904762, "pomme de terre dauphine cuite": 103.57142857142857, "gnocchis de pommes de terre": 287.5, "pomme de terre frite surgel\u00e9e cuite": 72.72727272727273, "pomme de terre cuite \u00e0 la vapeur": 214.66666666666666, "pomme noisette pr\u00e9cuite surgel\u00e9e": 100.0, "pomme de terre cuite au four": 187.5, "pomme de terre frite non sal\u00e9e": 88.671875, "pomme de terre cuite \u00e0 l'eau": 171.03174603174602}}}