{"margarine": {"sans": {"margarine \u00e0 l'huile d'olive  60% m.g. ajout\u00e9ee \u00e0 la cuisson": 8.333333333333334, "margarine ordinaire  60% m.g. ajout\u00e9e \u00e0 la cuisson": 10.0, "mati\u00e8re grasse all\u00e9g\u00e9e 55-60% m.g. riche en om\u00e9ga 3 et 6": 10.435897435897436, "margarine au tournesol 60% m.g. ajout\u00e9e au service": 7.0, "margarine de cuisine 80% m.g.": 32.0, "mati\u00e8re grasse all\u00e9g\u00e9e 60% m.g.": 14.45945945945946, "margarine all\u00e9g\u00e9e 40% m.g. ajout\u00e9e au service": 8.23076923076923, "margarine proactiv de fruit d'or ajout\u00e9e \u00e0 la cuisson": 8.88888888888889, "margarine type primev\u00e8re 60% m.g. ajout\u00e9e \u00e0 la cuisson": 10.0, "mati\u00e8re grasse l\u00e9g\u00e8re 35% m.g. enrichie en st\u00e9rols/stanols type proactive tartin": 10.0, "margarine all\u00e9g\u00e9e  40% m.g. ajout\u00e9e \u00e0 la cuisson": 9.125, "margarine type primev\u00e8re 60% m.g. ajout\u00e9e au service": 12.0, "mati\u00e8re grasse l\u00e9g\u00e8re 38-41% m.g. \u00e0 tartiner": 8.346153846153847, "margarine au tournesol en barquette 80% m.g. type fruit d'or": 16.166666666666668, "margarine au tournesol  60% m.g. ajout\u00e9e \u00e0 la cuisson": 7.777777777777778, "margarine au tournesol  70% ou 80% m.g. ajout\u00e9e \u00e0 la cuisson": 9.473684210526315, "margarine proactiv de fruit d'or ajout\u00e9e au service": 9.666666666666666, "margarine ordinaire  70% ou 80% m.g. ajout\u00e9e \u00e0 la cuisson": 10.0}}}