{"eaux": {"eau min\u00e9rale plate": {"vittel eau plate": 220.0, "luchon eau plate": 336.0, "or\u00e9e du bois eau plate": 375.0, "\u00e9vian eau plate": 404.93975903614455, "h\u00e9par eau plate": 215.78947368421052, "eau min\u00e9rale plate sans pr\u00e9cision": 195.0, "valvert eau plate": 175.0, "contrex eau plate": 256.3917525773196, "thonon eau plate": 355.0, "volvic eau plate": 230.76923076923077, "chambon eau plate": 278.75}, "eau du robinet": {"eau du robinet": 273.90694597574424}, "eau min\u00e9rale gazeuse": {"rozana eau gazeuse": 225.0, "san pellegrino eau gazeuse": 275.0, "eau gazeuse sans pr\u00e9cision": 135.0, "salvetat eau gazeuse": 775.0, "saint yorre eau gazeuse": 216.66666666666666, "perrier eau gazeuse": 242.5, "qu\u00e9zac eau gazeuse": 240.0, "badoit eau gazeuse": 237.5, "arcens eau gazeuse": 229.6, "la verni\u00e8re eau gazeuse": 132.0, "vichy c\u00e9lestins eau gazeuse": 150.0, "vals vivaraise eau gazeuse": 560.0, "sainte marguerite eau gazeuse": 150.0, "parot eau gazeuse": 162.5}, "eau de source": {"eau de source": 302.85046728971963}, "autre eau": {"eau min\u00e9rale sans pr\u00e9cision": 178.91304347826087, "autre eau min\u00e9rale": 328.57142857142856, "eau min\u00e9rale ou non faiblement min\u00e9ralis\u00e9e": 160.75}}}