{"fromages": {"fromages affin\u00e9s": {"fromage triple cr\u00e8me plus de 75% m.g. type brillat savarin": 30.0, "fromage et mini fromage type bonbel-babybel": 49.23076923076923, "bleu et mini bleu de bresse fromage \u00e0 p\u00e2te persill\u00e9e 45% m.g.": 28.88888888888889, "comt\u00e9 fromage \u00e0 p\u00e2te press\u00e9e cuite 45% m.g.": 42.0, "emmental all\u00e9g\u00e9": 33.75, "reblochon fromage \u00e0 p\u00e2te press\u00e9e non cuite 45% m.g.": 33.5, "brie fromage \u00e0 p\u00e2te molle \u00e0 cro\u00fbte fleurie 45% m.g.": 38.214285714285715, "fourme d'ambert fromage \u00e0 p\u00e2te persill\u00e9e 50% m.g.": 58.0, "fromage de ch\u00e8vre affin\u00e9 au lait pasteuris\u00e9 ou cru": 28.88888888888889, "coulommiers fromage \u00e0 p\u00e2te molle \u00e0 cro\u00fbte fleurie 40-45% m.g.": 36.0, "vacherin mont d'or fromage \u00e0 p\u00e2te molle \u00e0 cro\u00fbte lav\u00e9e au moins 45% m.g": 60.0, "caprice des dieux fromage \u00e0 p\u00e2te molle 60% m.g.": 52.5, "fromage \u00e0 cuire pan\u00e9 nature type crousti'cho de pr\u00e9sident": 30.0, "cantal salers ou laguiole fromages \u00e0 p\u00e2te press\u00e9e non cuite 45% m.g.": 47.77777777777778, "parmesan fromage \u00e0 p\u00e2te press\u00e9e cuite 45% m.g.": 10.333333333333334, "fromage \u00e0 cuire pan\u00e9 au jambon type menu fromage": 100.0, "fromage de ch\u00e8vre mi-sec": 38.44444444444444, "emmental fromage \u00e0 p\u00e2te press\u00e9e cuite 45% m.g.": 27.733333333333334, "tome ou tomme fromage \u00e0 p\u00e2te press\u00e9e non cuite 45% m.g.": 50.96774193548387, "leerdammer fromage \u00e0 p\u00e2te press\u00e9e demi-cuite \u00e0 trous 45% m.g.": 40.0, "saint-nectaire fromage \u00e0 p\u00e2te press\u00e9e non cuite 45% m.g.": 45.0, "camembert et apparent\u00e9s 50% m.g.": 75.0, "raclette fromage \u00e0 p\u00e2te press\u00e9e non cuite 45% m.g.": 126.66666666666667, "pav\u00e9 d'affinois fromage \u00e0 p\u00e2te molle 45% m.g.": 34.0, "fromage sans pr\u00e9cision": 54.596774193548384, "gruy\u00e8re fromage \u00e0 p\u00e2te press\u00e9e cuite 45% m.g.": 30.098039215686274, "roquefort fromage de brebis \u00e0 p\u00e2te persill\u00e9e 52% m.g.": 45.0, "bleu d'auvergne fromage \u00e0 p\u00e2te persill\u00e9e 50% m.g.": 52.142857142857146, "fromage \u00e0 p\u00e2te molle \u00e0 cro\u00fbte fleurie genre camembert all\u00e9g\u00e9 20-30% m.g.": 48.333333333333336, "camembert sans pr\u00e9cision": 37.58064516129032, "beaufort fromage \u00e0 p\u00e2te press\u00e9e cuite 45% m.g.": 30.0, "rouy fromage \u00e0 p\u00e2te molle \u00e0 cro\u00fbte lav\u00e9e 40% m.g.": 50.0, "autre fromage \u00e0 p\u00e2te molle \u00e0 cro\u00fbte lav\u00e9e": 80.0, "fromage \u00e0 p\u00e2te press\u00e9e non cuite 40-50% m.g.": 50.0, "fromage de ch\u00e8vre sec": 40.0, "autre fromage \u00e0 p\u00e2te press\u00e9e cuite": 20.4, "tomme de montagne ou tomme de savoie": 40.0, "saint-f\u00e9licien fromage \u00e0 p\u00e2te molle 60% m.g.": 29.0, "fromage de ch\u00e8vre p\u00e2te molle": 28.0, "chamois d'or fromage \u00e0 p\u00e2te molle 60% m.g.": 60.0, "camembert fromage \u00e0 p\u00e2te molle \u00e0 cro\u00fbte fleurie 45% m.g.": 46.36363636363637, "fromage des pyr\u00e9n\u00e9es au lait de brebis": 34.166666666666664, "fromage \u00e0 p\u00e2te press\u00e9e non cuite all\u00e9g\u00e9 20-30% m.g.": 69.0909090909091, "bleu au lait de vache fromage \u00e0 p\u00e2te persill\u00e9e sans pr\u00e9cision": 37.142857142857146, "munster fromage \u00e0 p\u00e2te molle \u00e0 cro\u00fbte lav\u00e9e 45-50% m.g.": 30.0, "saint-marcellin fromage \u00e0 p\u00e2te molle \u00e0 cro\u00fbte naturelle 40-50% m.g.": 20.0}, "autres fromages ou fromage sans pr\u00e9cision": {"autre fromage": 40.90909090909091}, "fromages fondus": {"saint-moret fromage fondu demi-sel 30% m.g.": 43.333333333333336, "fromage de ch\u00e8vre fondu \u00e0 tartiner nature type cabrette ou chavroux": 40.0, "vache qui rit fromage fondu 50% m.g.": 30.571428571428573, "fromage fondu en portions ou en cubes 45-50% m.g.": 25.0, "ap\u00e9ricube fromage fondu 50% m.g.": 30.0, "fromage fondu 25% m.g. type sylphide ou vache qui rit \u00e9quilibre et ligne": 16.0, "kiri cr\u00e8me fromage fondu double cr\u00e8me 70% m.g.": 21.666666666666668}, "fromages frais non affin\u00e9s": {"sp\u00e9cialit\u00e9 fromag\u00e8re non affin\u00e9e double cr\u00e8me 70% m.g.": 60.0, "f\u00e9ta de brebis": 40.0, "boursin fromage frais sal\u00e9 aromatis\u00e9 70% m.g.": 27.5, "fromage de ch\u00e8vre frais": 61.666666666666664, "tartare fromage frais aromatis\u00e9 sal\u00e9 70% m.g.": 34.417500000000004, "fromage frais \u00e0 tartiner \u00e0 plus de 60% m.g.": 57.857142857142854, "mozzarella": 60.0, "fromage frais \u00e0 tartiner 40-60% m.g": 142.5}}}