{"huile": {"sans": {"huile d'arachide ajout\u00e9e au service": 12.0, "autre huile v\u00e9g\u00e9tale": 10.0, "huile m\u00e9lang\u00e9e (type isio 4) ajout\u00e9e au service": 10.0, "huile primev\u00e8re om\u00e9ga 3 ajout\u00e9e au service": 10.0, "huile de colza ajout\u00e9e \u00e0 la cuisson": 12.0, "huile d'olive vierge": 11.989772727272726, "huile de noix": 16.666666666666668, "huile d'olive ajout\u00e9e au service": 9.648148148148149, "huile de colza ajout\u00e9e au service": 10.0, "huile primev\u00e8re om\u00e9ga 3 ajout\u00e9e \u00e0 la cuisson": 12.0, "huile d'olive ajout\u00e9e \u00e0 la cuisson": 11.090909090909092, "huile de carthame ajout\u00e9e au service": 10.0, "huile d'arachide ajout\u00e9e \u00e0 la cuisson": 10.0, "huile de p\u00e9pin de raisins ajout\u00e9e \u00e0 la cuisson": 12.0, "huile m\u00e9lang\u00e9e (type isio 4) ajout\u00e9e \u00e0 la cuisson": 10.457142857142857, "huile de colza": 7.038461538461538, "huile v\u00e9g\u00e9tale sans pr\u00e9cision": 13.264705882352942, "huile m\u00e9lang\u00e9e \u00e9quilibr\u00e9e type isio 4": 17.863636363636363, "huile de tournesol ajout\u00e9e \u00e0 la cuisson": 10.88888888888889, "huile d'arachide": 6.5, "huile de ma\u00efs": 20.0, "huile de tournesol": 18.153846153846153}}}