{"légumes (hors pommes de terre)": {"champignons": {"champignon tout type en conserve": 88.21052631578948, "champignon de paris en conserve": 50.0, "champignon de paris sauté": 100.0}, "mélanges de légumes, légumes préparés et autres légumes": {"ratatouille niçoise": 170.8695652173913, "légume en purée hors pomme de terre non salé": 150.0, "crudités vinaigrette sans précision": 75.0, "céleri rémoulade": 50.0, "pulpe de tomate en conserve": 6.0, "petits pois et carottes en conserve": 137.9, "champignons à la grecque": 50.0, "légumes cuits sans précision": 179.85714285714286, "macédoine de légumes en conserve": 141.4, "légumes mélangés surgelés": 147.3, "terrine ou mousse de légumes": 150.0}, "choux": {"chou-fleur cuit": 184.0, "brocoli cuit": 169.91666666666666, "chou blanc cru": 125.0, "chou-fleur cru": 100.0, "chou vert cuit": 113.88888888888889, "chou de bruxelles cuit": 125.0}, "légumes tiges": {"asperge cuite": 120.2, "cœur de palmier en conserve": 30.0, "artichaut cuit": 327.85714285714283, "germe ou pousse de soja en conserve": 91.66666666666667, "poireau cuit": 103.57142857142857, "fenouil cuit à l'eau": 143.0, "asperge en conserve": 98.125}, "haricots verts et petits pois (légumes potagers)": {"haricot vert surgelé cuit": 102.77777777777777, "haricot vert cuit": 108.81428571428572, "petit pois cuit": 169.44444444444446, "haricot vert en conserve égoutté": 117.88636363636364, "petit pois en conserve": 110.91304347826087}, "légumes racines, tubercules ou bulbes": {"oignon cuit": 21.238095238095237, "carotte en conserve": 75.0, "radis rouge cru": 78.94736842105263, "échalote crue": 7.0, "céleri-rave cuit": 200.0, "betterave rouge cuite": 61.666666666666664, "navet cuit": 70.0, "céleri-rave cru": 62.5, "carotte cuite": 121.2051282051282, "salsifis cuit": 100.0, "carotte crue": 82.57894736842105}, "légumes fruits": {"tomate cerise crue": 27.0, "potiron cuit": 300.0, "maïs doux en conserve": 75.625, "aubergine cuite": 106.25, "poivron vert jaune ou rouge cuit": 50.0, "avocat frais": 105.78571428571429, "poivron rouge cuit": 25.0, "concombre cru pulpe": 82.6923076923077, "tomate crue": 83.57766990291262, "maïs doux en épis cuit": 37.5, "courgette cuite": 117.91304347826087}, "légumes feuilles": {"scarole crue": 31.666666666666668, "endive cuite": 130.86666666666667, "chicorée frisée crue": 26.0, "mâche crue": 38.888888888888886, "oseille cuite à l'eau": 100.0, "autre salade sans assaisonnement": 45.0, "laitue crue": 35.55555555555556, "épinard cuit": 131.8181818181818, "salade verte sans assaisonnement sans précision": 40.38251366120219, "bette ou blette cuite": 104.33333333333333, "pissenlit cru": 40.0, "endive crue": 33.333333333333336}}}