{"boissons alcoolisées": {"cidre": {"cidre brut": 375.0, "cidre": 120.0}, "spiritueux et vins cuits": {"cognac armagnac": 40.0, "vodka": 120.0, "apéritif à base de vin ou vermouth type martini": 75.0, "vin doux naturel ou vin muté autre que porto type muscat banyuls ou maury": 45.0, "rhum": 32.333333333333336, "liqueurs": 18.5, "whisky": 206.66666666666666}, "vin": {"vin sans précision": 133.63636363636363, "vin blanc 11°": 126.70454545454545, "vin rouge 12°": 141.17021276595744, "vin rouge 10°": 154.0625, "vin rouge 11°": 215.78947368421052, "champagne": 143.33333333333334, "vin rosé 11°": 116.60714285714286}, "cocktails et mélanges": {"cocktail alcoolisé": 40.0, "cocktail type punch planteur": 150.0, "panaché": 270.0, "pastis prêt à boire (1+5)": 189.47368421052633, "pétillant de fruits": 150.0, "kir": 117.14285714285714, "kir royal": 100.0}, "bière": {"bière cœur de marché à 4-5° d'alcool type kronenbourg ou 33 export": 416.47058823529414, "bière spéciale à 5-6° d'alcool type 1664 pelforth ambrée ou fischer heineken": 500.0}}}