{"sucres et dérivés": {"confiserie": {"bonbons gélifiés": 18.666666666666668, "pâte de fruits": 3.0, "chewing-gum sucré": 5.8, "meringue": 18.0, "bonbons tout type sauf gélifiés": 15.36111111111111, "chewing-gum sans sucre": 5.416666666666667, "nougat ou touron": 30.0}, "confiture et miel": {"miel": 17.725490196078432, "confiture de cerise": 28.571428571428573, "confiture ajoutée au service": 15.0, "confiture d'orange": 20.0, "confiture de fraise": 27.857142857142858, "confiture d'abricot": 24.375, "confiture ou marmelade tout type": 29.852941176470587, "confiture allégée": 27.272727272727273}, "sucre et assimilés": {"sucre roux": 7.157407407407407, "sucre blanc": 8.820707070707071, "sucre blanc ajouté au service": 6.708860759493671, "sucre allégé type tutti free": 4.0}}}