{"beurre": {"sans": {"beurre doux léger 39-41% m.g.": 12.38888888888889, "matière grasse laitière légère 25% m.g. à tartiner type bridelight": 9.285714285714286, "beurre doux": 10.87962962962963, "beurre allégé sans précision": 7.3076923076923075, "beurre salé non allégé ajouté à la cuisson": 7.972972972972973, "beurre allégé ajouté au service": 8.294117647058824, "beurre allégé ajouté à la cuisson": 9.714285714285714, "beurre salé non allégé ajoutée au service": 9.5, "beurre demi-sel sel maxi 3%": 7.5, "beurre doux non allégé ajouté à la cuisson": 9.194444444444445, "beurre doux non allégé ajoutée au service": 9.2}}}