{"viande": {"autre viande": {"autre viande": 40.0, "cheval viande r\u00f4tie": 150.0, "brochette mixte de viande": 70.0, "viande cuite sans pr\u00e9cision": 75.0}, "b\u0153uf en pi\u00e8ces ou hach\u00e9": {"b\u0153uf boulettes cuites": 125.0, "brochette de b\u0153uf": 125.0, "steak hach\u00e9 5% m.g. cuit": 165.0, "steak hach\u00e9 10% m.g. cuit": 130.0, "carpaccio de boeuf": 100.0, "steak hach\u00e9 15% m.g. cuit": 126.11111111111111, "b\u0153uf brais\u00e9": 110.0, "fondue bourguignonne": 200.0, "boeuf bifteck grill\u00e9": 125.8108108108108, "b\u0153uf \u00e0 bourguignon cuit": 102.77777777777777, "b\u0153uf entrec\u00f4te grill\u00e9e": 150.83333333333334, "b\u0153uf rosbif r\u00f4ti": 106.81818181818181, "steak hach\u00e9 5% m.g. cru": 200.0}, "porc": {"porc c\u00f4telette grill\u00e9e": 146.6, "porc filet r\u00f4ti maigre cuit": 85.71428571428571, "porc travers brais\u00e9": 160.0, "porc r\u00f4ti cuit": 97.63888888888889}, "agneau": {"agneau c\u00f4telette grill\u00e9e": 128.5, "agneau gigot r\u00f4ti": 95.71428571428571}, "veau": {"veau escalope cuite": 89.16666666666667, "veau r\u00f4ti": 88.75, "veau filet r\u00f4ti": 88.75, "veau c\u00f4te cuite": 111.6, "veau mijot\u00e9": 40.0, "veau escalope pan\u00e9e": 130.0}}}