{"oeufs et d\u00e9riv\u00e9s": {"sans": {"omelette nature cuite au beurre": 139.0909090909091, "oeuf dur": 77.20338983050847, "oeuf poch\u00e9": 90.0, "jaune d'\u0153uf cuit": 30.0, "oeuf au plat sal\u00e9": 101.47058823529412, "omelette aux champignons": 150.0, "oeuf \u00e0 la coque": 90.0, "oeufs brouill\u00e9s au beurre": 90.0}}}