{"riz et blé dur ou concassé": {"riz": {"riz blanc cuit": 136.1304347826087, "riz blanc étuvé cuit": 105.0, "riz complet cuit": 106.25}, "blé": {"couscous (graine seule) semoule cuite": 81.27272727272727, "blé dur précuit nature type ebly": 68.44444444444444}}}