{"region_19_partitions_foodgrp_43": {"condiments et sauces": {"condiments d'assaisonnement": {"ail frais": 4.263888888888889, "cube pour bouillon de bœuf": 3.8333333333333335, "vinaigre": 8.65576923076923, "concentré de tomate": 26.25}, "condiments d'accompagnement": {"câpres": 7.0, "olive verte en saumure": 11.8, "olive noire en saumure": 11.5, "moutarde": 7.26, "cornichon au vinaigre": 25.5, "ketchup": 29.6875}, "herbes aromatiques": {"herbes aromatiques fraîches": 1.8555555555555554, "basilic frais": 2.2, "ciboule ou ciboulette fraîche": 8.5, "persil frais": 8.011363636363637, "thym sec": 3.1999999999999997}, "sauces": {"mayonnaise à l'huile de tournesol": 8.333333333333334, "sauce au yaourt": 43.333333333333336, "vinaigrette ajoutée au service": 20.0, "sauce tomate sans viande": 34.11764705882353, "sauce sans précision": 100.0, "sauce pesto": 20.0, "vinaigrette sans précision": 23.1056338028169, "sauce à la crème": 25.0, "sauce au vin rouge": 26.466666666666665, "sauce barbecue": 10.0, "mayonnaise ajoutée au service": 15.0, "sauce aux champignons": 29.166666666666668, "vinaigrette allégée ajoutée au service": 20.0, "sauce aigre-douce": 15.0, "mayonnaise": 9.338235294117647, "sauce au beurre": 45.0, "mayonnaise allégée": 17.5, "vinaigrette allégée": 30.833333333333332, "sauce mornay": 15.0, "sauce tomate à la viande ou bolognaise type panzani ou buitoni": 43.125, "sauce moutarde": 30.0, "autre sauce": 17.0, "vinaigrette à l'huile d'olive": 19.789473684210527, "sauce béchamel en brique": 27.75}, "sel et épices": {"curry en poudre": 2.3333333333333335, "sel de mer": 1.6666666666666667, "sel fin ou gros": 2.2777777777777777, "poivre noir moulu": 1.0740740740740742, "épices sans précision": 2.0833333333333335}}}}