{"charcuterie": {"p\u00e2t\u00e9s, terrines, rillettes et foie gras": {"foie gras en conserve": 28.0, "p\u00e2t\u00e9 de t\u00eate ou fromage de t\u00eate": 54.166666666666664, "p\u00e2t\u00e9 de campagne": 52.903225806451616, "mousse de foie": 43.0, "p\u00e2t\u00e9 de foie de porc": 52.5, "rillettes pur porc": 22.25, "p\u00e2t\u00e9 de lapin": 50.0, "rillettes": 13.0, "p\u00e2t\u00e9 en cro\u00fbte": 90.0, "terrine de canard": 28.857142857142858}, "autre charcuterie ou charcuterie  sans pr\u00e9cision": {"charcuterie sans pr\u00e9cision": 92.5, "autre charcuterie": 116.0}, "saucisses, saucissons, andouilles et boudins": {"saucisse de toulouse cuite": 75.0, "saucisse s\u00e8che": 25.0, "saucisse de morteau cuite": 41.666666666666664, "rosette ou fuseau": 25.333333333333332, "cervelas": 31.5, "saucisse de montb\u00e9liard": 75.0, "saucisson sec": 33.4390243902439, "saucisse de francfort": 53.0, "chair \u00e0 saucisse": 50.0, "salami": 33.833333333333336, "chipolata cuite": 80.0, "andouillette r\u00e9chauff\u00e9e": 120.0, "merguez de b\u0153uf et de mouton cuite": 107.14285714285714, "boudin blanc cuit": 130.0, "boudin noir cuit": 126.66666666666667, "saucisse alsacienne fum\u00e9e ou gendarme": 112.5, "saucisson \u00e0 l'ail": 51.44444444444444, "saucisse sans pr\u00e9cision": 81.92, "chorizo sec": 46.0, "saucisse de strasbourg": 78.75}, "jambons et charcuteries en pi\u00e8ces": {"jambon cuit dd (d\u00e9couenn\u00e9 d\u00e9graiss\u00e9)": 56.875, "jambon cuit": 52.61682242990654, "lardon ou bacon fum\u00e9 cuit": 15.0, "poitrine de porc fum\u00e9e": 25.0, "jambon cuit fum\u00e9": 70.0, "lardon nature cuit": 24.692307692307693, "jambon cuit sup\u00e9rieur": 65.0, "jambon cru fum\u00e9": 15.0, "jambon sec dd (d\u00e9couenn\u00e9 d\u00e9graiss\u00e9)": 70.0, "jambon cru": 43.392857142857146, "jambonneau cuit": 100.0, "bacon filet cuit": 31.5}}}