{"riz et bl\u00e9 dur ou concass\u00e9": {"riz": {"riz blanc cuit": 136.1304347826087, "riz blanc \u00e9tuv\u00e9 cuit": 105.0, "riz complet cuit": 106.25}, "bl\u00e9": {"couscous (graine seule) semoule cuite": 81.27272727272727, "bl\u00e9 dur pr\u00e9cuit nature type ebly": 68.44444444444444}}}