{"autres boissons chaudes": {"th\u00e9 et infusions": {"tisane infus\u00e9e non sucr\u00e9e": 264.4871794871795, "th\u00e9 infus\u00e9 non sucr\u00e9": 381.85897435897436}, "cacao, poudres et boissons cacaot\u00e9es": {"poudre cacaot\u00e9e sucr\u00e9e enrichie pour boisson": 72.0, "poudre cacaot\u00e9e et sucr\u00e9e pour boisson au chocolat": 11.423913043478262, "cacao en poudre non sucr\u00e9 type van houten": 48.57142857142857, "boisson instantan\u00e9e cacaot\u00e9e sucr\u00e9e reconstitu\u00e9e": 173.8709677419355}, "chicor\u00e9e et poudre malt\u00e9e": {"poudre soluble \u00e0 base de chicor\u00e9e et de caf\u00e9 type ricor\u00e9": 2.3658536585365852, "chicor\u00e9e en poudre soluble type leroux": 8.941176470588236}}}