{"caf\u00e9": {"sans": {"caf\u00e9 expresso non sucr\u00e9": 125.65217391304348, "caf\u00e9 noir pr\u00eat \u00e0 boire non sucr\u00e9": 211.5771812080537, "caf\u00e9 d\u00e9caf\u00e9in\u00e9 pr\u00eat \u00e0 boire non sucr\u00e9": 70.0, "caf\u00e9 au lait ou caf\u00e9 cr\u00e8me ou cappuccino non sucr\u00e9": 249.9418604651163, "caf\u00e9 soluble en poudre": 0.8461538461538461}}}