{"café": {"sans": {"café expresso non sucré": 125.65217391304348, "café noir prêt à boire non sucré": 211.5771812080537, "café décaféiné prêt à boire non sucré": 70.0, "café au lait ou café crème ou cappuccino non sucré": 249.9418604651163, "café soluble en poudre": 0.8461538461538461}}}