{"beurre": {"sans": {"beurre doux l\u00e9ger 39-41% m.g.": 12.38888888888889, "mati\u00e8re grasse laiti\u00e8re l\u00e9g\u00e8re 25% m.g. \u00e0 tartiner type bridelight": 9.285714285714286, "beurre doux": 10.87962962962963, "beurre all\u00e9g\u00e9 sans pr\u00e9cision": 7.3076923076923075, "beurre sal\u00e9 non all\u00e9g\u00e9 ajout\u00e9 \u00e0 la cuisson": 7.972972972972973, "beurre all\u00e9g\u00e9 ajout\u00e9 au service": 8.294117647058824, "beurre all\u00e9g\u00e9 ajout\u00e9 \u00e0 la cuisson": 9.714285714285714, "beurre sal\u00e9 non all\u00e9g\u00e9 ajout\u00e9e au service": 9.5, "beurre demi-sel sel maxi 3%": 7.5, "beurre doux non all\u00e9g\u00e9 ajout\u00e9 \u00e0 la cuisson": 9.194444444444445, "beurre doux non all\u00e9g\u00e9 ajout\u00e9e au service": 9.2}}}