{"abats": {"sans": {"foie de volaille cuit": 87.5, "langue de veau cuite": 50.0, "foie de g\u00e9nisse cuit": 91.66666666666667, "autre abat": 160.0, "langue de b\u0153uf cuite": 66.66666666666667, "foie poulet cuit": 25.0, "canard g\u00e9sier confit \u00e9goutt\u00e9 et r\u00e9chauff\u00e9": 75.0, "foie de veau cuit": 95.0}}}