{"sucres et d\u00e9riv\u00e9s": {"confiserie": {"bonbons g\u00e9lifi\u00e9s": 18.666666666666668, "p\u00e2te de fruits": 3.0, "chewing-gum sucr\u00e9": 5.8, "meringue": 18.0, "bonbons tout type sauf g\u00e9lifi\u00e9s": 15.36111111111111, "chewing-gum sans sucre": 5.416666666666667, "nougat ou touron": 30.0}, "confiture et miel": {"miel": 17.725490196078432, "confiture de cerise": 28.571428571428573, "confiture ajout\u00e9e au service": 15.0, "confiture d'orange": 20.0, "confiture de fraise": 27.857142857142858, "confiture d'abricot": 24.375, "confiture ou marmelade tout type": 29.852941176470587, "confiture all\u00e9g\u00e9e": 27.272727272727273}, "sucre et assimil\u00e9s": {"sucre roux": 7.157407407407407, "sucre blanc": 8.820707070707071, "sucre blanc ajout\u00e9 au service": 6.708860759493671, "sucre all\u00e9g\u00e9 type tutti free": 4.0}}}