{"boissons alcoolis\u00e9es": {"cidre": {"cidre brut": 375.0, "cidre": 120.0}, "spiritueux et vins cuits": {"cognac armagnac": 40.0, "vodka": 120.0, "ap\u00e9ritif \u00e0 base de vin ou vermouth type martini": 75.0, "vin doux naturel ou vin mut\u00e9 autre que porto type muscat banyuls ou maury": 45.0, "rhum": 32.333333333333336, "liqueurs": 18.5, "whisky": 206.66666666666666}, "vin": {"vin sans pr\u00e9cision": 133.63636363636363, "vin blanc 11\u00b0": 126.70454545454545, "vin rouge 12\u00b0": 141.17021276595744, "vin rouge 10\u00b0": 154.0625, "vin rouge 11\u00b0": 215.78947368421052, "champagne": 143.33333333333334, "vin ros\u00e9 11\u00b0": 116.60714285714286}, "cocktails et m\u00e9langes": {"cocktail alcoolis\u00e9": 40.0, "cocktail type punch planteur": 150.0, "panach\u00e9": 270.0, "pastis pr\u00eat \u00e0 boire (1+5)": 189.47368421052633, "p\u00e9tillant de fruits": 150.0, "kir": 117.14285714285714, "kir royal": 100.0}, "bi\u00e8re": {"bi\u00e8re sp\u00e9ciale \u00e0 5-6\u00b0 d'alcool type 1664 pelforth ambr\u00e9e ou fischer heineken": 500.0, "bi\u00e8re c\u0153ur de march\u00e9 \u00e0 4-5\u00b0 d'alcool type kronenbourg ou 33 export": 416.47058823529414}}}