{"fruits": {"sans": {"m\u00fbre de ronce fra\u00eeche": 25.0, "fruit sans pr\u00e9cision": 131.66666666666666, "ananas frais": 81.875, "litchi frais": 15.0, "cerise fra\u00eeche": 144.23076923076923, "framboise fra\u00eeche": 50.0, "pamplemousse frais": 105.55555555555556, "raisin noir frais": 140.0, "salade de fruits frais": 172.72727272727272, "fruit de la passion frais": 10.0, "past\u00e8que fra\u00eeche": 228.0, "abricot frais": 156.19354838709677, "banane fra\u00eeche": 152.92079207920793, "kiwi frais": 119.78947368421052, "figue fra\u00eeche": 26.0, "mangue fra\u00eeche": 150.0, "raisin blanc frais": 170.3, "fraise fra\u00eeche": 212.5, "nectarine non pel\u00e9e fra\u00eeche": 184.11764705882354, "melon frais": 284.1818181818182, "orange fra\u00eeche": 173.33333333333334, "fruits rouges frais (framboises, fraises, groseilles, cassis)": 100.0, "poire non pel\u00e9e fra\u00eeche": 156.8658536585366, "citron frais": 45.0, "prune reine-claude fra\u00eeche": 64.66666666666667, "cl\u00e9mentine ou mandarine fra\u00eeche": 88.42391304347827, "n\u00e8fle du japon fra\u00eeche": 93.33333333333333, "pomme non pel\u00e9e fra\u00eeche": 213.41040462427745, "p\u00eache non pel\u00e9e fra\u00eeche": 149.23076923076923}}}