{"volaille et gibier": {"gibier": {"chevreuil r\u00f4ti": 105.0, "sanglier r\u00f4ti": 200.0, "autre gibier": 80.0}, "volailles et lapins": {"poule viande bouillie": 175.0, "blanc de poulet cuit": 78.5576923076923, "poulet cuisse r\u00f4tie viande et peau": 165.44444444444446, "dinde viande r\u00f4tie": 117.3076923076923, "lapin en rago\u00fbt": 210.0, "lapin viande cuite": 161.53846153846155, "oie viande r\u00f4tie": 153.0, "volaille cuite sans pr\u00e9cision": 100.0, "brochette de volaille": 135.0, "dinde ou autre volaille escalope saut\u00e9e": 97.5, "canard viande r\u00f4tie": 192.625, "canard magret cuit \u00e0 la po\u00eale": 77.5, "autre volaille cuite": 247.5, "poulet r\u00f4ti viande et peau": 116.56923076923077}}}