{"l\u00e9gumes (hors pommes de terre)": {"champignons": {"champignon tout type en conserve": 88.21052631578948, "champignon de paris en conserve": 50.0, "champignon de paris saut\u00e9": 100.0}, "m\u00e9langes de l\u00e9gumes, l\u00e9gumes pr\u00e9par\u00e9s et autres l\u00e9gumes": {"ratatouille ni\u00e7oise": 170.8695652173913, "l\u00e9gume en pur\u00e9e hors pomme de terre non sal\u00e9": 150.0, "crudit\u00e9s vinaigrette sans pr\u00e9cision": 75.0, "c\u00e9leri r\u00e9moulade": 50.0, "pulpe de tomate en conserve": 6.0, "petits pois et carottes en conserve": 137.9, "champignons \u00e0 la grecque": 50.0, "l\u00e9gumes cuits sans pr\u00e9cision": 179.85714285714286, "mac\u00e9doine de l\u00e9gumes en conserve": 141.4, "l\u00e9gumes m\u00e9lang\u00e9s surgel\u00e9s": 147.3, "terrine ou mousse de l\u00e9gumes": 150.0}, "choux": {"chou-fleur cuit": 184.0, "brocoli cuit": 169.91666666666666, "chou blanc cru": 125.0, "chou-fleur cru": 100.0, "chou vert cuit": 113.88888888888889, "chou de bruxelles cuit": 125.0}, "l\u00e9gumes tiges": {"asperge cuite": 120.2, "artichaut cuit": 327.85714285714283, "germe ou pousse de soja en conserve": 91.66666666666667, "poireau cuit": 103.57142857142857, "fenouil cuit \u00e0 l'eau": 143.0, "c\u0153ur de palmier en conserve": 30.0, "asperge en conserve": 98.125}, "haricots verts et petits pois (l\u00e9gumes potagers)": {"haricot vert surgel\u00e9 cuit": 102.77777777777777, "haricot vert cuit": 108.81428571428572, "petit pois cuit": 169.44444444444446, "haricot vert en conserve \u00e9goutt\u00e9": 117.88636363636364, "petit pois en conserve": 110.91304347826087}, "l\u00e9gumes racines, tubercules ou bulbes": {"oignon cuit": 21.238095238095237, "carotte en conserve": 75.0, "radis rouge cru": 78.94736842105263, "\u00e9chalote crue": 7.0, "c\u00e9leri-rave cuit": 200.0, "betterave rouge cuite": 61.666666666666664, "navet cuit": 70.0, "c\u00e9leri-rave cru": 62.5, "carotte cuite": 121.2051282051282, "salsifis cuit": 100.0, "carotte crue": 82.57894736842105}, "l\u00e9gumes fruits": {"tomate cerise crue": 27.0, "potiron cuit": 300.0, "ma\u00efs doux en conserve": 75.625, "aubergine cuite": 106.25, "poivron vert jaune ou rouge cuit": 50.0, "avocat frais": 105.78571428571429, "poivron rouge cuit": 25.0, "concombre cru pulpe": 82.6923076923077, "tomate crue": 83.57766990291262, "ma\u00efs doux en \u00e9pis cuit": 37.5, "courgette cuite": 117.91304347826087}, "l\u00e9gumes feuilles": {"scarole crue": 31.666666666666668, "endive cuite": 130.86666666666667, "chicor\u00e9e fris\u00e9e crue": 26.0, "m\u00e2che crue": 38.888888888888886, "oseille cuite \u00e0 l'eau": 100.0, "autre salade sans assaisonnement": 45.0, "laitue crue": 35.55555555555556, "\u00e9pinard cuit": 131.8181818181818, "salade verte sans assaisonnement sans pr\u00e9cision": 40.38251366120219, "bette ou blette cuite": 104.33333333333333, "pissenlit cru": 40.0, "endive crue": 33.333333333333336}}}