{"pain et panification s\u00e8che": {"biscottes et panification s\u00e8che": {"autre biscotte": 28.2, "tartine extrud\u00e9e fourr\u00e9e au chocolat ou aux fruits type craquinette de lu": 16.0, "pain grill\u00e9 au froment type tranches pain grill\u00e9 pelletier lu braisotte jacquet": 21.666666666666668, "biscotte compl\u00e8te ou riche en fibres": 8.0, "biscotte multic\u00e9r\u00e9ales type heudebert aux six c\u00e9r\u00e9ales": 12.666666666666666, "pain grill\u00e9 multic\u00e9r\u00e9ales type pain grill\u00e9 multic\u00e9r\u00e9ales heudebert lu": 10.0, "biscotte classique type heudebert lu": 18.253333333333334}, "autres produits de panification": {"chapelure ou panure": 6.0, "cro\u00fbtons": 19.5}, "pain": {"pain grill\u00e9 maison": 66.44736842105263, "pain aux c\u00e9r\u00e9ales artisanal": 60.0, "pain courant fran\u00e7ais boule \u00e0 la levure": 61.111111111111114, "pain sans pr\u00e9cision": 35.0, "pain de seigle et froment": 39.81818181818182, "pain brioch\u00e9 ou viennois": 53.75, "pain complet ou int\u00e9gral artisanal": 56.0, "autre pain": 57.083333333333336, "pain de mie": 57.80821917808219, "pain baguette": 62.57094175960347, "pain de campagne ou bis": 71.64556962025317}}}