{"ultra-frais laitier": {"cr\u00e8me fra\u00eeche": {"sp\u00e9cialit\u00e9 \u00e0 base de cr\u00e8me l\u00e9g\u00e8re 8% m.g. type cr\u00e8me fluide ou \u00e9paisse": 45.0, "cr\u00e8me fra\u00eeche ou cr\u00e8me de lait sans pr\u00e9cision": 23.333333333333332, "cr\u00e8me fra\u00eeche ou cr\u00e8me de lait fluide au moins 30% m.g. uht": 8.666666666666666, "cr\u00e8me fra\u00eeche all\u00e9g\u00e9e ajout\u00e9e \u00e0 la cuisson": 15.0, "cr\u00e8me fra\u00eeche non all\u00e9g\u00e9e ajout\u00e9e \u00e0 la cuisson": 20.0, "cr\u00e8me fra\u00eeche ou cr\u00e8me de lait \u00e9paisse all\u00e9g\u00e9e 15 \u00e0 20% m.g. rayon frais": 100.0, "cr\u00e8me fra\u00eeche non all\u00e9g\u00e9e ajout\u00e9e au service": 17.8125, "cr\u00e8me fra\u00eeche all\u00e9g\u00e9e ajout\u00e9e au service": 18.181818181818183, "cr\u00e8me chantilly sucr\u00e9e sous pression uht": 25.416666666666668, "cr\u00e8me fra\u00eeche ou cr\u00e8me de lait fluide all\u00e9g\u00e9e 15 \u00e0 20% m.g. uht": 28.105263157894736}, "yaourts et assimil\u00e9s": {"yaourt brass\u00e9 nature au lait entier type danone velout\u00e9 nature": 125.0, "yaourt bulgare ou velout\u00e9 \u00e0 la pulpe de fruits au lait entier": 123.86363636363636, "sp\u00e9cialit\u00e9 laiti\u00e8re type yaourt au bifidus aromatis\u00e9 au lait entier sucr\u00e9e type": 125.0, "sp\u00e9cialit\u00e9 laiti\u00e8re type yaourt au lait entier au bifidus et aux fruits sucr\u00e9e": 121.42857142857143, "sp\u00e9cialit\u00e9 laiti\u00e8re type yaourt 0% aux fruits aux \u00e9dulcorants type panier de yop": 132.14285714285714, "yaourt aux fruits au lait entier sucr\u00e9 type danone recette cr\u00e9meuse aux fruits o": 166.66666666666666, "yaourt ou sp\u00e9cialit\u00e9 laiti\u00e8re nature": 129.23728813559322, "yaourt nature au lait entier": 133.33333333333334, "sp\u00e9cialit\u00e9 laiti\u00e8re type yaourt 0% aux fruits sucr\u00e9e type sveltesse aux fruits p": 125.0, "yaourt nature au lait entier sucr\u00e9": 125.0, "autre yaourt ou sp\u00e9cialit\u00e9 laiti\u00e8re nature ou aux fruit": 106.66666666666667, "lait ferment\u00e9 \u00e0 boire maigre nature type lait ribot ou lact\u00e9or l'ben": 100.0, "sp\u00e9cialit\u00e9 laiti\u00e8re type yaourt 0% aromatis\u00e9e sucr\u00e9e type weight watcher": 125.0, "yaourt aromatis\u00e9 au lait entier sucr\u00e9": 125.0, "lait ferment\u00e9 au bifidus nature au lait entier type danone activa": 140.0, "yaourt \u00e0 boire au lait demi-\u00e9cr\u00e9m\u00e9 aux \u00e9dulcorants": 140.0, "yaourt ou sp\u00e9cialit\u00e9 laiti\u00e8re aux fruits sans pr\u00e9cision": 131.48648648648648, "yaourt \u00e0 boire aromatis\u00e9 au lait demi-\u00e9cr\u00e9m\u00e9 sucr\u00e9 type yopi": 134.23076923076923, "yaourt ou sp\u00e9cialit\u00e9 laiti\u00e8re sans pr\u00e9cision": 141.9318181818182, "yaourt aux fruits au lait demi-\u00e9cr\u00e9m\u00e9 sucr\u00e9 type panier de yoplait": 117.3076923076923, "sp\u00e9cialit\u00e9 laiti\u00e8re nature \u00e0 base de fromage blanc enrichie en cr\u00e8me type fjord": 141.66666666666666, "yaourt nature 0% m.g. type taillefine nature 0% danone yoplait silhouette": 130.20833333333334, "yaourt nature au lait demi-\u00e9cr\u00e9m\u00e9": 125.0, "lait ferment\u00e9 \u00e0 boire au lait demi-\u00e9cr\u00e9m\u00e9 nature type actimel": 70.0, "yaourt nature au lait demi-\u00e9cr\u00e9m\u00e9 sucr\u00e9": 125.0, "yaourt aromatis\u00e9 au lait demi-\u00e9cr\u00e9m\u00e9 sucr\u00e9": 131.25, "sp\u00e9cialit\u00e9 laiti\u00e8re au lait entier enrichie en cr\u00e8me au chocolat type stracciate": 125.0}, "fromage blanc et petits suisses": {"petit-suisse nature 20% m.g. type gervais petit vitalit\u00e9": 120.0, "fromage blanc sans pr\u00e9cision": 100.0, "petit suisse aux fruits au lait demi-\u00e9cr\u00e9m\u00e9 type petits filous": 85.3, "fromage blanc type petit suisse 20% mg/ms, aromatis\u00e9 vanille ou chocolat": 100.0, "fromage blanc battu nature 40% m.g. type danone jockey 40% ou yoplait calin 40%": 126.92307692307692, "fromage blanc battu 20% m.g. nature": 99.70370370370371, "fromage blanc de campagne nature 40% m.g. type senoble fromage frais 43% campagn": 105.9090909090909, "fromage blanc aux fruits sucr\u00e9 30-40% m.g.": 91.66666666666667, "fromage blanc de campagne nature 0% m.g.": 100.0, "petit-suisse nature 40% m.g.": 95.55555555555556, "autre fromage blanc": 125.0, "fromage blanc battu nature 0% m.g.": 100.0}}}