{"p\u00e2tes": {"p\u00e2tes alimentaires": {"p\u00e2tes alimentaires aux oeufs cuites": 138.88888888888889, "p\u00e2tes alimentaires au bl\u00e9 complet cuites": 200.0, "p\u00e2tes alimentaires cuites": 157.82872928176795}}}