{"viennoiserie": {"sans": {"croissant au beurre artisanal": 55.0, "croissant sans pr\u00e9cision": 73.33333333333333, "brioche sans pr\u00e9cision": 49.13461538461539, "pain aux raisins": 27.5, "pain au chocolat feuillet\u00e9 artisanal": 82.53658536585365, "brioche industrielle pr\u00e9emball\u00e9e": 39.03125, "chausson aux pommes": 85.625, "pain au lait artisanal": 51.95652173913044, "croissant ordinaire artisanal": 46.0}}}