{"fruits": {"sans": {"mûre de ronce fraîche": 25.0, "fruit sans précision": 131.66666666666666, "ananas frais": 81.875, "litchi frais": 15.0, "cerise fraîche": 144.23076923076923, "framboise fraîche": 50.0, "pamplemousse frais": 105.55555555555556, "raisin noir frais": 140.0, "salade de fruits frais": 172.72727272727272, "fruit de la passion frais": 10.0, "pastèque fraîche": 228.0, "abricot frais": 156.19354838709677, "banane fraîche": 152.92079207920793, "kiwi frais": 119.78947368421052, "figue fraîche": 26.0, "mangue fraîche": 150.0, "raisin blanc frais": 170.3, "fraise fraîche": 212.5, "nectarine non pelée fraîche": 184.11764705882354, "melon frais": 284.1818181818182, "orange fraîche": 173.33333333333334, "fruits rouges frais (framboises, fraises, groseilles, cassis)": 100.0, "poire non pelée fraîche": 156.8658536585366, "citron frais": 45.0, "prune reine-claude fraîche": 64.66666666666667, "clémentine ou mandarine fraîche": 88.42391304347827, "nèfle du japon fraîche": 93.33333333333333, "pomme non pelée fraîche": 213.41040462427745, "pêche non pelée fraîche": 149.23076923076923}}}