{"lait": {"lait aromatis\u00e9": {"milk-shake sans pr\u00e9cision": 150.0, "lait demi-\u00e9cr\u00e9m\u00e9 aromatis\u00e9 au chocolat": 250.0}, "lait en bouteille ou en brique": {"lait demi-\u00e9cr\u00e9m\u00e9 en poudre": 8.0, "lait demi-\u00e9cr\u00e9m\u00e9 uht \u00e0 teneur garantie en prot\u00e9ines et vitamines enrichi en min\u00e9": 240.0, "lait entier uht": 247.0, "lait entier pasteuris\u00e9": 242.85714285714286, "lait \u00e9cr\u00e9m\u00e9 uht": 112.5, "lait demi-\u00e9cr\u00e9m\u00e9 uht": 200.3184713375796}, "autre lait": {"autre lait": 62.857142857142854}}}