{"region_6_partitions_foodgrp_33": {"boissons alcoolisées": {"cidre": {"cidre brut": 332.72727272727275, "cidre": 466.6666666666667, "cidre traditionnel": 351.42857142857144, "cidre doux": 297.5}, "spiritueux et vins cuits": {"eau-de-vie": 27.0, "porto": 100.0, "vodka": 150.0, "rhum": 42.142857142857146, "apéritif à la gentiane": 50.0, "vin doux naturel ou vin muté autre que porto type muscat banyuls ou maury": 50.0, "apéritif à base de vin ou vermouth type martini": 75.78947368421052, "liqueurs": 40.833333333333336, "whisky": 67.82608695652173}, "vin": {"vin sans précision": 197.5, "vin rouge 11°": 120.41666666666667, "vin blanc 11°": 196.13636363636363, "vin rouge 12°": 152.35915492957747, "vin rouge 10°": 160.96774193548387, "vin blanc mousseux": 116.66666666666667, "champagne": 141.42857142857142, "vin rosé 11°": 191.5, "vin rouge 13° et plus": 130.0}, "cocktails et mélanges": {"kir": 111.11111111111111, "cocktail type punch planteur": 300.0, "sangria": 87.5, "panaché": 233.33333333333334, "pastis prêt à boire (1+5)": 193.84615384615384, "cocktail alcoolisé": 398.0, "kir royal": 100.0}, "bière": {"bière cœur de marché à 4-5° d'alcool type kronenbourg ou 33 export": 458.0769230769231, "bière spéciale à 5-6° d'alcool type 1664 pelforth ambrée ou fischer heineken": 300.0, "bière brune": 1000.0, "bière de spécialités ou d'abbaye régionales ou de brasserie degré d'alcool varia": 415.0}}}}