{"eaux": {"eau min\u00e9rale plate": {"vittel eau plate": 513.4375, "courmayeur eau plate": 197.6315789473684, "wattwiller eau plate": 650.0, "aix les bains eau plate": 800.0, "luchon eau plate": 300.0, "\u00e9vian eau plate": 271.875, "h\u00e9par eau plate": 268.3333333333333, "eau min\u00e9rale plate sans pr\u00e9cision": 166.66666666666666, "contrex eau plate": 348.59375, "thonon eau plate": 411.42857142857144, "volvic eau plate": 265.56451612903226, "amanda eau plate": 185.55555555555554, "valvert eau plate": 165.0}, "eau du robinet": {"eau du robinet": 386.38418079096044}, "eau min\u00e9rale gazeuse": {"san pellegrino eau gazeuse": 346.0, "eau gazeuse sans pr\u00e9cision": 215.0, "saint yorre eau gazeuse": 209.6875, "perrier eau gazeuse": 390.6666666666667, "qu\u00e9zac eau gazeuse": 235.0, "badoit eau gazeuse": 302.41379310344826, "ch\u00e2teauneuf eau gazeuse": 400.0, "arvie eau gazeuse": 275.0}, "eau de source": {"eau de source": 360.5789825970549}, "autre eau": {"eau min\u00e9rale sans pr\u00e9cision": 202.30769230769232, "autre eau min\u00e9rale": 293.6363636363636, "eau min\u00e9rale ou non faiblement min\u00e9ralis\u00e9e": 351.875}}}