{"region_6_partitions_foodgrp_26": {"fruits": {"sans": {"fruit sans précision": 50.0, "ananas frais": 113.0, "litchi frais": 37.5, "cerise fraîche": 180.0, "framboise fraîche": 50.0, "raisin noir frais": 139.58333333333334, "salade de fruits frais": 200.0, "abricot frais": 145.0909090909091, "mirabelle fraîche": 242.85714285714286, "banane fraîche": 141.36021505376345, "kiwi frais": 104.9390243902439, "pamplemousse frais": 105.83333333333333, "mangue fraîche": 113.25, "raisin blanc frais": 148.96774193548387, "prune reine-claude fraîche": 135.45454545454547, "fraise fraîche": 175.0, "nectarine non pelée fraîche": 124.25, "melon frais": 248.16666666666666, "orange fraîche": 167.77027027027026, "fruits rouges frais (framboises, fraises, groseilles, cassis)": 50.0, "poire non pelée fraîche": 171.98837209302326, "citron frais": 16.75, "pêche non pelée fraîche": 186.39705882352942, "clémentine ou mandarine fraîche": 120.33333333333333, "pomme non pelée fraîche": 200.11040609137055}}}}