{"sucres et dérivés": {"confiserie": {"bonbons gélifiés": 14.0, "pâte de fruits": 20.0, "chewing-gum sucré": 4.55, "confiserie dragéifiée au chocolat type smarties": 15.0, "bonbons tout type sauf gélifiés": 21.98, "chewing-gum sans sucre": 5.785714285714286, "nougat ou touron": 25.833333333333332}, "confiture et miel": {"miel": 18.783333333333335, "confiture de cerise": 30.0, "confiture ajoutée au service": 14.23076923076923, "confiture d'orange": 20.0, "confiture de fraise": 30.0, "confiture d'abricot": 26.666666666666668, "confiture ou marmelade tout type": 31.69811320754717, "confiture allégée": 26.923076923076923}, "sucre et assimilés": {"sucre roux": 9.528301886792454, "sucre blanc": 9.718820861678005, "sucre blanc ajouté au service": 6.265822784810126, "sucre allégé type tutti free": 1.97}}}