{"beurre": {"sans": {"beurre doux l\u00e9ger 39-41% m.g.": 9.615384615384615, "beurre sal\u00e9 sel > 3%": 21.0, "mati\u00e8re grasse laiti\u00e8re l\u00e9g\u00e8re 25% m.g. \u00e0 tartiner type bridelight": 17.35, "beurre doux": 10.742957746478874, "beurre all\u00e9g\u00e9 60-62 % m.g. demi-sel": 13.5, "beurre sal\u00e9 non all\u00e9g\u00e9 ajout\u00e9 \u00e0 la cuisson": 9.361702127659575, "beurre all\u00e9g\u00e9 ajout\u00e9 au service": 7.896551724137931, "beurre all\u00e9g\u00e9 ajout\u00e9 \u00e0 la cuisson": 9.102564102564102, "beurre sal\u00e9 non all\u00e9g\u00e9 ajout\u00e9e au service": 8.906976744186046, "beurre demi-sel sel maxi 3%": 11.30952380952381, "beurre doux non all\u00e9g\u00e9 ajout\u00e9 \u00e0 la cuisson": 9.257246376811594, "beurre all\u00e9g\u00e9 sans pr\u00e9cision": 13.0, "beurre doux non all\u00e9g\u00e9 ajout\u00e9e au service": 9.076923076923077}}}