{"eaux": {"eau minérale plate": {"vittel eau plate": 513.4375, "courmayeur eau plate": 197.6315789473684, "wattwiller eau plate": 650.0, "aix les bains eau plate": 800.0, "luchon eau plate": 300.0, "évian eau plate": 271.875, "hépar eau plate": 268.3333333333333, "eau minérale plate sans précision": 166.66666666666666, "contrex eau plate": 348.59375, "thonon eau plate": 411.42857142857144, "volvic eau plate": 265.56451612903226, "amanda eau plate": 185.55555555555554, "valvert eau plate": 165.0}, "eau du robinet": {"eau du robinet": 386.38418079096044}, "eau minérale gazeuse": {"san pellegrino eau gazeuse": 346.0, "eau gazeuse sans précision": 215.0, "saint yorre eau gazeuse": 209.6875, "perrier eau gazeuse": 390.6666666666667, "quézac eau gazeuse": 235.0, "badoit eau gazeuse": 302.41379310344826, "châteauneuf eau gazeuse": 400.0, "arvie eau gazeuse": 275.0}, "eau de source": {"eau de source": 360.5789825970549}, "autre eau": {"eau minérale sans précision": 202.30769230769232, "autre eau minérale": 293.6363636363636, "eau minérale ou non faiblement minéralisée": 351.875}}}