{"p\u00e2tes": {"p\u00e2tes alimentaires": {"p\u00e2tes alimentaires aux oeufs cuites": 162.5, "p\u00e2tes alimentaires au bl\u00e9 complet cuites": 240.0, "p\u00e2tes alimentaires cuites": 158.38785046728972}, "p\u00e2tes pour p\u00e2tisserie pr\u00eates \u00e0 l'emploi": {"p\u00e2te feuillet\u00e9e cuite": 53.333333333333336}}}