{"huile": {"sans": {"huile v\u00e9g\u00e9tale sans pr\u00e9cision": 12.0125, "huile de colza": 8.23076923076923, "autre huile v\u00e9g\u00e9tale": 17.0, "huile de noix ajout\u00e9e au service": 6.0, "huile d'arachide": 12.875, "huile de tournesol ajout\u00e9e au service": 10.0, "huile d'arachide ajout\u00e9e \u00e0 la cuisson": 9.75, "huile m\u00e9lang\u00e9e (type isio 4) ajout\u00e9e au service": 10.0, "huile de p\u00e9pin de raisins ajout\u00e9e \u00e0 la cuisson": 12.0, "huile m\u00e9lang\u00e9e \u00e9quilibr\u00e9e type isio 4": 10.666666666666666, "huile de colza ajout\u00e9e au service": 10.0, "huile d'olive ajout\u00e9e au service": 10.909090909090908, "huile de soja": 20.0, "huile de colza ajout\u00e9e \u00e0 la cuisson": 10.0, "huile m\u00e9lang\u00e9e (type isio 4) ajout\u00e9e \u00e0 la cuisson": 10.08, "huile de tournesol ajout\u00e9e \u00e0 la cuisson": 7.285714285714286, "huile d'olive ajout\u00e9e \u00e0 la cuisson": 10.732394366197184, "huile d'olive vierge": 10.8468992248062, "huile de noix": 13.0, "huile de tournesol": 14.023809523809524}}}