{"pain et panification s\u00e8che": {"biscottes et panification s\u00e8che": {"autre biscotte": 25.95, "tartine extrud\u00e9e fourr\u00e9e au chocolat ou aux fruits type craquinette de lu": 40.666666666666664, "pain grill\u00e9 au froment type tranches pain grill\u00e9 pelletier lu braisotte jacquet": 53.333333333333336, "biscotte compl\u00e8te ou riche en fibres": 38.57142857142857, "biscotte sans adjonction de sel": 21.714285714285715, "biscotte classique type heudebert lu": 28.162790697674417}, "autres produits de panification": {"chapelure ou panure": 4.0, "cro\u00fbtons": 50.333333333333336, "fougasse garnie": 100.0}, "pain": {"pain grill\u00e9 maison": 63.06818181818182, "pain baguette sans sel": 78.0, "pain aux c\u00e9r\u00e9ales artisanal": 55.94827586206897, "pain courant fran\u00e7ais boule \u00e0 la levure": 70.04237288135593, "pain sans pr\u00e9cision": 60.125, "pain de seigle et froment": 70.0, "pain brioch\u00e9 ou viennois": 52.1875, "pain complet ou int\u00e9gral artisanal": 55.42857142857143, "autre pain": 35.875, "pain de mie": 49.88235294117647, "pain baguette": 59.12516087516087, "pain de campagne ou bis": 64.21768707482993}}}