{"charcuterie": {"p\u00e2t\u00e9s, terrines, rillettes et foie gras": {"foie gras en conserve": 44.9, "p\u00e2t\u00e9 de t\u00eate ou fromage de t\u00eate": 75.0, "p\u00e2t\u00e9 de campagne": 42.457142857142856, "galantine": 75.0, "mousse de foie": 40.333333333333336, "p\u00e2t\u00e9 de foie de porc": 36.54545454545455, "rillettes pur porc": 42.07142857142857, "p\u00e2t\u00e9 de lapin": 100.0, "rillettes": 45.0, "p\u00e2t\u00e9 de foie de volaille": 50.0, "terrine de canard": 25.25}, "autre charcuterie ou charcuterie  sans pr\u00e9cision": {"charcuterie sans pr\u00e9cision": 50.0, "autre charcuterie": 33.5}, "saucisses, saucissons, andouilles et boudins": {"saucisse de morteau cuite": 145.0, "mortadelle": 25.0, "andouille r\u00e9chauff\u00e9e": 41.9, "chorizo sec": 13.0, "saucisse s\u00e8che": 25.166666666666668, "saucisse de francfort": 98.33333333333333, "boudin noir cuit": 95.11111111111111, "saucisse alsacienne fum\u00e9e ou gendarme": 50.0, "saucisse cocktail": 125.0, "rosette ou fuseau": 11.25, "saucisson sec": 36.93333333333333, "chair \u00e0 saucisse": 200.0, "salami": 31.5, "chipolata cuite": 61.111111111111114, "andouillette r\u00e9chauff\u00e9e": 162.66666666666666, "merguez de b\u0153uf et de mouton cuite": 70.45454545454545, "boudin blanc cuit": 126.875, "saucisson \u00e0 l'ail": 37.714285714285715, "saucisse de toulouse cuite": 111.66666666666667, "cervelas": 35.2, "saucisse sans pr\u00e9cision": 107.75, "saucisse de strasbourg": 77.29166666666667}, "jambons et charcuteries en pi\u00e8ces": {"jambon cuit dd (d\u00e9couenn\u00e9 d\u00e9graiss\u00e9)": 57.0, "jambon cuit": 60.32258064516129, "poitrine de porc fum\u00e9e": 175.0, "lardon nature cuit": 25.36, "jambon cuit sup\u00e9rieur": 63.888888888888886, "jambon cru fum\u00e9": 40.0, "pancetta ou poitrine roul\u00e9e s\u00e8che": 25.0, "jambon sec dd (d\u00e9couenn\u00e9 d\u00e9graiss\u00e9)": 26.25, "jambon cru": 50.90909090909091, "jambonneau cuit": 90.0, "bacon filet cuit": 38.333333333333336}}}