{"margarine": {"sans": {"margarine \u00e0 l'huile d'olive  60% m.g. ajout\u00e9ee \u00e0 la cuisson": 10.0, "margarine ordinaire  60% m.g. ajout\u00e9e \u00e0 la cuisson": 10.0, "margarine type primev\u00e8re 60% m.g. ajout\u00e9e \u00e0 la cuisson": 8.863636363636363, "margarine all\u00e9g\u00e9e  40% m.g. ajout\u00e9e \u00e0 la cuisson": 10.0, "margarine all\u00e9g\u00e9e demi-sel  40% m.g. ajout\u00e9e \u00e0 la cuisson": 10.0, "mati\u00e8re grasse l\u00e9g\u00e8re 38-41% m.g. demi-sel tartiner": 5.0, "margarine ordinaire  70% ou 80% m.g. ajout\u00e9e \u00e0 la cuisson": 10.0, "margarine all\u00e9g\u00e9e demi-sel 40% m.g. ajout\u00e9e au service": 8.0625, "mati\u00e8re grasse l\u00e9g\u00e8re 38-41% m.g. \u00e0 tartiner": 15.357142857142858, "margarine ordinaire 70% ou 80% m.g. ajout\u00e9e au service": 9.375, "margarine au tournesol 70% ou 80% m.g. ajout\u00e9e au service": 5.636363636363637, "margarine au tournesol 60% m.g. ajout\u00e9e au service": 8.5, "mati\u00e8re grasse 70% m.g. en pain type astra": 24.166666666666668, "mati\u00e8re grasse l\u00e9g\u00e8re 35% m.g. enrichie en st\u00e9rols/stanols type proactive tartin": 20.0, "margarine au tournesol  70% ou 80% m.g. ajout\u00e9e \u00e0 la cuisson": 10.0, "margarine au tournesol en barquette 80% m.g. type fruit d'or": 12.454545454545455, "margarine au tournesol  60% m.g. ajout\u00e9e \u00e0 la cuisson": 9.509803921568627, "margarine type primev\u00e8re 60% m.g. ajout\u00e9e au service": 7.333333333333333, "mati\u00e8re grasse all\u00e9g\u00e9e 55-60% m.g. riche en om\u00e9ga 3 et 6": 17.795454545454547, "margarine de cuisine 80% m.g.": 11.071428571428571, "mati\u00e8re grasse all\u00e9g\u00e9e 60% m.g.": 12.035714285714286, "margarine all\u00e9g\u00e9e 40% m.g. ajout\u00e9e au service": 11.0, "margarine proactiv de fruit d'or ajout\u00e9e \u00e0 la cuisson": 7.894736842105263}}}