{"region_6_partitions_foodgrp_19": {"abats": {"sans": {"foie de génisse cuit": 89.57142857142857, "langue de bœuf cuite": 90.38461538461539, "autre abat": 163.33333333333334, "rognon de porc cuit": 120.0, "canard gésier confit égoutté et réchauffé": 93.75}}}}