{"volaille et gibier": {"gibier": {"chevreuil r\u00f4ti": 96.66666666666667}, "volailles et lapins": {"poule viande bouillie": 305.0, "blanc de poulet cuit": 90.25, "poulet cuisse r\u00f4tie viande et peau": 241.86666666666667, "dinde viande r\u00f4tie": 105.72727272727273, "lapin en rago\u00fbt": 180.0, "lapin viande cuite": 166.66666666666666, "confit de canard": 50.0, "brochette de volaille": 112.5, "poule bouillie viande et peau": 80.0, "dinde ou autre volaille escalope saut\u00e9e": 101.6875, "canard viande r\u00f4tie": 135.0, "canard magret cuit \u00e0 la po\u00eale": 94.0, "autre volaille cuite": 190.85714285714286, "caille cuite viande et peau": 100.0, "poulet r\u00f4ti viande et peau": 113.0140625}}}