{"l\u00e9gumes (hors pommes de terre)": {"champignons": {"champignon tout type en conserve": 110.51724137931035, "champignon de paris en conserve": 110.0, "champignon de paris saut\u00e9": 120.75}, "m\u00e9langes de l\u00e9gumes, l\u00e9gumes pr\u00e9par\u00e9s et autres l\u00e9gumes": {"ratatouille ni\u00e7oise": 154.03846153846155, "l\u00e9gume en pur\u00e9e hors pomme de terre non sal\u00e9": 130.83333333333334, "crudit\u00e9s vinaigrette sans pr\u00e9cision": 67.85714285714286, "c\u00e9leri r\u00e9moulade": 60.714285714285715, "pulpe de tomate en conserve": 200.0, "petits pois et carottes en conserve": 96.15384615384616, "champignons \u00e0 la grecque": 150.0, "l\u00e9gumes cuits sans pr\u00e9cision": 106.88888888888889, "guacamole industriel": 35.0, "autre l\u00e9gume frais ou crudit\u00e9, sans assaisonnement": 36.25, "mac\u00e9doine de l\u00e9gumes en conserve": 125.03846153846153, "l\u00e9gumes m\u00e9lang\u00e9s surgel\u00e9s": 117.14285714285714, "terrine ou mousse de l\u00e9gumes": 82.0}, "choux": {"chou-fleur cuit": 163.89473684210526, "chou vert cuit": 156.66666666666666, "chou blanc cru": 50.0, "chou rouge cru": 141.66666666666666, "brocoli cuit": 133.61111111111111, "chou de bruxelles cuit": 150.0}, "l\u00e9gumes tiges": {"asperge cuite": 50.0, "artichaut cuit": 381.5, "germe ou pousse de soja en conserve": 27.5, "c\u00e9leri branche cuit": 75.0, "germe ou pousse de soja cru": 82.5, "poireau cuit": 80.625, "fenouil cuit \u00e0 l'eau": 175.0, "c\u0153ur de palmier en conserve": 75.625, "asperge en conserve": 70.83333333333333}, "haricots verts et petits pois (l\u00e9gumes potagers)": {"haricot vert surgel\u00e9 cuit": 114.58333333333333, "haricot beurre en conserve": 50.0, "petit pois cuit": 71.85714285714286, "petit pois en conserve": 131.05263157894737, "haricot vert cuit": 115.575, "haricot vert en conserve \u00e9goutt\u00e9": 126.9}, "l\u00e9gumes racines, tubercules ou bulbes": {"oignon cuit": 18.3125, "salsifis en conserve": 137.5, "oignon cru": 7.75, "carotte en conserve": 94.0, "radis rouge cru": 61.8421052631579, "\u00e9chalote crue": 5.6923076923076925, "betterave rouge cuite": 68.0, "navet cuit": 100.0, "c\u00e9leri-rave cru": 65.0, "carotte cuite": 75.725, "carotte crue": 71.47887323943662}, "l\u00e9gumes fruits": {"tomate cerise crue": 37.857142857142854, "potiron cuit": 50.0, "ma\u00efs doux en conserve": 58.074074074074076, "aubergine cuite": 111.5, "poivron vert jaune ou rouge cuit": 48.0, "ma\u00efs doux en \u00e9pis cuit": 25.0, "poivron rouge cuit": 46.666666666666664, "tomate pel\u00e9e en conserve": 98.0, "concombre cru pulpe": 85.64102564102564, "tomate crue": 85.76666666666667, "avocat frais": 100.35483870967742, "poivron vert cuit": 53.75, "courgette cuite": 99.78947368421052}, "l\u00e9gumes feuilles": {"scarole crue": 29.166666666666668, "endive cuite": 144.5, "chicor\u00e9e fris\u00e9e crue": 34.0, "salade verte sans assaisonnement sans pr\u00e9cision": 33.76623376623377, "autre salade sans assaisonnement": 48.61538461538461, "laitue cuite": 30.0, "laitue crue": 33.191489361702125, "\u00e9pinard cuit": 146.47058823529412, "bette ou blette cuite": 50.0, "m\u00e2che crue": 34.193548387096776, "endive crue": 34.166666666666664}}}