{"lait": {"lait aromatis\u00e9": {"milk-shake sans pr\u00e9cision": 246.66666666666666, "lait demi-\u00e9cr\u00e9m\u00e9 aromatis\u00e9 au chocolat": 325.0}, "lait concentr\u00e9 ou en poudre": {"lait entier concentr\u00e9 non sucr\u00e9": 20.0, "lait entier concentr\u00e9 sucr\u00e9": 40.0, "lait \u00e9cr\u00e9m\u00e9 en poudre": 4.0}, "lait en bouteille ou en brique": {"lait demi-\u00e9cr\u00e9m\u00e9 uht": 226.68099547511312, "lait demi-\u00e9cr\u00e9m\u00e9 pasteuris\u00e9": 304.0, "lait entier uht": 325.0, "lait entier pasteuris\u00e9": 120.0, "lait \u00e9cr\u00e9m\u00e9 uht": 155.7941176470588}, "autre lait": {"autre lait": 220.83333333333334}}}