{"oeufs et d\u00e9riv\u00e9s": {"sans": {"omelette aux lardons": 200.0, "omelette nature cuite au beurre": 131.8, "oeuf dur": 66.62790697674419, "oeuf poch\u00e9": 60.0, "jaune d'\u0153uf cuit": 18.5, "oeuf au plat sal\u00e9": 107.36842105263158, "omelette aux champignons": 200.0, "oeuf \u00e0 la coque": 82.27272727272727, "oeufs brouill\u00e9s au beurre": 150.0}}}