{"abats": {"sans": {"foie de g\u00e9nisse cuit": 89.57142857142857, "autre abat": 163.33333333333334, "rognon de porc cuit": 120.0, "langue de b\u0153uf cuite": 90.38461538461539, "canard g\u00e9sier confit \u00e9goutt\u00e9 et r\u00e9chauff\u00e9": 93.75}}}