{"autres boissons chaudes": {"th\u00e9 et infusions": {"tisane infus\u00e9e non sucr\u00e9e": 275.1111111111111, "th\u00e9 infus\u00e9 non sucr\u00e9": 293.28205128205127}, "cacao, poudres et boissons cacaot\u00e9es": {"poudre cacaot\u00e9e sucr\u00e9e enrichie pour boisson": 9.333333333333334, "poudre cacaot\u00e9e et sucr\u00e9e pour boisson au chocolat": 13.342857142857143, "boisson instantan\u00e9e cacaot\u00e9e sucr\u00e9e reconstitu\u00e9e": 305.8974358974359, "boisson instantan\u00e9e cacaot\u00e9e enrichie en vitamines reconstitu\u00e9e": 325.0, "boisson cacaot\u00e9e sucr\u00e9e au lait type cacolac": 350.0}, "chicor\u00e9e et poudre malt\u00e9e": {"poudre soluble \u00e0 base de chicor\u00e9e et de caf\u00e9 type ricor\u00e9": 2.6944444444444446, "chicor\u00e9e en poudre soluble type leroux": 8.4}}}