{"pain et panification sèche": {"biscottes et panification sèche": {"autre biscotte": 25.95, "tartine extrudée fourrée au chocolat ou aux fruits type craquinette de lu": 40.666666666666664, "pain grillé au froment type tranches pain grillé pelletier lu braisotte jacquet": 53.333333333333336, "biscotte complète ou riche en fibres": 38.57142857142857, "biscotte sans adjonction de sel": 21.714285714285715, "biscotte classique type heudebert lu": 28.162790697674417}, "autres produits de panification": {"chapelure ou panure": 4.0, "croûtons": 50.333333333333336, "fougasse garnie": 100.0}, "pain": {"pain grillé maison": 63.06818181818182, "pain baguette sans sel": 78.0, "pain aux céréales artisanal": 55.94827586206897, "pain courant français boule à la levure": 70.04237288135593, "pain sans précision": 60.125, "pain de seigle et froment": 70.0, "pain brioché ou viennois": 52.1875, "pain complet ou intégral artisanal": 55.42857142857143, "autre pain": 35.875, "pain de mie": 49.88235294117647, "pain baguette": 59.12516087516087, "pain de campagne ou bis": 64.21768707482993}}}