{"sucres et d\u00e9riv\u00e9s": {"confiserie": {"bonbons g\u00e9lifi\u00e9s": 14.0, "p\u00e2te de fruits": 20.0, "chewing-gum sucr\u00e9": 4.55, "confiserie drag\u00e9ifi\u00e9e au chocolat type smarties": 15.0, "bonbons tout type sauf g\u00e9lifi\u00e9s": 21.98, "chewing-gum sans sucre": 5.785714285714286, "nougat ou touron": 25.833333333333332}, "confiture et miel": {"miel": 18.783333333333335, "confiture de cerise": 30.0, "confiture ajout\u00e9e au service": 14.23076923076923, "confiture d'orange": 20.0, "confiture de fraise": 30.0, "confiture d'abricot": 26.666666666666668, "confiture ou marmelade tout type": 31.69811320754717, "confiture all\u00e9g\u00e9e": 26.923076923076923}, "sucre et assimil\u00e9s": {"sucre roux": 9.528301886792454, "sucre blanc": 9.718820861678005, "sucre blanc ajout\u00e9 au service": 6.265822784810126, "sucre all\u00e9g\u00e9 type tutti free": 1.97}}}