{"pommes de terre et apparent\u00e9s": {"sans": {"pur\u00e9e de pomme de terre avec lait et beurre non sal\u00e9e": 177.7027027027027, "pomme de terre rissol\u00e9e surgel\u00e9e": 138.88888888888889, "pur\u00e9e de pomme de terre \u00e0 base de flocons reconstitu\u00e9e au lait demi-\u00e9cr\u00e9m\u00e9": 151.16666666666666, "pomme de terre dauphine cuite": 88.88888888888889, "gnocchis de pommes de terre": 75.0, "pomme de terre frite surgel\u00e9e cuite": 71.93396226415095, "pomme de terre cuite \u00e0 la vapeur": 195.3125, "pomme noisette pr\u00e9cuite surgel\u00e9e": 94.44444444444444, "pomme de terre cuite au four": 144.0, "pomme de terre frite non sal\u00e9e": 76.22950819672131, "pomme de terre cuite \u00e0 l'eau": 143.25396825396825}}}