{"fromages": {"fromages affin\u00e9s": {"fromage et mini fromage type bonbel-babybel": 31.666666666666668, "bleu et mini bleu de bresse fromage \u00e0 p\u00e2te persill\u00e9e 45% m.g.": 43.333333333333336, "comt\u00e9 fromage \u00e0 p\u00e2te press\u00e9e cuite 45% m.g.": 34.0, "emmental all\u00e9g\u00e9": 23.75, "reblochon fromage \u00e0 p\u00e2te press\u00e9e non cuite 45% m.g.": 31.0, "brie fromage \u00e0 p\u00e2te molle \u00e0 cro\u00fbte fleurie 45% m.g.": 33.333333333333336, "morbier fromage \u00e0 p\u00e2te press\u00e9e non cuite 45% m.g.": 35.0, "fromage des pyr\u00e9n\u00e9es au lait de vache": 36.0, "saint-paulin fromage \u00e0 p\u00e2te press\u00e9e non cuite 45-50% m.g.": 40.0, "fromage de ch\u00e8vre affin\u00e9 au lait pasteuris\u00e9 ou cru": 21.666666666666668, "coulommiers fromage \u00e0 p\u00e2te molle \u00e0 cro\u00fbte fleurie 40-45% m.g.": 48.75, "caprice des dieux fromage \u00e0 p\u00e2te molle 60% m.g.": 39.375, "tomme de montagne ou tomme de savoie": 25.0, "livarot fromage \u00e0 p\u00e2te molle \u00e0 cro\u00fbte lav\u00e9e 40% m.g.": 31.875, "parmesan fromage \u00e0 p\u00e2te press\u00e9e cuite 45% m.g.": 20.666666666666668, "fromage \u00e0 cuire pan\u00e9 au jambon type menu fromage": 100.0, "fromage de ch\u00e8vre mi-sec": 37.0, "emmental fromage \u00e0 p\u00e2te press\u00e9e cuite 45% m.g.": 31.529411764705884, "tome ou tomme fromage \u00e0 p\u00e2te press\u00e9e non cuite 45% m.g.": 28.0, "leerdammer fromage \u00e0 p\u00e2te press\u00e9e demi-cuite \u00e0 trous 45% m.g.": 33.57142857142857, "selles-sur-cher fromage de ch\u00e8vre": 60.0, "camembert et apparent\u00e9s 50% m.g.": 32.6, "raclette fromage \u00e0 p\u00e2te press\u00e9e non cuite 45% m.g.": 100.0, "cantal salers ou laguiole fromages \u00e0 p\u00e2te press\u00e9e non cuite 45% m.g.": 53.333333333333336, "fromage sans pr\u00e9cision": 34.16216216216216, "gruy\u00e8re fromage \u00e0 p\u00e2te press\u00e9e cuite 45% m.g.": 24.6625, "roquefort fromage de brebis \u00e0 p\u00e2te persill\u00e9e 52% m.g.": 65.0, "bleu d'auvergne fromage \u00e0 p\u00e2te persill\u00e9e 50% m.g.": 48.0, "fromage \u00e0 p\u00e2te molle \u00e0 cro\u00fbte fleurie genre camembert all\u00e9g\u00e9 20-30% m.g.": 30.0, "mimolette fromage \u00e0 p\u00e2te press\u00e9e non cuite 45% m.g.": 70.0, "sainte-maure fromage de ch\u00e8vre": 26.0, "saint albray fromage \u00e0 p\u00e2te molle 50% m.g.": 22.5, "camembert sans pr\u00e9cision": 40.42372881355932, "rouy fromage \u00e0 p\u00e2te molle \u00e0 cro\u00fbte lav\u00e9e 40% m.g.": 39.0, "fromage \u00e0 p\u00e2te press\u00e9e non cuite 40-50% m.g.": 21.5, "vieux pan\u00e9 fromage \u00e0 p\u00e2te molle 50% m.g.": 30.0, "crottin fromage de ch\u00e8vre": 30.0, "autre fromage \u00e0 p\u00e2te press\u00e9e cuite": 32.666666666666664, "port salut fromage \u00e0 p\u00e2te press\u00e9e non cuite \u00e0 cro\u00fbte lav\u00e9e 50% m.g.": 22.5, "maroilles fromage \u00e0 p\u00e2te molle \u00e0 cro\u00fbte lav\u00e9e 45% m.g.": 90.0, "camembert fromage \u00e0 p\u00e2te molle \u00e0 cro\u00fbte fleurie 45% m.g.": 43.431372549019606, "fromage des pyr\u00e9n\u00e9es au lait de brebis": 20.0, "boursault fromage \u00e0 p\u00e2te molle double cr\u00e8me": 30.0, "gouda fromage \u00e0 p\u00e2te press\u00e9e non cuite 30-40% m.g.": 36.42857142857143, "pont l'\u00e9v\u00eaque fromage \u00e0 p\u00e2te molle \u00e0 cro\u00fbte lav\u00e9e 45% m.g.": 35.0, "munster fromage \u00e0 p\u00e2te molle \u00e0 cro\u00fbte lav\u00e9e 45-50% m.g.": 30.0}, "autres fromages ou fromage sans pr\u00e9cision": {"autre fromage": 19.666666666666668}, "fromages fondus": {"p'tit louis fromage fondu 65% m.g.": 20.0, "saint-moret fromage fondu demi-sel 30% m.g.": 30.0, "fromage de ch\u00e8vre fondu \u00e0 tartiner nature type cabrette ou chavroux": 25.0, "fromage fondu 60-65% m.g. type six de savoie": 20.0, "vache qui rit fromage fondu 50% m.g.": 28.066666666666666, "fromage fondu aux noix type rambol": 16.0, "fromage fondu en portions ou en cubes 45-50% m.g.": 30.0, "ap\u00e9ricube fromage fondu 50% m.g.": 26.666666666666668, "saint-moret all\u00e9g\u00e9 fromage fondu demi-sel 20% m.g.": 100.0, "fromage fondu 25% m.g. type sylphide ou vache qui rit \u00e9quilibre et ligne": 19.82, "kiri cr\u00e8me fromage fondu double cr\u00e8me 70% m.g.": 20.727272727272727}, "fromages frais non affin\u00e9s": {"f\u00e9ta de brebis": 60.0, "boursin fromage frais sal\u00e9 aromatis\u00e9 70% m.g.": 28.0, "tartare fromage frais aromatis\u00e9 sal\u00e9 70% m.g.": 45.0, "ricotta": 33.0, "fromage frais \u00e0 tartiner \u00e0 plus de 60% m.g.": 20.0, "fromage frais \u00e0 tartiner 40-60% m.g": 100.0}}}