{"condiments et sauces": {"condiments d'assaisonnement": {"ail frais": 3.8958333333333335, "vinaigre": 7.414432989690722, "cube pour bouillon de b\u0153uf": 8.0, "concentr\u00e9 de tomate": 22.634615384615383, "sauce de soja": 7.395833333333333}, "condiments d'accompagnement": {"olive noire en saumure": 18.0, "olive verte en saumure": 30.0, "moutarde": 7.9772727272727275, "cornichon au vinaigre": 27.91176470588235, "ketchup": 36.388888888888886}, "herbes aromatiques": {"basilic frais": 2.25, "persil frais": 5.386363636363637, "menthe fra\u00eeche": 6.0, "thym sec": 3.8857142857142857, "ciboule ou ciboulette fra\u00eeche": 3.0625, "herbes aromatiques fra\u00eeches": 3.244444444444445}, "sauces": {"sauce hollandaise": 15.0, "mayonnaise \u00e0 l'huile de tournesol": 10.0, "sauce au yaourt": 22.5, "vinaigrette ajout\u00e9e au service": 20.0, "sauce tomate sans viande": 33.75, "sauce sans pr\u00e9cision": 35.0, "sauce \u00e0 la cr\u00e8me aux \u00e9pices": 15.0, "vinaigrette sans pr\u00e9cision": 21.692307692307693, "sauce \u00e0 la cr\u00e8me aux herbes": 22.5, "sauce \u00e0 la cr\u00e8me": 32.333333333333336, "sauce au vin rouge": 30.0, "mayonnaise ajout\u00e9e au service": 15.0, "sauce aux champignons": 60.0, "sauce au fromage": 10.0, "vinaigrette all\u00e9g\u00e9e ajout\u00e9e au service": 20.0, "sauce aigre-douce": 20.0, "mayonnaise": 11.846153846153847, "sauce b\u00e9arnaise": 15.0, "sauce au beurre": 25.0, "mayonnaise all\u00e9g\u00e9e": 18.333333333333332, "vinaigrette all\u00e9g\u00e9e": 25.6, "sauce au curry": 17.5, "sauce tomate \u00e0 la viande ou bolognaise type panzani ou buitoni": 73.6842105263158, "sauce moutarde": 27.0, "sauce pesto": 30.0, "autre sauce": 20.5, "vinaigrette \u00e0 l'huile d'olive": 18.307692307692307, "sauce b\u00e9chamel en brique": 32.69230769230769}, "sel et \u00e9pices": {"curry en poudre": 1.6875, "sel de mer": 3.5, "sel fin ou gros": 2.0921985815602837, "poivre noir moulu": 1.1893939393939394, "\u00e9pices sans pr\u00e9cision": 2.6875}}}