{"viande": {"autre viande": {"brochette mixte de viande": 135.0, "viande cuite sans pr\u00e9cision": 120.0}, "b\u0153uf en pi\u00e8ces ou hach\u00e9": {"steak hach\u00e9 20% m.g. cuit": 74.0, "b\u0153uf boulettes cuites": 100.0, "b\u0153uf faux-filet grill\u00e9": 166.66666666666666, "steak hach\u00e9 5% m.g. cuit": 108.0, "carpaccio de boeuf": 20.0, "steak hach\u00e9 15% m.g. cuit": 129.77611940298507, "b\u0153uf brais\u00e9": 80.0, "boeuf bifteck grill\u00e9": 129.42105263157896, "b\u0153uf \u00e0 bourguignon cuit": 93.33333333333333, "b\u0153uf entrec\u00f4te grill\u00e9e": 201.11111111111111, "b\u0153uf rosbif r\u00f4ti": 116.44736842105263}, "porc": {"porc c\u00f4telette grill\u00e9e": 149.33846153846153, "porc filet r\u00f4ti maigre cuit": 98.0, "porc travers brais\u00e9": 103.75, "porc r\u00f4ti cuit": 103.85915492957747}, "agneau": {"agneau c\u00f4telette grill\u00e9e": 173.52941176470588, "agneau gigot r\u00f4ti": 96.1842105263158}, "veau": {"veau escalope cuite": 90.0, "veau r\u00f4ti": 101.25, "veau filet r\u00f4ti": 103.33333333333333, "veau c\u00f4te cuite": 151.66666666666666, "veau mijot\u00e9": 105.0, "veau escalope pan\u00e9e": 90.0}}}