{"region_6_partitions_foodgrp_17": {"viande": {"bœuf en pièces ou haché": {"steak haché 20% m.g. cuit": 74.0, "bœuf boulettes cuites": 100.0, "bœuf faux-filet grillé": 166.66666666666666, "steak haché 5% m.g. cuit": 108.0, "steak haché 15% m.g. cuit": 129.77611940298507, "boeuf bifteck grillé": 129.42105263157896, "carpaccio de boeuf": 20.0, "bœuf à bourguignon cuit": 93.33333333333333, "bœuf braisé": 80.0, "bœuf rosbif rôti": 116.44736842105263, "bœuf entrecôte grillée": 201.11111111111111}, "autre viande": {"brochette mixte de viande": 135.0, "viande cuite sans précision": 120.0}, "porc": {"porc côtelette grillée": 149.33846153846153, "porc filet rôti maigre cuit": 98.0, "porc travers braisé": 103.75, "porc rôti cuit": 103.85915492957747}, "agneau": {"agneau côtelette grillée": 173.52941176470588, "agneau gigot rôti": 96.1842105263158}, "veau": {"veau escalope cuite": 90.0, "veau rôti": 101.25, "veau filet rôti": 103.33333333333333, "veau côte cuite": 151.66666666666666, "veau mijoté": 105.0, "veau escalope panée": 90.0}}}}