{"caf\u00e9": {"sans": {"caf\u00e9 soluble d\u00e9caf\u00e9in\u00e9 reconstitu\u00e9 pr\u00eat \u00e0 boire non sucr\u00e9": 275.0, "caf\u00e9 soluble en poudre": 6.5, "caf\u00e9 au lait ou caf\u00e9 cr\u00e8me ou cappuccino non sucr\u00e9": 276.3829787234043, "caf\u00e9 soluble reconstitu\u00e9 pr\u00eat \u00e0 boire non sucr\u00e9": 185.58823529411765, "caf\u00e9 expresso non sucr\u00e9": 97.42857142857143, "caf\u00e9 noir pr\u00eat \u00e0 boire non sucr\u00e9": 215.94230769230768, "caf\u00e9 d\u00e9caf\u00e9in\u00e9 pr\u00eat \u00e0 boire non sucr\u00e9": 202.40740740740742}}}