{"fruits secs et graines ol\u00e9agineuses": {"ol\u00e9agineux et graines": {"cacahu\u00e8te ou arachide": 25.555555555555557, "pistache r\u00f4tie sal\u00e9e": 30.6, "noix de cajou sal\u00e9e": 25.0, "cacahu\u00e8te grill\u00e9e sal\u00e9e": 56.42857142857143, "noix": 53.95, "graine de s\u00e9same et autres": 5.5, "noix de coco amande s\u00e8che": 20.0, "pignon de pin": 7.0, "amande": 20.0}, "fruits secs et ch\u00e2taignes": {"abricot sec": 40.0, "ch\u00e2taigne grill\u00e9e": 90.0, "datte s\u00e8che": 13.333333333333334, "figue s\u00e8che": 57.5, "pruneau sec": 25.25, "m\u00e9lange pour ap\u00e9ritif de fruits exotiques s\u00e9ch\u00e9s": 10.0, "raisin sec": 18.23076923076923}, "m\u00e9langes": {"m\u00e9lange pour ap\u00e9ritif de graines sal\u00e9es et raisin sec": 10.0, "fruits secs ou s\u00e9ch\u00e9s et graines ol\u00e9agineuses sans pr\u00e9cision": 28.333333333333332}}}