{"region_6_partitions_foodgrp_13": {"beurre": {"sans": {"beurre doux léger 39-41% m.g.": 9.615384615384615, "beurre salé sel > 3%": 21.0, "matière grasse laitière légère 25% m.g. à tartiner type bridelight": 17.35, "beurre doux": 10.742957746478874, "beurre allégé 60-62 % m.g. demi-sel": 13.5, "beurre salé non allégé ajouté à la cuisson": 9.361702127659575, "beurre allégé ajouté au service": 7.896551724137931, "beurre allégé ajouté à la cuisson": 9.102564102564102, "beurre salé non allégé ajoutée au service": 8.906976744186046, "beurre demi-sel sel maxi 3%": 11.30952380952381, "beurre doux non allégé ajouté à la cuisson": 9.257246376811594, "beurre allégé sans précision": 13.0, "beurre doux non allégé ajoutée au service": 9.076923076923077}}}}