{"fruits": {"sans": {"fruit sans pr\u00e9cision": 50.0, "ananas frais": 113.0, "litchi frais": 37.5, "cerise fra\u00eeche": 180.0, "framboise fra\u00eeche": 50.0, "raisin noir frais": 139.58333333333334, "salade de fruits frais": 200.0, "abricot frais": 145.0909090909091, "mirabelle fra\u00eeche": 242.85714285714286, "banane fra\u00eeche": 141.36021505376345, "kiwi frais": 104.9390243902439, "pamplemousse frais": 105.83333333333333, "mangue fra\u00eeche": 113.25, "raisin blanc frais": 148.96774193548387, "prune reine-claude fra\u00eeche": 135.45454545454547, "fraise fra\u00eeche": 175.0, "nectarine non pel\u00e9e fra\u00eeche": 124.25, "melon frais": 248.16666666666666, "orange fra\u00eeche": 167.77027027027026, "fruits rouges frais (framboises, fraises, groseilles, cassis)": 50.0, "poire non pel\u00e9e fra\u00eeche": 171.98837209302326, "citron frais": 16.75, "p\u00eache non pel\u00e9e fra\u00eeche": 186.39705882352942, "cl\u00e9mentine ou mandarine fra\u00eeche": 120.33333333333333, "pomme non pel\u00e9e fra\u00eeche": 200.11040609137055}}}