{"condiments et sauces": {"condiments d'assaisonnement": {"ail frais": 3.8958333333333335, "cube pour bouillon de bœuf": 8.0, "vinaigre": 7.414432989690722, "sauce de soja": 7.395833333333333, "concentré de tomate": 22.634615384615383}, "condiments d'accompagnement": {"olive noire en saumure": 18.0, "olive verte en saumure": 30.0, "moutarde": 7.9772727272727275, "cornichon au vinaigre": 27.91176470588235, "ketchup": 36.388888888888886}, "herbes aromatiques": {"basilic frais": 2.25, "persil frais": 5.386363636363637, "menthe fraîche": 6.0, "thym sec": 3.8857142857142857, "ciboule ou ciboulette fraîche": 3.0625, "herbes aromatiques fraîches": 3.244444444444445}, "sauces": {"sauce hollandaise": 15.0, "mayonnaise à l'huile de tournesol": 10.0, "sauce au yaourt": 22.5, "vinaigrette ajoutée au service": 20.0, "sauce tomate sans viande": 33.75, "sauce sans précision": 35.0, "sauce à la crème aux épices": 15.0, "vinaigrette sans précision": 21.692307692307693, "sauce à la crème aux herbes": 22.5, "sauce à la crème": 32.333333333333336, "sauce au vin rouge": 30.0, "mayonnaise ajoutée au service": 15.0, "sauce aux champignons": 60.0, "sauce au fromage": 10.0, "vinaigrette allégée ajoutée au service": 20.0, "sauce aigre-douce": 20.0, "mayonnaise": 11.846153846153847, "sauce béarnaise": 15.0, "sauce au beurre": 25.0, "mayonnaise allégée": 18.333333333333332, "vinaigrette allégée": 25.6, "sauce au curry": 17.5, "sauce tomate à la viande ou bolognaise type panzani ou buitoni": 73.6842105263158, "sauce moutarde": 27.0, "sauce pesto": 30.0, "autre sauce": 20.5, "vinaigrette à l'huile d'olive": 18.307692307692307, "sauce béchamel en brique": 32.69230769230769}, "sel et épices": {"curry en poudre": 1.6875, "sel de mer": 3.5, "sel fin ou gros": 2.0921985815602837, "poivre noir moulu": 1.1893939393939394, "épices sans précision": 2.6875}}}