{"boissons alcoolis\u00e9es": {"cidre": {"cidre brut": 332.72727272727275, "cidre": 466.6666666666667, "cidre traditionnel": 351.42857142857144, "cidre doux": 297.5}, "spiritueux et vins cuits": {"eau-de-vie": 27.0, "porto": 100.0, "vodka": 150.0, "rhum": 42.142857142857146, "ap\u00e9ritif \u00e0 la gentiane": 50.0, "vin doux naturel ou vin mut\u00e9 autre que porto type muscat banyuls ou maury": 50.0, "ap\u00e9ritif \u00e0 base de vin ou vermouth type martini": 75.78947368421052, "liqueurs": 40.833333333333336, "whisky": 67.82608695652173}, "vin": {"vin sans pr\u00e9cision": 197.5, "vin rouge 11\u00b0": 120.41666666666667, "vin blanc 11\u00b0": 196.13636363636363, "vin rouge 12\u00b0": 152.35915492957747, "vin rouge 10\u00b0": 160.96774193548387, "vin blanc mousseux": 116.66666666666667, "champagne": 141.42857142857142, "vin ros\u00e9 11\u00b0": 191.5, "vin rouge 13\u00b0 et plus": 130.0}, "cocktails et m\u00e9langes": {"kir": 111.11111111111111, "cocktail type punch planteur": 300.0, "sangria": 87.5, "panach\u00e9": 233.33333333333334, "pastis pr\u00eat \u00e0 boire (1+5)": 193.84615384615384, "cocktail alcoolis\u00e9": 398.0, "kir royal": 100.0}, "bi\u00e8re": {"bi\u00e8re sp\u00e9ciale \u00e0 5-6\u00b0 d'alcool type 1664 pelforth ambr\u00e9e ou fischer heineken": 300.0, "bi\u00e8re de sp\u00e9cialit\u00e9s ou d'abbaye r\u00e9gionales ou de brasserie degr\u00e9 d'alcool varia": 415.0, "bi\u00e8re brune": 1000.0, "bi\u00e8re c\u0153ur de march\u00e9 \u00e0 4-5\u00b0 d'alcool type kronenbourg ou 33 export": 458.0769230769231}}}