{"riz et bl\u00e9 dur ou concass\u00e9": {"riz": {"riz blanc cuit": 126.65562913907284, "riz complet cuit": 68.75}, "bl\u00e9": {"couscous (graine seule) semoule cuite": 131.52173913043478, "bl\u00e9 dur pr\u00e9cuit nature type ebly": 87.5}}}