{"eaux": {"eau min\u00e9rale plate": {"\u00e9vian eau plate": 294.24657534246575, "luchon eau plate": 255.41666666666666, "abatilles eau plate": 110.0, "vittel eau plate": 309.8529411764706, "alet eau plate": 127.72727272727273, "h\u00e9par eau plate": 279.42857142857144, "mont roucous eau plate": 503.125, "contrex eau plate": 445.8181818181818, "thonon eau plate": 106.66666666666667, "volvic eau plate": 263.9, "valvert eau plate": 291.3636363636364}, "eau du robinet": {"eau du robinet": 332.61027486910996}, "eau min\u00e9rale gazeuse": {"san pellegrino eau gazeuse": 250.0, "eau gazeuse sans pr\u00e9cision": 474.0, "salvetat eau gazeuse": 990.0, "perrier eau gazeuse": 412.5, "qu\u00e9zac eau gazeuse": 270.0, "badoit eau gazeuse": 383.52941176470586, "vichy c\u00e9lestins eau gazeuse": 866.6666666666666, "ogeu eau gazeuse": 302.3333333333333, "arvie eau gazeuse": 100.0, "sainte marguerite eau gazeuse": 180.0}, "eau de source": {"eau de source": 329.7330097087379}, "autre eau": {"eau min\u00e9rale sans pr\u00e9cision": 329.125, "autre eau min\u00e9rale": 439.61538461538464, "eau min\u00e9rale ou non faiblement min\u00e9ralis\u00e9e": 353.1034482758621}}}