{"volaille et gibier": {"gibier": {"chevreuil r\u00f4ti": 80.0, "sanglier r\u00f4ti": 173.33333333333334, "faisan viande r\u00f4tie": 400.0}, "volailles et lapins": {"poule viande bouillie": 148.33333333333334, "blanc de poulet cuit": 89.42592592592592, "poulet cuisse r\u00f4tie viande et peau": 232.8846153846154, "dinde viande r\u00f4tie": 113.66666666666667, "lapin en rago\u00fbt": 182.5, "lapin viande cuite": 123.75, "oie viande r\u00f4tie": 224.16666666666666, "pigeon viande r\u00f4tie": 50.0, "confit de canard": 167.0909090909091, "poule bouillie viande et peau": 101.25, "dinde ou autre volaille escalope saut\u00e9e": 100.1470588235294, "volaille cuite sans pr\u00e9cision": 125.0, "canard viande r\u00f4tie": 210.83333333333334, "canard magret cuit \u00e0 la po\u00eale": 84.17567567567568, "autre volaille cuite": 97.54545454545455, "caille cuite viande et peau": 100.0, "poulet r\u00f4ti viande et peau": 132.05842696629213}}}