{"caf\u00e9": {"sans": {"caf\u00e9 soluble d\u00e9caf\u00e9in\u00e9 reconstitu\u00e9 pr\u00eat \u00e0 boire non sucr\u00e9": 275.0, "caf\u00e9 soluble en poudre": 1.793103448275862, "caf\u00e9 au lait ou caf\u00e9 cr\u00e8me ou cappuccino non sucr\u00e9": 260.625, "caf\u00e9 soluble reconstitu\u00e9 pr\u00eat \u00e0 boire non sucr\u00e9": 196.25, "caf\u00e9 expresso non sucr\u00e9": 147.07692307692307, "caf\u00e9 noir pr\u00eat \u00e0 boire non sucr\u00e9": 185.9757834757835, "caf\u00e9 d\u00e9caf\u00e9in\u00e9 pr\u00eat \u00e0 boire non sucr\u00e9": 216.57894736842104}}}