{"pommes de terre et apparent\u00e9s": {"sans": {"pur\u00e9e de pomme de terre avec lait et beurre non sal\u00e9e": 174.3421052631579, "pomme de terre rissol\u00e9e surgel\u00e9e": 139.43333333333334, "pur\u00e9e de pomme de terre \u00e0 base de flocons reconstitu\u00e9e au lait demi-\u00e9cr\u00e9m\u00e9": 177.14285714285714, "pomme de terre dauphine cuite": 127.77777777777777, "gnocchis de pommes de terre": 100.0, "pomme de terre frite surgel\u00e9e cuite": 82.77777777777777, "pomme de terre cuite \u00e0 la vapeur": 164.86486486486487, "pomme noisette pr\u00e9cuite surgel\u00e9e": 87.08333333333333, "pomme de terre cuite au four": 166.66666666666666, "pomme de terre frite non sal\u00e9e": 71.66666666666667, "patate douce cuite": 30.0, "pomme de terre cuite \u00e0 l'eau": 189.2391304347826}}}