{"fruits": {"sans": {"fruit sans pr\u00e9cision": 135.0, "ananas frais": 77.5, "litchi frais": 27.692307692307693, "cerise fra\u00eeche": 157.14285714285714, "framboise fra\u00eeche": 50.0, "raisin noir frais": 100.0, "salade de fruits frais": 175.0, "autre fruit": 115.0, "past\u00e8que fra\u00eeche": 150.0, "abricot frais": 170.88888888888889, "papaye fra\u00eeche": 200.0, "coing frais": 50.0, "banane fra\u00eeche": 137.59493670886076, "kiwi frais": 137.0793650793651, "pamplemousse frais": 111.25, "mangue fra\u00eeche": 100.0, "raisin blanc frais": 158.1, "fraise fra\u00eeche": 217.3913043478261, "nectarine non pel\u00e9e fra\u00eeche": 152.0, "melon frais": 249.3181818181818, "orange fra\u00eeche": 169.6818181818182, "kaki frais": 417.6923076923077, "fruits rouges frais (framboises, fraises, groseilles, cassis)": 100.0, "poire non pel\u00e9e fra\u00eeche": 177.35256410256412, "citron frais": 46.5, "prune reine-claude fra\u00eeche": 166.25, "cl\u00e9mentine ou mandarine fra\u00eeche": 109.34027777777777, "pomme non pel\u00e9e fra\u00eeche": 198.4047619047619, "p\u00eache non pel\u00e9e fra\u00eeche": 146.4814814814815, "p\u00eache pel\u00e9e fra\u00eeche": 165.0}}}