{"region_16_partitions_foodgrp_26": {"fruits": {"sans": {"fruit sans précision": 135.0, "ananas frais": 77.5, "litchi frais": 27.692307692307693, "cerise fraîche": 157.14285714285714, "framboise fraîche": 50.0, "raisin noir frais": 100.0, "salade de fruits frais": 175.0, "autre fruit": 115.0, "pastèque fraîche": 150.0, "abricot frais": 170.88888888888889, "papaye fraîche": 200.0, "coing frais": 50.0, "banane fraîche": 137.59493670886076, "kiwi frais": 137.0793650793651, "pamplemousse frais": 111.25, "mangue fraîche": 100.0, "raisin blanc frais": 158.1, "fraise fraîche": 217.3913043478261, "nectarine non pelée fraîche": 152.0, "melon frais": 249.3181818181818, "orange fraîche": 169.6818181818182, "kaki frais": 417.6923076923077, "fruits rouges frais (framboises, fraises, groseilles, cassis)": 100.0, "poire non pelée fraîche": 177.35256410256412, "citron frais": 46.5, "prune reine-claude fraîche": 166.25, "clémentine ou mandarine fraîche": 109.34027777777777, "pomme non pelée fraîche": 198.4047619047619, "pêche non pelée fraîche": 146.4814814814815, "pêche pelée fraîche": 165.0}}}}