{"lait": {"lait concentr\u00e9 ou en poudre": {"lait entier concentr\u00e9 sucr\u00e9": 7.0}, "lait en bouteille ou en brique": {"lait demi-\u00e9cr\u00e9m\u00e9 uht \u00e0 teneur garantie en vitamines": 323.0, "lait demi-\u00e9cr\u00e9m\u00e9 uht \u00e0 teneur garantie en prot\u00e9ines et vitamines enrichi en min\u00e9": 233.2, "lait entier uht": 228.89655172413794, "lait entier pasteuris\u00e9": 250.0, "lait \u00e9cr\u00e9m\u00e9 uht": 105.875, "lait demi-\u00e9cr\u00e9m\u00e9 uht": 231.5188679245283, "lait \u00e9cr\u00e9m\u00e9 uht \u00e0 teneur garantie en vitamines": 130.0}, "autre lait": {"autre lait": 178.65384615384616}}}