{"viennoiserie": {"sans": {"croissant au beurre artisanal": 55.0, "croissant sans précision": 80.0, "brioche sans précision": 58.32051282051282, "pain aux raisins": 48.333333333333336, "pain au chocolat feuilleté artisanal": 58.154761904761905, "brioche industrielle préemballée": 48.18181818181818, "chausson aux pommes": 100.0, "pain au lait artisanal": 53.166666666666664, "croissant aux amandes artisanal": 70.0, "croissant ordinaire artisanal": 60.526315789473685}}}