{"boissons alcoolis\u00e9es": {"cidre": {"cidre brut": 200.0, "cidre": 163.5, "cidre traditionnel": 150.0, "cidre doux": 120.0}, "spiritueux et vins cuits": {"porto": 4.0, "vodka": 8.0, "ap\u00e9ritif \u00e0 base de vin ou vermouth type martini": 93.33333333333333, "ap\u00e9ritif \u00e0 la gentiane": 66.66666666666667, "vin doux naturel ou vin mut\u00e9 autre que porto type muscat banyuls ou maury": 66.66666666666667, "liqueurs": 40.5, "whisky": 72.94117647058823}, "vin": {"vin sans pr\u00e9cision": 184.01639344262296, "vin rouge 11\u00b0": 318.3333333333333, "vin blanc 11\u00b0": 190.01388888888889, "vin rouge 12\u00b0": 127.61627906976744, "vin rouge 10\u00b0": 205.57291666666666, "vin blanc mousseux": 133.33333333333334, "champagne": 214.0, "vin ros\u00e9 11\u00b0": 201.58536585365854}, "cocktails et m\u00e9langes": {"kir": 100.0, "pastis pr\u00eat \u00e0 boire (1+5)": 174.7826086956522, "sangria": 252.0, "p\u00e9tillant de fruits": 100.0, "cocktail type punch planteur": 120.0}, "bi\u00e8re": {"bi\u00e8re sp\u00e9ciale \u00e0 5-6\u00b0 d'alcool type 1664 pelforth ambr\u00e9e ou fischer heineken": 250.0, "bi\u00e8re de sp\u00e9cialit\u00e9s ou d'abbaye r\u00e9gionales ou de brasserie degr\u00e9 d'alcool varia": 324.54545454545456, "bi\u00e8re brune": 370.0, "bi\u00e8re c\u0153ur de march\u00e9 \u00e0 4-5\u00b0 d'alcool type kronenbourg ou 33 export": 303.3333333333333}}}