{"condiments et sauces": {"condiments d'assaisonnement": {"ail frais": 3.885, "vinaigre": 6.5813953488372094, "cube pour bouillon de b\u0153uf": 15.0, "concentr\u00e9 de tomate": 105.0, "sauce de soja": 25.833333333333332}, "condiments d'accompagnement": {"c\u00e2pres": 12.0, "olive verte en saumure": 21.5, "olive noire en saumure": 7.6, "moutarde": 8.9375, "cornichon au vinaigre": 30.0, "tapenade d'olives": 6.0, "ketchup": 35.45454545454545}, "herbes aromatiques": {"herbes aromatiques fra\u00eeches": 2.4625, "basilic frais": 1.6, "ciboule ou ciboulette fra\u00eeche": 5.0, "persil frais": 6.180555555555555, "thym sec": 4.0}, "sauces": {"sauce hollandaise": 10.0, "mayonnaise \u00e0 l'huile de tournesol": 7.5, "sauce au yaourt": 22.5, "vinaigrette ajout\u00e9e au service": 18.943661971830984, "sauce tomate sans viande": 28.988095238095237, "sauce pesto": 45.0, "vinaigrette sans pr\u00e9cision": 19.44, "sauce \u00e0 la cr\u00e8me aux herbes": 15.0, "sauce \u00e0 la cr\u00e8me": 14.375, "sauce au vin rouge": 50.0, "mayonnaise ajout\u00e9e au service": 15.0, "vinaigrette all\u00e9g\u00e9e ajout\u00e9e au service": 20.0, "sauce aigre-douce": 5.0, "mayonnaise": 13.19767441860465, "sauce b\u00e9arnaise": 30.0, "sauce au beurre": 18.0, "mayonnaise all\u00e9g\u00e9e": 11.666666666666666, "vinaigrette all\u00e9g\u00e9e": 21.5, "sauce au curry": 15.0, "sauce tomate \u00e0 la viande ou bolognaise type panzani ou buitoni": 45.0, "sauce moutarde": 25.0, "sauce \u00e0 la cr\u00e8me aux \u00e9pices": 30.0, "autre sauce": 21.11111111111111, "vinaigrette \u00e0 l'huile d'olive": 18.954545454545453, "sauce b\u00e9chamel en brique": 34.642857142857146}, "sel et \u00e9pices": {"curry en poudre": 2.35, "poivre noir moulu": 1.0161290322580645, "gingembre moulu": 3.875, "cumin en graines": 1.0, "sel fin ou gros": 2.2452830188679247, "cannelle": 3.75, "sel de mer": 1.4072727272727272, "\u00e9pices sans pr\u00e9cision": 1.8611111111111112}}}