{"fromages": {"fromages affin\u00e9s": {"fromage triple cr\u00e8me plus de 75% m.g. type brillat savarin": 60.0, "fromage et mini fromage type bonbel-babybel": 51.666666666666664, "bleu et mini bleu de bresse fromage \u00e0 p\u00e2te persill\u00e9e 45% m.g.": 80.0, "comt\u00e9 fromage \u00e0 p\u00e2te press\u00e9e cuite 45% m.g.": 30.0, "emmental all\u00e9g\u00e9": 48.0, "reblochon fromage \u00e0 p\u00e2te press\u00e9e non cuite 45% m.g.": 51.666666666666664, "brie fromage \u00e0 p\u00e2te molle \u00e0 cro\u00fbte fleurie 45% m.g.": 39.6, "morbier fromage \u00e0 p\u00e2te press\u00e9e non cuite 45% m.g.": 20.0, "fourme d'ambert fromage \u00e0 p\u00e2te persill\u00e9e 50% m.g.": 40.0, "fromage des pyr\u00e9n\u00e9es au lait de vache": 28.0, "saint-paulin fromage \u00e0 p\u00e2te press\u00e9e non cuite 45-50% m.g.": 20.0, "fromage de ch\u00e8vre affin\u00e9 au lait pasteuris\u00e9 ou cru": 26.545454545454547, "coulommiers fromage \u00e0 p\u00e2te molle \u00e0 cro\u00fbte fleurie 40-45% m.g.": 65.0, "vacherin mont d'or fromage \u00e0 p\u00e2te molle \u00e0 cro\u00fbte lav\u00e9e au moins 45% m.g": 26.25, "port salut fromage \u00e0 p\u00e2te press\u00e9e non cuite \u00e0 cro\u00fbte lav\u00e9e 50% m.g.": 40.0, "caprice des dieux fromage \u00e0 p\u00e2te molle 60% m.g.": 61.875, "cantal salers ou laguiole fromages \u00e0 p\u00e2te press\u00e9e non cuite 45% m.g.": 31.129032258064516, "parmesan fromage \u00e0 p\u00e2te press\u00e9e cuite 45% m.g.": 13.333333333333334, "fromage de ch\u00e8vre mi-sec": 37.333333333333336, "emmental fromage \u00e0 p\u00e2te press\u00e9e cuite 45% m.g.": 33.138888888888886, "fromage de ch\u00e8vre affin\u00e9 au lait cru": 60.0, "tome ou tomme fromage \u00e0 p\u00e2te press\u00e9e non cuite 45% m.g.": 41.785714285714285, "leerdammer fromage \u00e0 p\u00e2te press\u00e9e demi-cuite \u00e0 trous 45% m.g.": 22.333333333333332, "saint-nectaire fromage \u00e0 p\u00e2te press\u00e9e non cuite 45% m.g.": 36.94444444444444, "camembert et apparent\u00e9s 50% m.g.": 48.75, "raclette fromage \u00e0 p\u00e2te press\u00e9e non cuite 45% m.g.": 180.71428571428572, "mimolette fromage \u00e0 p\u00e2te press\u00e9e non cuite 45% m.g.": 40.0, "fromage sans pr\u00e9cision": 38.8421052631579, "gruy\u00e8re fromage \u00e0 p\u00e2te press\u00e9e cuite 45% m.g.": 27.333333333333332, "roquefort fromage de brebis \u00e0 p\u00e2te persill\u00e9e 52% m.g.": 29.492753623188406, "fromage \u00e0 p\u00e2te molle \u00e0 cro\u00fbte fleurie genre camembert all\u00e9g\u00e9 20-30% m.g.": 21.666666666666668, "camembert sans pr\u00e9cision": 41.25, "sainte-maure fromage de ch\u00e8vre": 26.666666666666668, "saint albray fromage \u00e0 p\u00e2te molle 50% m.g.": 45.0, "rouy fromage \u00e0 p\u00e2te molle \u00e0 cro\u00fbte lav\u00e9e 40% m.g.": 37.5, "fromage \u00e0 p\u00e2te press\u00e9e non cuite 40-50% m.g.": 32.857142857142854, "chaumes fromage \u00e0 p\u00e2te molle \u00e0 cro\u00fbte lav\u00e9e 50% m.g.": 24.166666666666668, "fromage de ch\u00e8vre sec": 34.0, "autre fromage \u00e0 p\u00e2te press\u00e9e cuite": 25.272727272727273, "gorgonzola fromage \u00e0 p\u00e2te molle persill\u00e9e 45% m.g.": 30.0, "\u00e9poisses fromage \u00e0 p\u00e2te molle \u00e0 cro\u00fbte lav\u00e9e 45% m.g.": 30.0, "saint-f\u00e9licien fromage \u00e0 p\u00e2te molle 60% m.g.": 46.625, "fromage de ch\u00e8vre p\u00e2te molle": 20.0, "cheddar fromage \u00e0 p\u00e2te press\u00e9e non cuite 45% m.g.": 40.0, "pav\u00e9 d'affinois fromage \u00e0 p\u00e2te molle 45% m.g.": 35.0, "\u00e9dam fromage \u00e0 p\u00e2te press\u00e9e non cuite 40-45% m.g.": 37.5, "fromage des pyr\u00e9n\u00e9es au lait de brebis": 26.25, "fromage \u00e0 p\u00e2te press\u00e9e non cuite all\u00e9g\u00e9 20-30% m.g.": 40.0, "boursault fromage \u00e0 p\u00e2te molle double cr\u00e8me": 20.0, "bleu au lait de vache fromage \u00e0 p\u00e2te persill\u00e9e sans pr\u00e9cision": 45.0, "gouda fromage \u00e0 p\u00e2te press\u00e9e non cuite 30-40% m.g.": 10.0, "pont l'\u00e9v\u00eaque fromage \u00e0 p\u00e2te molle \u00e0 cro\u00fbte lav\u00e9e 45% m.g.": 40.0, "camembert fromage \u00e0 p\u00e2te molle \u00e0 cro\u00fbte fleurie 45% m.g.": 50.625, "saint-marcellin fromage \u00e0 p\u00e2te molle \u00e0 cro\u00fbte naturelle 40-50% m.g.": 32.27272727272727, "crottin fromage de ch\u00e8vre": 80.0}, "autres fromages ou fromage sans pr\u00e9cision": {"autre fromage": 47.6875}, "fromages fondus": {"p'tit louis fromage fondu 65% m.g.": 19.0, "saint-moret fromage fondu demi-sel 30% m.g.": 23.666666666666668, "fromage de ch\u00e8vre fondu \u00e0 tartiner nature type cabrette ou chavroux": 30.0, "vache qui rit fromage fondu 50% m.g.": 22.34090909090909, "fromage fondu en portions ou en cubes 45-50% m.g.": 30.0, "ap\u00e9ricube fromage fondu 50% m.g.": 26.666666666666668, "saint-moret all\u00e9g\u00e9 fromage fondu demi-sel 20% m.g.": 38.0, "kiri cr\u00e8me fromage fondu double cr\u00e8me 70% m.g.": 26.25}, "fromages frais non affin\u00e9s": {"sp\u00e9cialit\u00e9 fromag\u00e8re non affin\u00e9e double cr\u00e8me 70% m.g.": 20.0, "boursin fromage frais sal\u00e9 aromatis\u00e9 70% m.g.": 30.555555555555557, "fromage de ch\u00e8vre frais": 42.5, "fromage frais \u00e0 tartiner nature \u00e0 plus de 60% m.g.": 20.0, "fromage frais \u00e0 tartiner \u00e0 plus de 60% m.g.": 45.0, "mozzarella": 65.0}}}