{"region_16_partitions_foodgrp_23": {"légumes (hors pommes de terre)": {"champignons": {"champignon tout type cru sans précision": 100.0, "champignon tout type en conserve": 90.6829268292683, "champignon de paris en conserve": 71.66666666666667, "champignon de paris sauté": 79.64285714285714}, "mélanges de légumes, légumes préparés et autres légumes": {"ratatouille niçoise": 129.13793103448276, "légume en purée hors pomme de terre non salé": 117.3076923076923, "crudités vinaigrette sans précision": 83.0, "céleri rémoulade": 68.75, "pulpe de tomate en conserve": 45.0, "petits pois et carottes en conserve": 116.07142857142857, "légumes cuits sans précision": 114.61538461538461, "autre légume frais ou crudité, sans assaisonnement": 88.54545454545455, "macédoine de légumes en conserve": 96.25, "légumes mélangés surgelés": 78.88888888888889, "terrine ou mousse de légumes": 92.0, "choucroute sans garniture": 200.0}, "choux": {"chou-fleur cuit": 188.0, "chou vert cuit": 100.45454545454545, "chou blanc cru": 25.0, "chou rouge cru": 63.888888888888886, "chou-fleur cru": 137.66666666666666, "brocoli cuit": 148.04761904761904, "chou de bruxelles cuit": 125.0909090909091, "chou de bruxelles en conserve": 175.0}, "légumes tiges": {"asperge cuite": 113.40625, "cœur de palmier en conserve": 45.0, "artichaut cuit": 347.0, "germe ou pousse de soja en conserve": 37.5, "céleri branche cuit": 108.1, "germe ou pousse de soja cru": 17.5, "poireau cuit": 83.92857142857143, "fenouil cuit à l'eau": 125.0, "asperge en conserve": 116.66666666666667, "céleri branche en conserve": 175.0}, "haricots verts et petits pois (légumes potagers)": {"haricot vert surgelé cuit": 126.8, "haricot beurre en conserve": 50.0, "petit pois cuit": 87.94736842105263, "petit pois en conserve": 129.96969696969697, "haricot vert cuit": 123.86046511627907, "haricot vert en conserve égoutté": 113.79729729729729}, "légumes racines, tubercules ou bulbes": {"oignon cuit": 21.56896551724138, "salsifis en conserve": 120.83333333333333, "oignon cru": 20.6, "carotte en conserve": 124.0, "radis rouge cru": 67.85714285714286, "échalote crue": 4.5, "céleri-rave cuit": 100.0, "betterave rouge cuite": 73.44827586206897, "radis noir cru": 82.14285714285714, "navet cuit": 141.6, "céleri-rave cru": 55.294117647058826, "carotte cuite": 93.85593220338983, "salsifis cuit": 50.0, "carotte crue": 68.65168539325843}, "légumes fruits": {"tomate cerise crue": 30.0, "courgette crue": 25.0, "potiron cuit": 100.0, "maïs doux en conserve": 39.26470588235294, "aubergine cuite": 118.57142857142857, "poivron vert jaune ou rouge cuit": 52.857142857142854, "poivron rouge cuit": 50.0, "concombre cru pulpe": 92.5925925925926, "tomate crue": 74.6875, "avocat frais": 93.04166666666667, "courgette cuite": 115.13513513513513}, "légumes feuilles": {"scarole crue": 40.0, "endive cuite": 165.0909090909091, "chicorée frisée crue": 60.0, "salade verte sans assaisonnement sans précision": 39.59905660377358, "oseille cuite à l'eau": 100.0, "autre salade sans assaisonnement": 43.38709677419355, "laitue cuite": 130.0, "laitue crue": 33.611111111111114, "épinard cuit": 161.1764705882353, "bette ou blette cuite": 50.0, "laitue romaine crue": 20.0, "mâche crue": 35.74074074074074, "endive crue": 31.836734693877553}}}}