{"oeufs et d\u00e9riv\u00e9s": {"sans": {"omelette nature cuite au beurre": 150.0, "oeuf dur": 67.31343283582089, "oeuf poch\u00e9": 120.0, "jaune d'\u0153uf cuit": 7.0, "oeuf au plat sal\u00e9": 104.0, "omelette aux champignons": 191.66666666666666, "oeuf \u00e0 la coque": 105.0, "omelette au fromage": 150.0}}}