{"region_16_partitions_foodgrp_20": {"charcuterie": {"pâtés, terrines, rillettes et foie gras": {"foie gras en conserve": 34.72222222222222, "pâté de tête ou fromage de tête": 81.25, "pâté de campagne": 37.642857142857146, "mousse de foie": 37.5, "pâté de foie de porc": 25.25, "rillettes pur porc": 29.333333333333332, "rillettes": 51.4, "foie gras de canard entier en conserve": 76.66666666666667, "terrine de canard": 28.857142857142858}, "autre charcuterie ou charcuterie  sans précision": {"charcuterie sans précision": 46.666666666666664, "autre charcuterie": 65.0}, "saucisses, saucissons, andouilles et boudins": {"saucisse de toulouse cuite": 129.72727272727272, "saucisse sèche": 41.7027027027027, "saucisse de morteau cuite": 150.0, "rosette ou fuseau": 51.666666666666664, "cervelas": 31.5, "merguez de bœuf et de mouton cuite": 101.25, "saucisson sec": 37.05681818181818, "saucisse de francfort": 79.33333333333333, "mortadelle": 20.4, "chair à saucisse": 62.5, "chipolata cuite": 73.54166666666667, "andouillette réchauffée": 165.0, "boudin blanc cuit": 125.0, "boudin noir cuit": 78.0, "andouille réchauffée": 87.66666666666667, "saucisse alsacienne fumée ou gendarme": 131.5, "saucisson à l'ail": 57.875, "saucisse sans précision": 116.53488372093024, "chorizo sec": 51.44444444444444, "saucisse de strasbourg": 83.5}, "jambons et charcuteries en pièces": {"jambon cuit supérieur dd (découenné dégraissé)": 50.0, "jambon cuit": 60.73529411764706, "poitrine de porc fumée": 112.5, "coppa": 92.5, "jambon cuit fumé": 50.0, "lardon nature cuit": 20.08695652173913, "jambon cuit supérieur": 44.24242424242424, "jambon cru fumé": 140.0, "jambon cuit dd (découenné dégraissé)": 43.5, "pancetta ou poitrine roulée sèche": 35.0, "jambon sec dd (découenné dégraissé)": 42.77777777777778, "jambon cru": 57.19298245614035, "bacon filet cuit": 42.0}}}}