{"pizzas, quiches et p\u00e2tisseries sal\u00e9es": {"quiches et tartes sal\u00e9es": {"tarte proven\u00e7ale \u00e0 la tomate": 55.0, "tarte aux poireaux": 82.5, "cake sal\u00e9 avec garniture (viande poisson volaille fromage l\u00e9gumes \u2026)": 100.0, "tarte au saumon et \u00e0 l'oseille": 89.16666666666667, "flamenkueche (tarte sal\u00e9e aux lardons)": 141.66666666666666, "tarte aux l\u00e9gumes": 110.0, "quiche lorraine": 131.75925925925927}, "pizzas": {"pizza jambon fromage": 158.05555555555554, "pizza royale (jambon fromage champignon)": 208.75, "pizza 4 saisons": 125.0, "autre pizza": 155.0, "pizza au fromage": 235.83333333333334, "pizza 4 fromages": 134.0, "pizza sans pr\u00e9cision": 164.25925925925927, "pizza sp\u00e9ciale": 201.42857142857142}, "feuillet\u00e9s et friands": {"feuillet\u00e9 fourr\u00e9 b\u00e9chamel jambon fromage": 127.5, "feuillet\u00e9 au saumon": 225.0, "croissant au jambon": 125.0, "friand au fromage artisanal": 166.0, "friand \u00e0 la viande artisanal": 151.66666666666666}}}