{"pommes de terre et apparentés": {"sans": {"purée de pomme de terre avec lait et beurre non salée": 174.3421052631579, "pomme de terre rissolée surgelée": 139.43333333333334, "purée de pomme de terre à base de flocons reconstituée au lait demi-écrémé": 177.14285714285714, "pomme de terre dauphine cuite": 127.77777777777777, "gnocchis de pommes de terre": 100.0, "pomme de terre frite surgelée cuite": 82.77777777777777, "pomme de terre cuite à la vapeur": 164.86486486486487, "pomme noisette précuite surgelée": 87.08333333333333, "pomme de terre cuite au four": 166.66666666666666, "pomme de terre frite non salée": 71.66666666666667, "patate douce cuite": 30.0, "pomme de terre cuite à l'eau": 189.2391304347826}}}