{"viande": {"bœuf en pièces ou haché": {"bœuf boulettes cuites": 200.0, "bœuf faux-filet grillé": 106.0, "steak haché 5% m.g. cuit": 130.0, "brochette de bœuf": 145.0, "steak haché 15% m.g. cuit": 134.80263157894737, "bœuf à pot-au-feu cuit": 105.0, "boeuf bifteck grillé": 137.8125, "carpaccio de boeuf": 260.0, "fondue bourguignonne": 156.66666666666666, "bœuf à bourguignon cuit": 130.0, "bœuf rosbif rôti": 130.0, "bœuf entrecôte grillée": 159.6153846153846}, "autre viande": {"autre viande": 300.0, "cheval viande rôtie": 96.66666666666667, "brochette mixte de viande": 700.0, "viande cuite sans précision": 91.11111111111111}, "porc": {"porc côtelette grillée": 131.9318181818182, "porc filet rôti maigre cuit": 96.78571428571429, "porc travers braisé": 110.55555555555556, "porc échine rôtie": 215.0, "porc rôti cuit": 96.35135135135135}, "agneau": {"agneau épaule rôtie": 147.5, "agneau côtelette grillée": 130.23809523809524, "agneau gigot rôti": 90.9090909090909}, "veau": {"veau côte cuite": 146.6, "veau rôti": 82.77777777777777, "veau mijoté": 170.0, "veau escalope cuite": 95.38461538461539}}}