{"abats": {"sans": {"foie de volaille cuit": 35.714285714285715, "foie de g\u00e9nisse cuit": 113.33333333333333, "autre abat": 71.0, "foie d'agneau cuit": 111.66666666666667, "langue de b\u0153uf cuite": 75.0, "c\u0153ur de b\u0153uf cuit": 125.0, "canard g\u00e9sier confit \u00e9goutt\u00e9 et r\u00e9chauff\u00e9": 55.0, "foie de veau cuit": 114.0}}}