{"l\u00e9gumes secs": {"l\u00e9gumes secs": {"pois cass\u00e9 cuit": 283.3333333333333, "haricot blanc cuit": 141.66666666666666, "haricot blanc en conserve": 126.66666666666667, "lentille cuite": 122.125, "pois chiche cuit": 62.5, "haricot flageolet en conserve": 185.71428571428572, "f\u00e8ve cuite": 75.0}, "l\u00e9gumes secs pr\u00e9par\u00e9s": {"lentille cuisin\u00e9e en conserve": 156.66666666666666}}}