{"p\u00e2tisseries et g\u00e2teaux": {"p\u00e2tisseries et tartes": {"tarte ou tartelette aux pommes": 183.79310344827587, "p\u00e2tisserie orientale aux amandes et au sirop": 9.25, "p\u00e2tisserie sans pr\u00e9cision": 120.0, "crumble aux pommes": 128.75, "millefeuille": 232.5, "chou \u00e0 la cr\u00e8me chantilly ou p\u00e2tissi\u00e8re": 71.0, "tarte ou tartelette aux fruits": 176.95652173913044, "\u00e9clair": 112.91666666666667}, "g\u00e2teaux": {"g\u00e2teau moelleux fourr\u00e9 au chocolat ou aux p\u00e9pites de chocolat noir ou au lait": 38.55555555555556, "pain d'\u00e9pices": 27.0, "autre g\u00e2teau": 142.08333333333334, "g\u00e2teau au chocolat": 94.8529411764706, "g\u00e2teau moelleux fourr\u00e9 au chocolat multicouches type napolitain lu ou kinder d\u00e9l": 28.833333333333332, "muffin": 93.75, "galette des rois feuillet\u00e9e fourr\u00e9e \u00e0 la frangipane": 152.6, "g\u00e2teau moelleux g\u00e9noise fourr\u00e9e \u00e0 l'orange enrob\u00e9e de chocolat type pim's": 51.666666666666664, "charlotte aux fruits artisanale": 80.0, "cake aux fruits": 62.5, "g\u00e2teau au fromage blanc": 163.0, "g\u00e2teau moelleux fourr\u00e9 aux fruits type mini roul\u00e9 fraise captain choc": 18.0, "baba au rhum": 85.0, "g\u00e2teau breton ou far aux pruneau": 200.0, "g\u00e2teau de savoie": 50.0, "madeleine": 61.48275862068966, "g\u00e2teau \u00e0 la cr\u00e8me": 108.34375, "g\u00e2teau sans pr\u00e9cision": 118.18181818181819, "g\u00e2teau mousse aux fruits sur g\u00e9noise type miroir aux fruits rouges de picard": 60.0, "brownie au chocolat": 85.0, "quatre-quarts fabrication industrielle": 68.42105263157895}, "beignets, cr\u00eapes et gaufres": {"cr\u00eape au froment fourr\u00e9e au chocolat ou ou \u00e0 la p\u00e2te \u00e0 tartiner chocolat et nois": 58.666666666666664, "gaufre bruxelloise ou li\u00e9geoise avec ou sans chocolat pr\u00e9emball\u00e9e": 61.25, "blinis": 125.0, "cr\u00eape au froment sucr\u00e9e non fourr\u00e9e": 112.5, "beignet fourr\u00e9 aux fruits": 35.0, "cr\u00eape au froment nature": 135.72, "beignet fourr\u00e9 \u00e0 la confiture": 51.666666666666664, "beignet sucr\u00e9 nature": 59.857142857142854, "cr\u00eape ou galette bretonne au bl\u00e9 noir ou sarrasin": 250.0, "cr\u00eape au froment fourr\u00e9e \u00e0 la confiture": 48.5}}}