{"charcuterie": {"p\u00e2t\u00e9s, terrines, rillettes et foie gras": {"foie gras en conserve": 34.72222222222222, "p\u00e2t\u00e9 de t\u00eate ou fromage de t\u00eate": 81.25, "p\u00e2t\u00e9 de campagne": 37.642857142857146, "mousse de foie": 37.5, "p\u00e2t\u00e9 de foie de porc": 25.25, "rillettes pur porc": 29.333333333333332, "rillettes": 51.4, "foie gras de canard entier en conserve": 76.66666666666667, "terrine de canard": 28.857142857142858}, "autre charcuterie ou charcuterie  sans pr\u00e9cision": {"charcuterie sans pr\u00e9cision": 46.666666666666664, "autre charcuterie": 65.0}, "saucisses, saucissons, andouilles et boudins": {"saucisse de toulouse cuite": 129.72727272727272, "saucisse s\u00e8che": 41.7027027027027, "saucisse de morteau cuite": 150.0, "rosette ou fuseau": 51.666666666666664, "cervelas": 31.5, "saucisson sec": 37.05681818181818, "saucisse de francfort": 79.33333333333333, "mortadelle": 20.4, "chair \u00e0 saucisse": 62.5, "chipolata cuite": 73.54166666666667, "andouillette r\u00e9chauff\u00e9e": 165.0, "merguez de b\u0153uf et de mouton cuite": 101.25, "boudin blanc cuit": 125.0, "boudin noir cuit": 78.0, "andouille r\u00e9chauff\u00e9e": 87.66666666666667, "saucisse alsacienne fum\u00e9e ou gendarme": 131.5, "saucisson \u00e0 l'ail": 57.875, "saucisse sans pr\u00e9cision": 116.53488372093024, "chorizo sec": 51.44444444444444, "saucisse de strasbourg": 83.5}, "jambons et charcuteries en pi\u00e8ces": {"jambon cuit sup\u00e9rieur dd (d\u00e9couenn\u00e9 d\u00e9graiss\u00e9)": 50.0, "jambon cuit": 60.73529411764706, "poitrine de porc fum\u00e9e": 112.5, "coppa": 92.5, "jambon cuit fum\u00e9": 50.0, "lardon nature cuit": 20.08695652173913, "jambon cuit sup\u00e9rieur": 44.24242424242424, "jambon cru fum\u00e9": 140.0, "jambon cuit dd (d\u00e9couenn\u00e9 d\u00e9graiss\u00e9)": 43.5, "pancetta ou poitrine roul\u00e9e s\u00e8che": 35.0, "jambon sec dd (d\u00e9couenn\u00e9 d\u00e9graiss\u00e9)": 42.77777777777778, "jambon cru": 57.19298245614035, "bacon filet cuit": 42.0}}}