{"riz et bl\u00e9 dur ou concass\u00e9": {"riz": {"riz blanc cuit": 118.86861313868613, "riz complet cuit": 140.0}, "bl\u00e9": {"couscous (graine seule) semoule cuite": 113.88888888888889, "bl\u00e9 dur pr\u00e9cuit nature type ebly": 97.91666666666667}}}