{"volaille et gibier": {"gibier": {"chevreuil rôti": 80.0, "sanglier rôti": 173.33333333333334, "faisan viande rôtie": 400.0}, "volailles et lapins": {"poule viande bouillie": 148.33333333333334, "blanc de poulet cuit": 89.42592592592592, "poulet cuisse rôtie viande et peau": 232.8846153846154, "dinde viande rôtie": 113.66666666666667, "lapin en ragoût": 182.5, "lapin viande cuite": 123.75, "oie viande rôtie": 224.16666666666666, "pigeon viande rôtie": 50.0, "confit de canard": 167.0909090909091, "poule bouillie viande et peau": 101.25, "dinde ou autre volaille escalope sautée": 100.1470588235294, "volaille cuite sans précision": 125.0, "canard viande rôtie": 210.83333333333334, "canard magret cuit à la poêle": 84.17567567567568, "autre volaille cuite": 97.54545454545455, "caille cuite viande et peau": 100.0, "poulet rôti viande et peau": 132.05842696629213}}}