{"region_16_partitions_foodgrp_31": {"eaux": {"eau minérale plate": {"évian eau plate": 294.24657534246575, "luchon eau plate": 255.41666666666666, "abatilles eau plate": 110.0, "vittel eau plate": 309.8529411764706, "alet eau plate": 127.72727272727273, "hépar eau plate": 279.42857142857144, "mont roucous eau plate": 503.125, "contrex eau plate": 445.8181818181818, "thonon eau plate": 106.66666666666667, "volvic eau plate": 263.9, "valvert eau plate": 291.3636363636364}, "eau du robinet": {"eau du robinet": 332.61027486910996}, "eau minérale gazeuse": {"san pellegrino eau gazeuse": 250.0, "eau gazeuse sans précision": 474.0, "salvetat eau gazeuse": 990.0, "perrier eau gazeuse": 412.5, "quézac eau gazeuse": 270.0, "badoit eau gazeuse": 383.52941176470586, "vichy célestins eau gazeuse": 866.6666666666666, "ogeu eau gazeuse": 302.3333333333333, "arvie eau gazeuse": 100.0, "sainte marguerite eau gazeuse": 180.0}, "eau de source": {"eau de source": 329.7330097087379}, "autre eau": {"eau minérale sans précision": 329.125, "autre eau minérale": 439.61538461538464, "eau minérale ou non faiblement minéralisée": 353.1034482758621}}}}