{"beurre": {"sans": {"beurre doux l\u00e9ger 39-41% m.g.": 12.0, "beurre sal\u00e9 sel > 3%": 20.0, "mati\u00e8re grasse laiti\u00e8re l\u00e9g\u00e8re 25% m.g. \u00e0 tartiner type bridelight": 7.5, "beurre doux": 13.3568281938326, "beurre all\u00e9g\u00e9 sans pr\u00e9cision": 10.526315789473685, "beurre sal\u00e9 non all\u00e9g\u00e9 ajout\u00e9 \u00e0 la cuisson": 10.0, "beurre all\u00e9g\u00e9 ajout\u00e9 au service": 10.342105263157896, "beurre all\u00e9g\u00e9 ajout\u00e9 \u00e0 la cuisson": 9.0, "beurre sal\u00e9 non all\u00e9g\u00e9 ajout\u00e9e au service": 8.11111111111111, "beurre demi-sel sel maxi 3%": 9.761904761904763, "beurre doux non all\u00e9g\u00e9 ajout\u00e9 \u00e0 la cuisson": 7.520325203252033, "beurre doux non all\u00e9g\u00e9 ajout\u00e9e au service": 9.045627376425855}}}