{"l\u00e9gumes (hors pommes de terre)": {"champignons": {"champignon tout type cru sans pr\u00e9cision": 100.0, "champignon tout type en conserve": 90.6829268292683, "champignon de paris en conserve": 71.66666666666667, "champignon de paris saut\u00e9": 79.64285714285714}, "m\u00e9langes de l\u00e9gumes, l\u00e9gumes pr\u00e9par\u00e9s et autres l\u00e9gumes": {"ratatouille ni\u00e7oise": 129.13793103448276, "l\u00e9gume en pur\u00e9e hors pomme de terre non sal\u00e9": 117.3076923076923, "crudit\u00e9s vinaigrette sans pr\u00e9cision": 83.0, "c\u00e9leri r\u00e9moulade": 68.75, "pulpe de tomate en conserve": 45.0, "petits pois et carottes en conserve": 116.07142857142857, "l\u00e9gumes cuits sans pr\u00e9cision": 114.61538461538461, "autre l\u00e9gume frais ou crudit\u00e9, sans assaisonnement": 88.54545454545455, "mac\u00e9doine de l\u00e9gumes en conserve": 96.25, "l\u00e9gumes m\u00e9lang\u00e9s surgel\u00e9s": 78.88888888888889, "terrine ou mousse de l\u00e9gumes": 92.0, "choucroute sans garniture": 200.0}, "choux": {"chou-fleur cuit": 188.0, "chou vert cuit": 100.45454545454545, "chou blanc cru": 25.0, "chou rouge cru": 63.888888888888886, "chou-fleur cru": 137.66666666666666, "brocoli cuit": 148.04761904761904, "chou de bruxelles cuit": 125.0909090909091, "chou de bruxelles en conserve": 175.0}, "l\u00e9gumes tiges": {"asperge cuite": 113.40625, "artichaut cuit": 347.0, "germe ou pousse de soja en conserve": 37.5, "c\u00e9leri branche cuit": 108.1, "germe ou pousse de soja cru": 17.5, "poireau cuit": 83.92857142857143, "fenouil cuit \u00e0 l'eau": 125.0, "c\u0153ur de palmier en conserve": 45.0, "asperge en conserve": 116.66666666666667, "c\u00e9leri branche en conserve": 175.0}, "haricots verts et petits pois (l\u00e9gumes potagers)": {"haricot vert surgel\u00e9 cuit": 126.8, "haricot beurre en conserve": 50.0, "petit pois cuit": 87.94736842105263, "petit pois en conserve": 129.96969696969697, "haricot vert cuit": 123.86046511627907, "haricot vert en conserve \u00e9goutt\u00e9": 113.79729729729729}, "l\u00e9gumes racines, tubercules ou bulbes": {"oignon cuit": 21.56896551724138, "salsifis en conserve": 120.83333333333333, "oignon cru": 20.6, "carotte en conserve": 124.0, "radis rouge cru": 67.85714285714286, "\u00e9chalote crue": 4.5, "c\u00e9leri-rave cuit": 100.0, "betterave rouge cuite": 73.44827586206897, "radis noir cru": 82.14285714285714, "navet cuit": 141.6, "c\u00e9leri-rave cru": 55.294117647058826, "carotte cuite": 93.85593220338983, "salsifis cuit": 50.0, "carotte crue": 68.65168539325843}, "l\u00e9gumes fruits": {"tomate cerise crue": 30.0, "courgette crue": 25.0, "potiron cuit": 100.0, "ma\u00efs doux en conserve": 39.26470588235294, "aubergine cuite": 118.57142857142857, "poivron vert jaune ou rouge cuit": 52.857142857142854, "poivron rouge cuit": 50.0, "concombre cru pulpe": 92.5925925925926, "tomate crue": 74.6875, "avocat frais": 93.04166666666667, "courgette cuite": 115.13513513513513}, "l\u00e9gumes feuilles": {"scarole crue": 40.0, "endive cuite": 165.0909090909091, "chicor\u00e9e fris\u00e9e crue": 60.0, "salade verte sans assaisonnement sans pr\u00e9cision": 39.59905660377358, "oseille cuite \u00e0 l'eau": 100.0, "autre salade sans assaisonnement": 43.38709677419355, "laitue cuite": 130.0, "laitue crue": 33.611111111111114, "\u00e9pinard cuit": 161.1764705882353, "bette ou blette cuite": 50.0, "laitue romaine crue": 20.0, "m\u00e2che crue": 35.74074074074074, "endive crue": 31.836734693877553}}}