{"huile": {"sans": {"autre huile v\u00e9g\u00e9tale": 6.444444444444445, "huile m\u00e9lang\u00e9e (type isio 4) ajout\u00e9e au service": 10.25, "huile de soja": 10.0, "huile d'olive vierge": 10.09046052631579, "huile de noix": 7.75, "huile de p\u00e9pins de raisin": 4.6, "huile d'olive ajout\u00e9e au service": 9.675324675324676, "huile de colza ajout\u00e9e au service": 10.0, "huile d'olive ajout\u00e9e \u00e0 la cuisson": 10.512820512820513, "huile de carthame ajout\u00e9e au service": 6.0, "huile de colza ajout\u00e9e \u00e0 la cuisson": 12.0, "huile d'arachide ajout\u00e9e \u00e0 la cuisson": 11.625, "huile de p\u00e9pin de raisins ajout\u00e9e \u00e0 la cuisson": 9.818181818181818, "huile m\u00e9lang\u00e9e (type isio 4) ajout\u00e9e \u00e0 la cuisson": 11.454545454545455, "huile de ma\u00efs ajout\u00e9e au service": 6.0, "huile de colza": 13.333333333333334, "huile v\u00e9g\u00e9tale sans pr\u00e9cision": 11.535714285714286, "huile m\u00e9lang\u00e9e \u00e9quilibr\u00e9e type isio 4": 8.826086956521738, "huile de tournesol ajout\u00e9e \u00e0 la cuisson": 11.772727272727273, "huile de ma\u00efs ajout\u00e9e \u00e0 la cuisson": 12.0, "huile de tournesol ajout\u00e9e au service": 11.1, "huile d'arachide": 10.45, "huile de tournesol": 13.247967479674797}}}