{"sucres et d\u00e9riv\u00e9s": {"confiserie": {"bonbons g\u00e9lifi\u00e9s": 53.625, "p\u00e2te de fruits": 26.375, "p\u00e2te d'amande fabrication industrielle": 8.0, "chewing-gum sucr\u00e9": 3.8181818181818183, "bonbons tout type sauf g\u00e9lifi\u00e9s": 21.871794871794872, "chewing-gum sans sucre": 3.5, "nougat ou touron": 32.3}, "confiture et miel": {"miel": 17.423076923076923, "confiture de cerise": 20.0, "confiture ajout\u00e9e au service": 14.375, "confiture d'orange": 30.0, "confiture de fraise": 32.592592592592595, "confiture d'abricot": 32.8, "confiture ou marmelade tout type": 38.14655172413793, "confiture all\u00e9g\u00e9e": 53.333333333333336}, "sucre et assimil\u00e9s": {"sucre roux": 8.227678571428571, "sucre blanc": 8.831996434937611, "sucre blanc ajout\u00e9 au service": 6.4171122994652405, "sucre all\u00e9g\u00e9 type tutti free": 20.0}}}