{"region_16_partitions_foodgrp_25": {"légumes secs": {"légumes secs": {"pois cassé cuit": 283.3333333333333, "haricot blanc cuit": 141.66666666666666, "haricot blanc en conserve": 126.66666666666667, "lentille cuite": 122.125, "pois chiche cuit": 62.5, "haricot flageolet en conserve": 185.71428571428572, "fève cuite": 75.0}, "légumes secs préparés": {"lentille cuisinée en conserve": 156.66666666666666}}}}