{"fruits secs et graines ol\u00e9agineuses": {"ol\u00e9agineux et graines": {"cacahu\u00e8te ou arachide": 13.333333333333334, "pistache r\u00f4tie sal\u00e9e": 10.0, "noix de cajou sal\u00e9e": 7.5, "cacahu\u00e8te grill\u00e9e sal\u00e9e": 32.5, "noix": 51.83783783783784, "noix de coco amande m\u00fbre fra\u00eeche": 50.0, "amande": 18.416666666666668, "noisette": 30.0}, "fruits secs et ch\u00e2taignes": {"abricot sec": 39.0, "ch\u00e2taigne grill\u00e9e": 75.0, "datte s\u00e8che": 66.14285714285714, "figue s\u00e8che": 29.166666666666668, "pruneau sec": 25.733333333333334, "ch\u00e2taigne cuite \u00e0 l'eau": 125.25, "raisin sec": 11.73076923076923, "pur\u00e9e de marrons en conserve": 100.0}, "m\u00e9langes": {"fruits secs ou s\u00e9ch\u00e9s et graines ol\u00e9agineuses sans pr\u00e9cision": 26.75}}}