{"soupes et bouillons": {"potages et soupes": {"soupe poireau pomme de terre type fait maison": 223.33333333333334, "soupe aux champignons": 233.33333333333334, "soupe de poissons et/ou de crustac\u00e9s pr\u00e9emball\u00e9e \u00e0 r\u00e9chauffer": 363.6363636363636, "soupe \u00e0 la tomate pr\u00e9emball\u00e9e \u00e0 r\u00e9chauffer ou d\u00e9shydrat\u00e9e reconstitu\u00e9e": 312.5, "soupe aux l\u00e9gumes pr\u00e9emball\u00e9e \u00e0 r\u00e9chauffer": 323.84615384615387, "soupe aux l\u00e9gumes type fait maison": 319.7395833333333, "soupe aux lentilles": 300.0, "soupe aux l\u00e9gumes d\u00e9shydrat\u00e9e reconstitu\u00e9e": 385.0, "soupe chinoise": 360.0, "soupe au potiron": 298.14814814814815, "soupe \u00e0 l'oignon": 462.5, "soupe \u00e0 la volaille et aux vermicelles pr\u00e9emball\u00e9e \u00e0 r\u00e9chauffer ou d\u00e9shydrat\u00e9e r": 298.8095238095238}, "bouillons": {"bouillon v\u00e9g\u00e9tal": 327.27272727272725, "bouillon de viande d\u00e9shydrat\u00e9 reconstitu\u00e9 type bouillon de b\u0153uf knorr": 266.6666666666667, "bouillon de viande et de l\u00e9gumes": 281.25, "bouillon de volaille d\u00e9shydrat\u00e9 reconstitu\u00e9 type bouillon de poule knorr": 264.53333333333336}}}