{"boissons alcoolisées": {"cidre": {"cidre brut": 200.0, "cidre": 163.5, "cidre traditionnel": 150.0, "cidre doux": 120.0}, "spiritueux et vins cuits": {"porto": 4.0, "vodka": 8.0, "apéritif à base de vin ou vermouth type martini": 93.33333333333333, "apéritif à la gentiane": 66.66666666666667, "vin doux naturel ou vin muté autre que porto type muscat banyuls ou maury": 66.66666666666667, "liqueurs": 40.5, "whisky": 72.94117647058823}, "vin": {"vin sans précision": 184.01639344262296, "vin rouge 11°": 318.3333333333333, "vin blanc 11°": 190.01388888888889, "vin rouge 12°": 127.61627906976744, "vin rouge 10°": 205.57291666666666, "vin blanc mousseux": 133.33333333333334, "champagne": 214.0, "vin rosé 11°": 201.58536585365854}, "cocktails et mélanges": {"kir": 100.0, "pastis prêt à boire (1+5)": 174.7826086956522, "sangria": 252.0, "pétillant de fruits": 100.0, "cocktail type punch planteur": 120.0}, "bière": {"bière cœur de marché à 4-5° d'alcool type kronenbourg ou 33 export": 303.3333333333333, "bière spéciale à 5-6° d'alcool type 1664 pelforth ambrée ou fischer heineken": 250.0, "bière brune": 370.0, "bière de spécialités ou d'abbaye régionales ou de brasserie degré d'alcool varia": 324.54545454545456}}}