{"pain et panification s\u00e8che": {"biscottes et panification s\u00e8che": {"autre biscotte": 32.96595744680851, "tartine extrud\u00e9e fourr\u00e9e au chocolat ou aux fruits type craquinette de lu": 16.7, "pain grill\u00e9 au froment type tranches pain grill\u00e9 pelletier lu braisotte jacquet": 43.69565217391305, "biscotte compl\u00e8te ou riche en fibres": 21.5, "biscotte multic\u00e9r\u00e9ales type heudebert aux six c\u00e9r\u00e9ales": 23.927272727272726, "biscotte classique type heudebert lu": 21.57}, "autres produits de panification": {"chapelure ou panure": 7.0, "cro\u00fbtons": 31.6, "fougasse garnie": 50.0}, "pain": {"pain grill\u00e9 maison": 53.666666666666664, "pain aux c\u00e9r\u00e9ales artisanal": 46.4, "pain courant fran\u00e7ais boule \u00e0 la levure": 69.79605263157895, "pain sans pr\u00e9cision": 65.25, "pain de seigle et froment": 26.5, "pain brioch\u00e9 ou viennois": 43.0, "pain complet ou int\u00e9gral artisanal": 39.935483870967744, "pain type poil\u00e2ne": 100.0, "autre pain": 54.166666666666664, "pain de mie": 50.256410256410255, "pain baguette": 66.94532130777903, "pain de campagne ou bis": 66.70762711864407}}}