{"sucres et dérivés": {"confiserie": {"bonbons gélifiés": 53.625, "pâte de fruits": 26.375, "pâte d'amande fabrication industrielle": 8.0, "chewing-gum sucré": 3.8181818181818183, "bonbons tout type sauf gélifiés": 21.871794871794872, "chewing-gum sans sucre": 3.5, "nougat ou touron": 32.3}, "confiture et miel": {"miel": 17.423076923076923, "confiture de cerise": 20.0, "confiture ajoutée au service": 14.375, "confiture d'orange": 30.0, "confiture de fraise": 32.592592592592595, "confiture d'abricot": 32.8, "confiture ou marmelade tout type": 38.14655172413793, "confiture allégée": 53.333333333333336}, "sucre et assimilés": {"sucre roux": 8.227678571428571, "sucre blanc": 8.831996434937611, "sucre blanc ajouté au service": 6.4171122994652405, "sucre allégé type tutti free": 20.0}}}