{"margarine": {"sans": {"margarine au tournesol  70% ou 80% m.g. ajout\u00e9e \u00e0 la cuisson": 10.0, "margarine \u00e0 l'huile d'olive  60% m.g. ajout\u00e9ee \u00e0 la cuisson": 10.0, "mati\u00e8re grasse compos\u00e9e all\u00e9g\u00e9e 60% m.g. type le fleurier ou tartine et cuisine": 10.222222222222221, "margarine de cuisine 80% m.g.": 4.75, "mati\u00e8re grasse all\u00e9g\u00e9e 60% m.g.": 11.571428571428571, "margarine \u00e0 l'huile d'olive 60% m.g. ajout\u00e9e au service": 5.0, "margarine all\u00e9g\u00e9e 40% m.g. ajout\u00e9e au service": 12.0, "margarine type primev\u00e8re 60% m.g. ajout\u00e9e \u00e0 la cuisson": 10.0, "mati\u00e8re grasse all\u00e9g\u00e9e 55-60% m.g. riche en om\u00e9ga 3 et 6": 9.489795918367347, "margarine ordinaire  60% m.g. ajout\u00e9e \u00e0 la cuisson": 10.0, "margarine all\u00e9g\u00e9e  40% m.g. ajout\u00e9e \u00e0 la cuisson": 5.0, "mati\u00e8re grasse 70% m.g. en pain type astra": 19.4, "mati\u00e8re grasse l\u00e9g\u00e8re 38-41% m.g. \u00e0 tartiner": 11.724137931034482, "margarine au tournesol en barquette 80% m.g. type fruit d'or": 5.642857142857143, "margarine au tournesol  60% m.g. ajout\u00e9e \u00e0 la cuisson": 9.333333333333334, "mati\u00e8re grasse l\u00e9g\u00e8re 38-41% m.g. demi-sel tartiner": 18.88888888888889, "margarine proactiv de fruit d'or ajout\u00e9e au service": 12.0, "margarine ordinaire  70% ou 80% m.g. ajout\u00e9e \u00e0 la cuisson": 10.0}}}