{"oeufs et d\u00e9riv\u00e9s": {"sans": {"omelette aux lardons": 225.0, "omelette nature cuite au beurre": 145.17880794701986, "oeuf dur": 70.55072463768116, "oeuf poch\u00e9": 100.0, "jaune d'\u0153uf cuit": 24.3, "oeuf au plat sal\u00e9": 104.66666666666667, "omelette aux fines herbes": 144.0, "omelette aux champignons": 200.0, "oeuf \u00e0 la coque": 93.0, "oeufs brouill\u00e9s au beurre": 125.0, "omelette au fromage": 185.71428571428572, "blanc d'\u0153uf dur": 20.0}}}