{"region_1_partitions_foodgrp_30": {"sucres et dérivés": {"confiserie": {"bonbons gélifiés": 33.0, "confiserie dragéifiée au chocolat type smarties": 15.333333333333334, "pâte de fruits": 30.0, "pâte d'amande fabrication industrielle": 37.0, "chewing-gum sucré": 6.036585365853658, "meringue": 38.0, "bonbons tout type sauf gélifiés": 24.185365853658535, "chewing-gum sans sucre": 4.867924528301887, "confiserie à base de cacahuètes dragéifiées enrobées de chocolat type m&ms cacah": 32.13333333333333, "nougat ou touron": 28.428571428571427}, "confiture et miel": {"miel": 15.10943396226415, "confiture de cerise": 28.225806451612904, "confiture ajoutée au service": 10.573770491803279, "confiture d'orange": 32.926829268292686, "confiture de fraise": 28.944444444444443, "confiture d'abricot": 34.11764705882353, "confiture ou marmelade tout type": 29.606299212598426, "confiture allégée": 28.526785714285715}, "sucre et assimilés": {"sucre roux": 8.131687242798353, "sucre blanc": 8.494351194318915, "sucre blanc ajouté au service": 6.332533013205282, "sucre allégé type tutti free": 4.232835820895522, "fructose": 5.0}}}}