{"beurre": {"sans": {"beurre doux l\u00e9ger 39-41% m.g.": 14.0, "beurre sal\u00e9 sel > 3%": 12.708860759493671, "beurre l\u00e9ger 39-41% m.g. demi-sel": 18.0, "mati\u00e8re grasse laiti\u00e8re l\u00e9g\u00e8re 25% m.g. \u00e0 tartiner type bridelight": 9.941176470588236, "beurre doux": 12.210694698354661, "beurre all\u00e9g\u00e9 60-62 % m.g. demi-sel": 10.333333333333334, "beurre sal\u00e9 non all\u00e9g\u00e9 ajout\u00e9 \u00e0 la cuisson": 8.936781609195402, "beurre all\u00e9g\u00e9 ajout\u00e9 au service": 7.814432989690721, "beurre all\u00e9g\u00e9 ajout\u00e9 \u00e0 la cuisson": 8.772241992882563, "beurre sal\u00e9 non all\u00e9g\u00e9 ajout\u00e9e au service": 8.821256038647343, "beurre demi-sel sel maxi 3%": 12.711538461538462, "beurre doux non all\u00e9g\u00e9 ajout\u00e9 \u00e0 la cuisson": 8.757142857142858, "beurre all\u00e9g\u00e9 sans pr\u00e9cision": 12.08695652173913, "beurre doux non all\u00e9g\u00e9 ajout\u00e9e au service": 8.813725490196079}}}