{"charcuterie": {"pâtés, terrines, rillettes et foie gras": {"foie gras en conserve": 48.96363636363636, "pâté de tête ou fromage de tête": 64.52631578947368, "pâté de campagne": 42.693333333333335, "galantine": 180.0, "mousse de foie": 62.75, "pâté de foie de porc": 34.916666666666664, "rillettes pur porc": 51.96296296296296, "pâté de lapin": 23.0, "rillettes": 41.791666666666664, "pâté de foie de volaille": 25.0, "pâté en croûte": 73.3, "foie gras de canard entier en conserve": 62.5, "terrine de canard": 37.666666666666664}, "autre charcuterie ou charcuterie  sans précision": {"charcuterie sans précision": 48.714285714285715, "autre charcuterie": 79.7990909090909}, "saucisses, saucissons, andouilles et boudins": {"saucisse de morteau cuite": 109.38461538461539, "mortadelle": 38.0, "andouille réchauffée": 32.285714285714285, "chorizo sec": 48.18181818181818, "saucisse sèche": 31.954545454545453, "saucisson sec pur porc": 56.142857142857146, "merguez de bœuf et de mouton cuite": 109.72222222222223, "saucisse de francfort": 50.0, "boudin noir cuit": 115.58823529411765, "saucisse alsacienne fumée ou gendarme": 93.16666666666667, "saucisse cocktail": 55.5, "rosette ou fuseau": 47.375, "saucisson sec": 42.981818181818184, "chair à saucisse": 31.666666666666668, "salami": 27.928571428571427, "chipolata cuite": 71.78, "andouillette réchauffée": 131.72727272727272, "boudin blanc cuit": 101.3157894736842, "saucisson à l'ail": 44.375, "saucisse de toulouse cuite": 108.25, "cervelas": 47.5, "saucisse de montbéliard": 84.33333333333333, "saucisse sans précision": 81.51369863013699, "saucisse de strasbourg": 73.70491803278688}, "jambons et charcuteries en pièces": {"jambon cuit supérieur dd (découenné dégraissé)": 78.66666666666667, "jambon cuit": 60.30987394957983, "lardon ou bacon fumé cuit": 22.5, "poitrine de porc fumée": 86.42857142857143, "coppa": 29.0, "jambon cuit fumé": 30.0, "lardon nature cuit": 31.19191919191919, "jambon cuit supérieur": 60.833333333333336, "jambon cru fumé": 67.21052631578948, "jambon cuit dd (découenné dégraissé)": 74.3157894736842, "pancetta ou poitrine roulée sèche": 25.0, "jambon sec dd (découenné dégraissé)": 61.52173913043478, "jambon cru": 61.09090909090909, "jambonneau cuit": 72.14285714285714, "bacon filet cuit": 48.38235294117647}}}