{"region_1_partitions_foodgrp_23": {"légumes (hors pommes de terre)": {"champignons": {"champignon tout type cru sans précision": 108.33333333333333, "champignon tout type en conserve": 90.5204081632653, "champignon de paris en conserve": 68.57142857142857, "champignon de paris sauté": 83.64}, "mélanges de légumes, légumes préparés et autres légumes": {"ratatouille niçoise": 157.75, "légume en purée hors pomme de terre non salé": 143.14814814814815, "crudités vinaigrette sans précision": 83.33333333333333, "céleri rémoulade": 76.11111111111111, "pulpe de tomate en conserve": 41.588235294117645, "champignons à la grecque": 62.5, "purée de tomate": 53.333333333333336, "petits pois et carottes en conserve": 101.1063829787234, "légumes cuits sans précision": 119.86274509803921, "guacamole industriel": 43.75, "autre légume frais ou crudité, sans assaisonnement": 81.5, "macédoine de légumes en conserve": 122.77777777777777, "légumes mélangés surgelés": 152.6, "terrine ou mousse de légumes": 119.71428571428571, "choucroute sans garniture": 225.0}, "choux": {"chou-fleur cuit": 146.75, "chou vert cuit": 126.94117647058823, "chou blanc cru": 48.625, "chou rouge cuit à l'eau": 60.0, "chou rouge cru": 53.26086956521739, "chou-fleur cru": 50.0, "brocoli cuit": 147.6448598130841, "chou de bruxelles cuit": 127.23529411764706, "chou de bruxelles en conserve": 100.0}, "légumes tiges": {"asperge cuite": 127.68181818181819, "cœur de palmier en conserve": 50.357142857142854, "artichaut cuit": 252.85714285714286, "germe ou pousse de soja en conserve": 125.0, "céleri branche cuit": 101.4, "germe ou pousse de soja cru": 58.020833333333336, "poireau cuit": 82.98076923076923, "fenouil cuit à l'eau": 138.5, "céleri branche en conserve": 50.0, "asperge en conserve": 98.21428571428571, "fenouil cru": 100.0}, "haricots verts et petits pois (légumes potagers)": {"haricot vert surgelé cuit": 116.02325581395348, "haricot beurre en conserve": 120.92307692307692, "petit pois cuit": 127.54347826086956, "petit pois en conserve": 113.20121951219512, "haricot vert cuit": 111.5175, "haricot vert en conserve égoutté": 115.43243243243244}, "légumes racines, tubercules ou bulbes": {"oignon cuit": 22.8856783919598, "salsifis en conserve": 130.9, "oignon cru": 26.25, "carotte en conserve": 75.41666666666667, "radis rouge cru": 62.234042553191486, "échalote crue": 8.727678571428571, "céleri-rave cuit": 100.0, "betterave rouge cuite": 67.59, "radis noir cru": 65.0, "navet cuit": 107.95, "céleri-rave cru": 67.10526315789474, "carotte cuite": 96.9532967032967, "salsifis cuit": 162.66666666666666, "carotte crue": 72.17090909090909}, "légumes fruits": {"tomate cerise crue": 41.34920634920635, "courgette crue": 76.66666666666667, "poivron vert jaune ou rouge cru": 100.14285714285714, "potiron cuit": 130.6, "maïs doux en conserve": 63.61842105263158, "aubergine cuite": 98.67567567567568, "poivron vert jaune ou rouge cuit": 61.638297872340424, "maïs doux en épis cuit": 71.875, "poivron vert cru": 60.0, "poivron rouge cuit": 27.444444444444443, "tomate pelée en conserve": 87.91666666666667, "concombre cru pulpe": 84.53947368421052, "tomate crue": 92.38059701492537, "poivron rouge cru": 100.0, "avocat frais": 96.79126213592232, "poivron vert cuit": 99.4, "courgette cuite": 110.82758620689656}, "légumes feuilles": {"scarole crue": 41.904761904761905, "pourpier feuille cru": 15.0, "endive cuite": 167.31746031746033, "épinard cru": 35.0, "chicorée frisée crue": 56.31578947368421, "mâche crue": 29.488372093023255, "oseille crue": 6.0, "autre salade sans assaisonnement": 48.41269841269841, "laitue cuite": 259.0, "laitue crue": 41.439655172413794, "épinard cuit": 145.272, "cresson": 30.0, "salade verte sans assaisonnement sans précision": 38.94277108433735, "bette ou blette cuite": 88.77777777777777, "laitue romaine crue": 69.33333333333333, "pissenlit cru": 46.666666666666664, "oseille cuite à l'eau": 100.0, "endive crue": 36.68852459016394}}}}