{"lait": {"lait aromatis\u00e9": {"milk-shake sans pr\u00e9cision": 260.0, "lait demi-\u00e9cr\u00e9m\u00e9 aromatis\u00e9": 120.0, "lait demi-\u00e9cr\u00e9m\u00e9 aromatis\u00e9 \u00e0 la fraise": 156.66666666666666, "lait demi-\u00e9cr\u00e9m\u00e9 aromatis\u00e9 au chocolat": 239.1304347826087}, "lait concentr\u00e9 ou en poudre": {"lait entier concentr\u00e9 non sucr\u00e9": 20.0, "lait entier concentr\u00e9 sucr\u00e9": 70.0, "lait \u00e9cr\u00e9m\u00e9 en poudre": 30.0, "lait entier en poudre": 2.0}, "lait en bouteille ou en brique": {"lait demi-\u00e9cr\u00e9m\u00e9 pasteuris\u00e9": 112.07407407407408, "lait demi-\u00e9cr\u00e9m\u00e9 uht \u00e0 teneur garantie en vitamines": 227.14473684210526, "lait demi-\u00e9cr\u00e9m\u00e9 en poudre": 6.0, "lait demi-\u00e9cr\u00e9m\u00e9 uht \u00e0 teneur garantie en prot\u00e9ines et vitamines enrichi en min\u00e9": 129.94285714285715, "lait entier uht": 256.2631578947368, "lait entier pasteuris\u00e9": 273.0, "lait \u00e9cr\u00e9m\u00e9 uht": 226.92207792207793, "lait demi-\u00e9cr\u00e9m\u00e9 uht": 217.2283064033513, "lait \u00e9cr\u00e9m\u00e9 uht \u00e0 teneur garantie en vitamines": 200.0}, "autre lait": {"autre lait": 234.0281690140845, "lait de ch\u00e8vre entier uht": 90.38461538461539}}}