{"viennoiserie": {"sans": {"palmier artisanal": 40.0, "croissant au beurre artisanal": 80.22222222222223, "croissant sans pr\u00e9cision": 66.62946428571429, "brioche sans pr\u00e9cision": 46.83516483516483, "pain aux raisins": 59.391304347826086, "pain au chocolat feuillet\u00e9 artisanal": 61.34751037344398, "brioche industrielle pr\u00e9emball\u00e9e": 55.97894736842105, "autre viennoiserie": 15.0, "chausson aux pommes": 58.57142857142857, "pain au lait artisanal": 60.32383419689119, "croissant aux amandes artisanal": 70.0, "croissant ordinaire artisanal": 77.0}}}