{"region_1_partitions_foodgrp_13": {"beurre": {"sans": {"beurre doux léger 39-41% m.g.": 14.0, "beurre salé sel > 3%": 12.708860759493671, "beurre léger 39-41% m.g. demi-sel": 18.0, "matière grasse laitière légère 25% m.g. à tartiner type bridelight": 9.941176470588236, "beurre doux": 12.210694698354661, "beurre allégé 60-62 % m.g. demi-sel": 10.333333333333334, "beurre salé non allégé ajouté à la cuisson": 8.936781609195402, "beurre allégé ajouté au service": 7.814432989690721, "beurre allégé ajouté à la cuisson": 8.772241992882563, "beurre salé non allégé ajoutée au service": 8.821256038647343, "beurre demi-sel sel maxi 3%": 12.711538461538462, "beurre doux non allégé ajouté à la cuisson": 8.757142857142858, "beurre allégé sans précision": 12.08695652173913, "beurre doux non allégé ajoutée au service": 8.813725490196079}}}}