{"pain et panification sèche": {"biscottes et panification sèche": {"autre biscotte": 22.8659793814433, "tartine extrudée fourrée au chocolat ou aux fruits type craquinette de lu": 37.857142857142854, "pain grillé au froment type tranches pain grillé pelletier lu braisotte jacquet": 29.210526315789473, "biscotte complète ou riche en fibres": 36.76315789473684, "biscotte multicéréales type heudebert aux six céréales": 33.53225806451613, "biscotte sans adjonction de sel": 20.88888888888889, "biscotte classique type heudebert lu": 19.81286549707602}, "autres produits de panification": {"chapelure ou panure": 8.5, "croûtons": 34.1578947368421, "fougasse garnie": 94.0909090909091}, "pain": {"pain grillé maison": 62.22571428571428, "pain aux céréales artisanal": 57.96478873239437, "pain courant français boule à la levure": 66.91902834008097, "pain sans précision": 58.34782608695652, "pain de seigle et froment": 49.666666666666664, "pain brioché ou viennois": 62.38095238095238, "pain complet ou intégral artisanal": 65.10956175298804, "pain type poilâne": 102.05882352941177, "autre pain": 64.59803921568627, "pain de seigle aux raisins": 47.0, "pain baguette": 68.36731443134757, "pain de mie": 56.64663461538461, "pain de campagne ou bis": 79.98263888888889}}}