{"pommes de terre et apparent\u00e9s": {"sans": {"pur\u00e9e de pomme de terre avec lait et beurre non sal\u00e9e": 163.92561983471074, "pomme de terre rissol\u00e9e surgel\u00e9e": 147.88834951456312, "pur\u00e9e de pomme de terre \u00e0 base de flocons reconstitu\u00e9e au lait demi-\u00e9cr\u00e9m\u00e9": 163.96946564885496, "pomme de terre dauphine cuite": 110.6, "gnocchis de pommes de terre": 117.8, "pomme de terre frite surgel\u00e9e cuite": 84.4006734006734, "pomme de terre cuite \u00e0 la vapeur": 220.94017094017093, "pomme noisette pr\u00e9cuite surgel\u00e9e": 100.48076923076923, "pomme de terre cuite au four": 195.17857142857142, "pomme de terre frite non sal\u00e9e": 81.5028901734104, "patate douce cuite": 173.07692307692307, "pomme de terre cuite \u00e0 l'eau": 160.06968641114983}}}