{"plats compos\u00e9s": {"plats \u00e0 base de fromage": {"fondue savoyarde (fondue au fromage)": 150.0, "goug\u00e8re": 197.5, "souffl\u00e9 au fromage": 250.0}, "plats \u00e0 base de p\u00e2tes ou de pommes de terre": {"gratin dauphinois": 173.70338983050848, "raviolis \u00e0 la viande \u00e0 la sauce tomate en conserve": 220.16822429906543, "p\u00e2tes \u00e0 la bolognaise": 75.0, "salade de p\u00e2tes v\u00e9g\u00e9tarienne": 126.66666666666667, "gratin de p\u00e2tes": 181.25, "spaghettis \u00e0 la sauce tomate": 130.0, "lasagnes \u00e0 la bolognaise": 296.6296296296296, "ravioles ou raviolis au fromage": 231.3846153846154, "cannellonis \u00e0 la viande": 375.0, "hachis parmentier": 325.8829787234043, "p\u00e2tes \u00e0 la carbonara": 185.2941176470588, "salade de pommes de terre": 157.3170731707317}, "plats \u00e0 base de l\u00e9gumes": {"tomate \u00e0 la proven\u00e7ale": 100.55555555555556, "tomate farcie": 182.5, "l\u00e9gumes divers farcis sauf tomate": 180.76923076923077, "moussaka": 220.83333333333334, "gratin endives jambon": 140.75, "gratin de l\u00e9gumes": 117.88888888888889}, "plats sans garniture": {"poisson sauce oseille type cabillaud \u00e0 l'oseille marie": 147.91666666666666, "paupiette de veau": 134.7058823529412, "quenelle de volaille en conserve": 120.0, "viande en sauce sans pr\u00e9cision": 60.0, "quenelle au naturel en conserve": 120.0, "cordon bleu de volaille type p\u00e8re dodu ou le gaulois": 98.63636363636364, "brandade de morue recette traditionnelle": 121.66666666666667, "poisson en sauce surgel\u00e9": 125.07142857142857, "jambon en cro\u00fbte": 80.0, "poulet au curry": 70.83333333333333, "tripes \u00e0 la mode de caen artisanales": 190.0, "quenelle en sauce en conserve": 215.0, "quenelle de poisson cuite": 108.0, "escalopes v\u00e9g\u00e9tales \u00e0 base de soja": 70.0, "paupiette de volaille": 91.0}, "garnitures compos\u00e9es": {"riz cantonais": 147.2972972972973, "salade de thon et l\u00e9gumes en conserve": 134.375, "salade de riz": 115.75, "salade compos\u00e9e avec viande ou poisson en conserve": 125.0, "taboul\u00e9 ou salade de couscous": 86.78977272727273}, "beignets, cr\u00eapes et bouch\u00e9es \u00e0 la reine": {"bouch\u00e9e \u00e0 la reine au poisson et fruits de mer": 130.0, "nugget de volaille": 108.56395348837209, "samossas": 61.42857142857143, "cr\u00eape fourr\u00e9e b\u00e9chamel jambon fromage champignon": 121.66666666666667, "beignet sal\u00e9 fourr\u00e9 de viande volaille ou poisson": 182.5, "cr\u00eape fourr\u00e9e b\u00e9chamel jambon": 135.0, "nem ou p\u00e2t\u00e9 imp\u00e9rial": 180.30232558139534, "brick garni (garniture : crevettes l\u00e9gumes volaille viande poisson\u2026)": 81.63636363636364, "bouch\u00e9e \u00e0 la reine au poulet": 156.0, "acra de morue": 161.66666666666666, "rouleau de printemps": 50.0, "cr\u00eape fourr\u00e9e b\u00e9chamel fromage": 119.41666666666667, "cr\u00eape fourr\u00e9e b\u00e9chamel jambon fromage": 150.43421052631578, "beignet de crevette industriel": 63.0, "beignet de l\u00e9gumes": 85.83333333333333}, "plats garnis \u00e0 base de viande": {"chili con carne": 252.85714285714286, "couscous de mouton garni": 296.6666666666667, "blanquette de veau": 155.0, "osso buco \u00e0 la milanaise": 195.0, "b\u0153uf bourguignon": 171.07142857142858, "tajine de mouton": 304.0, "poulet basquaise au riz": 297.5, "choucroute garnie en conserve": 413.7931034482759, "poulet au curry avec riz ou semoule pr\u00e9emball\u00e9": 200.0, "b\u0153uf carottes": 333.3333333333333, "paella": 363.04347826086956, "cassoulet en conserve": 308.42105263157896, "petit sal\u00e9 aux lentilles ou saucisse aux lentilles": 300.0, "pot-au-feu": 436.5625, "couscous royal \u00e0 la viande": 421.75324675324674, "navarin d'agneau": 61.25, "couscous au poulet": 263.3333333333333, "pot\u00e9e auvergnate": 480.0}}}