{"fruits secs et graines ol\u00e9agineuses": {"ol\u00e9agineux et graines": {"cacahu\u00e8te ou arachide": 31.071428571428573, "pistache r\u00f4tie sal\u00e9e": 30.263157894736842, "noix de cajou sal\u00e9e": 19.8, "cacahu\u00e8te grill\u00e9e sal\u00e9e": 38.52, "noix": 46.348837209302324, "graine de s\u00e9same et autres": 13.13846153846154, "noix de coco amande s\u00e8che": 15.0, "pignon de pin": 18.333333333333332, "noix du br\u00e9sil": 21.333333333333332, "graine de tournesol": 18.0, "amande": 50.5, "noisette": 28.375}, "fruits secs et ch\u00e2taignes": {"abricot sec": 33.857142857142854, "ch\u00e2taigne grill\u00e9e": 94.0, "datte s\u00e8che": 64.3529411764706, "figue s\u00e8che": 44.666666666666664, "pruneau sec": 29.646341463414632, "ch\u00e2taigne cuite \u00e0 l'eau": 91.14285714285714, "m\u00e9lange pour ap\u00e9ritif de fruits exotiques s\u00e9ch\u00e9s": 57.5, "raisin sec": 23.6, "banane mi-s\u00e8che": 15.0, "pur\u00e9e de marrons en conserve": 50.0}, "m\u00e9langes": {"fruits secs ou s\u00e9ch\u00e9s et graines ol\u00e9agineuses sans pr\u00e9cision": 33.0}}}