{"riz et blé dur ou concassé": {"riz": {"riz blanc cuit": 143.12011173184356, "riz blanc étuvé cuit": 175.0, "riz complet cuit": 117.91666666666667}, "blé": {"couscous (graine seule) semoule cuite": 126.39948453608247, "blé dur précuit nature type ebly": 115.6640625}}}