{"riz et bl\u00e9 dur ou concass\u00e9": {"riz": {"riz blanc cuit": 143.12011173184356, "riz blanc \u00e9tuv\u00e9 cuit": 175.0, "riz complet cuit": 117.91666666666667}, "bl\u00e9": {"couscous (graine seule) semoule cuite": 126.39948453608247, "bl\u00e9 dur pr\u00e9cuit nature type ebly": 115.6640625}}}