{"fromages": {"fromages affin\u00e9s": {"fromage triple cr\u00e8me plus de 75% m.g. type brillat savarin": 30.0, "fromage et mini fromage type bonbel-babybel": 31.307692307692307, "bleu et mini bleu de bresse fromage \u00e0 p\u00e2te persill\u00e9e 45% m.g.": 33.333333333333336, "comt\u00e9 fromage \u00e0 p\u00e2te press\u00e9e cuite 45% m.g.": 32.86021505376344, "emmental all\u00e9g\u00e9": 46.4, "reblochon fromage \u00e0 p\u00e2te press\u00e9e non cuite 45% m.g.": 39.6063829787234, "brie fromage \u00e0 p\u00e2te molle \u00e0 cro\u00fbte fleurie 45% m.g.": 42.767857142857146, "\u00e9poisses fromage \u00e0 p\u00e2te molle \u00e0 cro\u00fbte lav\u00e9e 45% m.g.": 45.0, "morbier fromage \u00e0 p\u00e2te press\u00e9e non cuite 45% m.g.": 38.57142857142857, "fourme d'ambert fromage \u00e0 p\u00e2te persill\u00e9e 50% m.g.": 24.0, "fromage des pyr\u00e9n\u00e9es au lait de vache": 20.0, "saint-paulin fromage \u00e0 p\u00e2te press\u00e9e non cuite 45-50% m.g.": 37.0, "fromage de ch\u00e8vre affin\u00e9 au lait pasteuris\u00e9 ou cru": 28.048780487804876, "coulommiers fromage \u00e0 p\u00e2te molle \u00e0 cro\u00fbte fleurie 40-45% m.g.": 48.421052631578945, "vacherin mont d'or fromage \u00e0 p\u00e2te molle \u00e0 cro\u00fbte lav\u00e9e au moins 45% m.g": 42.5, "port salut fromage \u00e0 p\u00e2te press\u00e9e non cuite \u00e0 cro\u00fbte lav\u00e9e 50% m.g.": 41.666666666666664, "caprice des dieux fromage \u00e0 p\u00e2te molle 60% m.g.": 39.310344827586206, "tomme de montagne ou tomme de savoie": 22.857142857142858, "livarot fromage \u00e0 p\u00e2te molle \u00e0 cro\u00fbte lav\u00e9e 40% m.g.": 47.142857142857146, "parmesan fromage \u00e0 p\u00e2te press\u00e9e cuite 45% m.g.": 16.058823529411764, "fromage \u00e0 cuire pan\u00e9 au jambon type menu fromage": 100.0, "fromage de ch\u00e8vre mi-sec": 31.42361111111111, "emmental fromage \u00e0 p\u00e2te press\u00e9e cuite 45% m.g.": 37.419642857142854, "fromage de ch\u00e8vre affin\u00e9 au lait cru": 15.0, "carr\u00e9 de l'est fromage \u00e0 p\u00e2te molle \u00e0 cro\u00fbte fleurie 45-50% m.g.": 40.0, "leerdammer fromage \u00e0 p\u00e2te press\u00e9e demi-cuite \u00e0 trous 45% m.g.": 35.666666666666664, "saint-nectaire fromage \u00e0 p\u00e2te press\u00e9e non cuite 45% m.g.": 43.65384615384615, "camembert et apparent\u00e9s 50% m.g.": 40.0, "raclette fromage \u00e0 p\u00e2te press\u00e9e non cuite 45% m.g.": 152.90322580645162, "pav\u00e9 d'affinois fromage \u00e0 p\u00e2te molle 45% m.g.": 30.0, "cantal salers ou laguiole fromages \u00e0 p\u00e2te press\u00e9e non cuite 45% m.g.": 36.0, "fromage sans pr\u00e9cision": 41.59615384615385, "gruy\u00e8re fromage \u00e0 p\u00e2te press\u00e9e cuite 45% m.g.": 35.78181818181818, "roquefort fromage de brebis \u00e0 p\u00e2te persill\u00e9e 52% m.g.": 42.13235294117647, "bleu d'auvergne fromage \u00e0 p\u00e2te persill\u00e9e 50% m.g.": 22.0, "fromage \u00e0 p\u00e2te molle \u00e0 cro\u00fbte fleurie genre camembert all\u00e9g\u00e9 20-30% m.g.": 39.666666666666664, "mimolette fromage \u00e0 p\u00e2te press\u00e9e non cuite 45% m.g.": 31.818181818181817, "beaufort fromage \u00e0 p\u00e2te press\u00e9e cuite 45% m.g.": 30.0, "sainte-maure fromage de ch\u00e8vre": 34.166666666666664, "saint albray fromage \u00e0 p\u00e2te molle 50% m.g.": 36.666666666666664, "camembert sans pr\u00e9cision": 41.857142857142854, "fromage \u00e0 cuire pan\u00e9 nature type crousti'cho de pr\u00e9sident": 88.33333333333333, "rouy fromage \u00e0 p\u00e2te molle \u00e0 cro\u00fbte lav\u00e9e 40% m.g.": 38.07692307692308, "neufch\u00e2tel fromage \u00e0 p\u00e2te molle \u00e0 cro\u00fbte fleurie 45% m.g.": 35.0, "autre fromage \u00e0 p\u00e2te molle \u00e0 cro\u00fbte lav\u00e9e": 37.5, "fromage \u00e0 p\u00e2te press\u00e9e non cuite 40-50% m.g.": 40.90909090909091, "chaumes fromage \u00e0 p\u00e2te molle \u00e0 cro\u00fbte lav\u00e9e 50% m.g.": 60.0, "fromage de ch\u00e8vre sec": 10.0, "autre fromage \u00e0 p\u00e2te press\u00e9e cuite": 24.615384615384617, "gorgonzola fromage \u00e0 p\u00e2te molle persill\u00e9e 45% m.g.": 17.5, "maroilles fromage \u00e0 p\u00e2te molle \u00e0 cro\u00fbte lav\u00e9e 45% m.g.": 48.75, "saint-f\u00e9licien fromage \u00e0 p\u00e2te molle 60% m.g.": 42.857142857142854, "fromage de ch\u00e8vre p\u00e2te molle": 52.5, "boursault fromage \u00e0 p\u00e2te molle double cr\u00e8me": 53.0, "cheddar fromage \u00e0 p\u00e2te press\u00e9e non cuite 45% m.g.": 30.0, "chaource fromage \u00e0 p\u00e2te molle \u00e0 cro\u00fbte fleurie 50% m.g.": 32.5, "camembert fromage \u00e0 p\u00e2te molle \u00e0 cro\u00fbte fleurie 45% m.g.": 41.61290322580645, "\u00e9dam fromage \u00e0 p\u00e2te press\u00e9e non cuite 40-45% m.g.": 33.333333333333336, "fromage des pyr\u00e9n\u00e9es au lait de brebis": 30.24390243902439, "fromage \u00e0 p\u00e2te press\u00e9e non cuite all\u00e9g\u00e9 20-30% m.g.": 33.333333333333336, "chamois d'or fromage \u00e0 p\u00e2te molle 60% m.g.": 35.0, "pouligny saint-pierre fromage de ch\u00e8vre": 20.0, "vieux pan\u00e9 fromage \u00e0 p\u00e2te molle 50% m.g.": 30.0, "hollande fromage \u00e0 p\u00e2te press\u00e9e non cuite 30-40% m.g.": 60.0, "maasdam fromage \u00e0 p\u00e2te press\u00e9e non cuite \u00e0 trous 45% m.g.": 43.333333333333336, "tome ou tomme fromage \u00e0 p\u00e2te press\u00e9e non cuite 45% m.g.": 37.333333333333336, "bleu au lait de vache fromage \u00e0 p\u00e2te persill\u00e9e sans pr\u00e9cision": 34.411764705882355, "gouda fromage \u00e0 p\u00e2te press\u00e9e non cuite 30-40% m.g.": 39.629629629629626, "pont l'\u00e9v\u00eaque fromage \u00e0 p\u00e2te molle \u00e0 cro\u00fbte lav\u00e9e 45% m.g.": 31.666666666666668, "munster fromage \u00e0 p\u00e2te molle \u00e0 cro\u00fbte lav\u00e9e 45-50% m.g.": 35.833333333333336, "saint-marcellin fromage \u00e0 p\u00e2te molle \u00e0 cro\u00fbte naturelle 40-50% m.g.": 20.0, "crottin fromage de ch\u00e8vre": 29.714285714285715}, "autres fromages ou fromage sans pr\u00e9cision": {"autre fromage": 29.444444444444443}, "fromages fondus": {"p'tit louis fromage fondu 65% m.g.": 23.444444444444443, "saint-moret fromage fondu demi-sel 30% m.g.": 43.1764705882353, "cancoillotte sp\u00e9cialit\u00e9 fromag\u00e8re fondue 40% m.g.": 24.166666666666668, "fromage de ch\u00e8vre fondu \u00e0 tartiner nature type cabrette ou chavroux": 48.75, "vache qui rit fromage fondu 50% m.g.": 30.3046875, "fromage fondu en portions ou en cubes 45-50% m.g.": 33.81395348837209, "ap\u00e9ricube fromage fondu 50% m.g.": 37.5, "samos 99 fromage fondu double cr\u00e8me 70% m.g.": 35.0, "saint-moret all\u00e9g\u00e9 fromage fondu demi-sel 20% m.g.": 32.3, "snack pour enfants \u00e0 base de fromage fondu et gressins type pik et croq ou kiri": 30.0, "fromage fondu 25% m.g. type sylphide ou vache qui rit \u00e9quilibre et ligne": 27.446000000000005, "kiri cr\u00e8me fromage fondu double cr\u00e8me 70% m.g.": 25.24074074074074}, "fromages frais non affin\u00e9s": {"sp\u00e9cialit\u00e9 fromag\u00e8re non affin\u00e9e double cr\u00e8me 70% m.g.": 20.0, "f\u00e9ta de brebis": 27.884615384615383, "boursin fromage frais sal\u00e9 aromatis\u00e9 70% m.g.": 25.833333333333332, "fromage de ch\u00e8vre frais": 28.636363636363637, "tartare fromage frais aromatis\u00e9 sal\u00e9 70% m.g.": 22.36842105263158, "carr\u00e9 frais fromage \u00e0 tartiner 40% m.g.": 27.5, "ricotta": 34.0, "fromage frais \u00e0 tartiner \u00e0 plus de 60% m.g.": 31.234117647058824, "mozzarella": 44.12162162162162, "fromage frais \u00e0 tartiner 40-60% m.g": 55.42857142857143}}}