{"caf\u00e9": {"sans": {"caf\u00e9 soluble d\u00e9caf\u00e9in\u00e9 reconstitu\u00e9 pr\u00eat \u00e0 boire non sucr\u00e9": 123.33333333333333, "caf\u00e9 soluble en poudre": 2.2524271844660193, "caf\u00e9 au lait ou caf\u00e9 cr\u00e8me ou cappuccino non sucr\u00e9": 262.3115577889447, "caf\u00e9 soluble reconstitu\u00e9 pr\u00eat \u00e0 boire non sucr\u00e9": 229.3125, "caf\u00e9 expresso non sucr\u00e9": 128.01020408163265, "caf\u00e9 noir pr\u00eat \u00e0 boire non sucr\u00e9": 231.57865168539325, "caf\u00e9 d\u00e9caf\u00e9in\u00e9 pr\u00eat \u00e0 boire non sucr\u00e9": 184.0983606557377}}}