{"p\u00e2tes": {"p\u00e2tes alimentaires": {"p\u00e2tes alimentaires aux oeufs cuites": 155.2941176470588, "p\u00e2tes alimentaires au bl\u00e9 complet cuites": 181.25, "p\u00e2tes alimentaires cuites": 160.35168539325844}, "p\u00e2tes pour p\u00e2tisserie pr\u00eates \u00e0 l'emploi": {"p\u00e2te feuillet\u00e9e cuite": 40.0, "p\u00e2te bris\u00e9e cuite": 48.0}}}