{"viande": {"autre viande": {"autre viande": 127.5, "cheval viande r\u00f4tie": 136.08695652173913, "brochette mixte de viande": 114.0, "viande cuite sans pr\u00e9cision": 117.27272727272727}, "b\u0153uf en pi\u00e8ces ou hach\u00e9": {"b\u0153uf \u00e0 pot-au-feu cuit": 195.0, "steak hach\u00e9 20% m.g. cuit": 123.75, "b\u0153uf boulettes cuites": 95.69444444444444, "b\u0153uf faux-filet grill\u00e9": 123.5, "brochette de b\u0153uf": 127.5, "steak hach\u00e9 5% m.g. cuit": 114.29347826086956, "steak hach\u00e9 10% m.g. cuit": 138.33333333333334, "carpaccio de boeuf": 111.81818181818181, "steak hach\u00e9 15% m.g. cuit": 129.31266846361186, "b\u0153uf brais\u00e9": 107.27272727272727, "fondue bourguignonne": 195.0, "boeuf bifteck grill\u00e9": 131.46700507614213, "b\u0153uf \u00e0 bourguignon cuit": 112.4074074074074, "b\u0153uf entrec\u00f4te grill\u00e9e": 150.82222222222222, "b\u0153uf rosbif r\u00f4ti": 113.33858267716535, "steak hach\u00e9 5% m.g. cru": 150.0}, "porc": {"porc c\u00f4telette grill\u00e9e": 142.4, "porc filet r\u00f4ti maigre cuit": 95.65714285714286, "porc travers brais\u00e9": 155.94594594594594, "porc \u00e9chine r\u00f4tie": 124.125, "porc r\u00f4ti cuit": 107.68796992481202}, "agneau": {"agneau \u00e9paule r\u00f4tie": 118.9, "agneau c\u00f4telette grill\u00e9e": 145.08064516129033, "brochette d'agneau": 100.0, "agneau gigot r\u00f4ti": 110.81818181818181}, "veau": {"veau escalope cuite": 116.39682539682539, "veau r\u00f4ti": 120.60606060606061, "veau filet r\u00f4ti": 136.66666666666666, "veau c\u00f4te cuite": 125.4, "veau mijot\u00e9": 116.93548387096774, "veau escalope pan\u00e9e": 115.0}}}