{"huile": {"sans": {"huile d'arachide ajoutée au service": 10.0, "autre huile végétale": 11.434782608695652, "huile de soja ajoutée au service": 10.0, "huile mélangée (type isio 4) ajoutée au service": 10.0, "huile de colza ajoutée à la cuisson": 11.027027027027026, "huile de pépin de raisins ajoutée au service": 10.0, "huile d'olive vierge": 12.222011385199242, "huile de noix": 10.961538461538462, "huile de pépins de raisin": 8.625, "huile d'olive ajoutée au service": 9.799212598425196, "huile de colza ajoutée au service": 8.86111111111111, "huile d'olive ajoutée à la cuisson": 10.58, "huile d'arachide ajoutée à la cuisson": 9.492537313432836, "huile de pépin de raisins ajoutée à la cuisson": 11.6, "huile mélangée (type isio 4) ajoutée à la cuisson": 11.294117647058824, "huile de colza": 13.688888888888888, "huile végétale sans précision": 12.825, "huile mélangée équilibrée type isio 4": 12.117088607594937, "huile de tournesol ajoutée à la cuisson": 10.661971830985916, "huile de maïs ajoutée à la cuisson": 12.0, "huile de tournesol ajoutée au service": 9.448979591836734, "huile d'arachide": 18.954545454545453, "huile de tournesol": 13.013157894736842}}}