{"l\u00e9gumes (hors pommes de terre)": {"champignons": {"champignon tout type cru sans pr\u00e9cision": 108.33333333333333, "champignon tout type en conserve": 90.5204081632653, "champignon de paris en conserve": 68.57142857142857, "champignon de paris saut\u00e9": 83.64}, "m\u00e9langes de l\u00e9gumes, l\u00e9gumes pr\u00e9par\u00e9s et autres l\u00e9gumes": {"ratatouille ni\u00e7oise": 157.75, "l\u00e9gume en pur\u00e9e hors pomme de terre non sal\u00e9": 143.14814814814815, "crudit\u00e9s vinaigrette sans pr\u00e9cision": 83.33333333333333, "c\u00e9leri r\u00e9moulade": 76.11111111111111, "pulpe de tomate en conserve": 41.588235294117645, "champignons \u00e0 la grecque": 62.5, "pur\u00e9e de tomate": 53.333333333333336, "petits pois et carottes en conserve": 101.1063829787234, "l\u00e9gumes cuits sans pr\u00e9cision": 119.86274509803921, "guacamole industriel": 43.75, "autre l\u00e9gume frais ou crudit\u00e9, sans assaisonnement": 81.5, "mac\u00e9doine de l\u00e9gumes en conserve": 122.77777777777777, "l\u00e9gumes m\u00e9lang\u00e9s surgel\u00e9s": 152.6, "terrine ou mousse de l\u00e9gumes": 119.71428571428571, "choucroute sans garniture": 225.0}, "choux": {"chou-fleur cuit": 146.75, "chou vert cuit": 126.94117647058823, "chou blanc cru": 48.625, "chou rouge cuit \u00e0 l'eau": 60.0, "chou rouge cru": 53.26086956521739, "chou-fleur cru": 50.0, "brocoli cuit": 147.6448598130841, "chou de bruxelles cuit": 127.23529411764706, "chou de bruxelles en conserve": 100.0}, "l\u00e9gumes tiges": {"asperge cuite": 127.68181818181819, "artichaut cuit": 252.85714285714286, "germe ou pousse de soja en conserve": 125.0, "c\u00e9leri branche cuit": 101.4, "germe ou pousse de soja cru": 58.020833333333336, "poireau cuit": 82.98076923076923, "fenouil cuit \u00e0 l'eau": 138.5, "c\u0153ur de palmier en conserve": 50.357142857142854, "c\u00e9leri branche en conserve": 50.0, "asperge en conserve": 98.21428571428571, "fenouil cru": 100.0}, "haricots verts et petits pois (l\u00e9gumes potagers)": {"haricot vert surgel\u00e9 cuit": 116.02325581395348, "haricot beurre en conserve": 120.92307692307692, "petit pois cuit": 127.54347826086956, "petit pois en conserve": 113.20121951219512, "haricot vert cuit": 111.5175, "haricot vert en conserve \u00e9goutt\u00e9": 115.43243243243244}, "l\u00e9gumes racines, tubercules ou bulbes": {"oignon cuit": 22.8856783919598, "salsifis en conserve": 130.9, "oignon cru": 26.25, "carotte en conserve": 75.41666666666667, "radis rouge cru": 62.234042553191486, "\u00e9chalote crue": 8.727678571428571, "c\u00e9leri-rave cuit": 100.0, "betterave rouge cuite": 67.59, "radis noir cru": 65.0, "navet cuit": 107.95, "c\u00e9leri-rave cru": 67.10526315789474, "carotte cuite": 96.9532967032967, "salsifis cuit": 162.66666666666666, "carotte crue": 72.17090909090909}, "l\u00e9gumes fruits": {"tomate cerise crue": 41.34920634920635, "courgette crue": 76.66666666666667, "poivron vert jaune ou rouge cru": 100.14285714285714, "potiron cuit": 130.6, "ma\u00efs doux en conserve": 63.61842105263158, "aubergine cuite": 98.67567567567568, "poivron vert jaune ou rouge cuit": 61.638297872340424, "ma\u00efs doux en \u00e9pis cuit": 71.875, "poivron vert cru": 60.0, "poivron rouge cuit": 27.444444444444443, "tomate pel\u00e9e en conserve": 87.91666666666667, "concombre cru pulpe": 84.53947368421052, "tomate crue": 92.38059701492537, "poivron rouge cru": 100.0, "avocat frais": 96.79126213592232, "poivron vert cuit": 99.4, "courgette cuite": 110.82758620689656}, "l\u00e9gumes feuilles": {"scarole crue": 41.904761904761905, "pourpier feuille cru": 15.0, "endive cuite": 167.31746031746033, "\u00e9pinard cru": 35.0, "chicor\u00e9e fris\u00e9e crue": 56.31578947368421, "m\u00e2che crue": 29.488372093023255, "oseille crue": 6.0, "autre salade sans assaisonnement": 48.41269841269841, "laitue cuite": 259.0, "laitue crue": 41.439655172413794, "\u00e9pinard cuit": 145.272, "cresson": 30.0, "salade verte sans assaisonnement sans pr\u00e9cision": 38.94277108433735, "bette ou blette cuite": 88.77777777777777, "laitue romaine crue": 69.33333333333333, "pissenlit cru": 46.666666666666664, "oseille cuite \u00e0 l'eau": 100.0, "endive crue": 36.68852459016394}}}