{"boissons alcoolis\u00e9es": {"cidre": {"cidre brut": 237.77777777777777, "cidre": 314.1666666666667, "cidre traditionnel": 150.0, "cidre doux": 333.3333333333333}, "spiritueux et vins cuits": {"eau-de-vie": 94.0, "cognac armagnac": 21.333333333333332, "vodka": 93.63636363636364, "rhum": 58.72727272727273, "porto": 59.375, "ap\u00e9ritif \u00e0 base de vin ou vermouth type martini": 81.6896551724138, "pastis": 33.333333333333336, "ap\u00e9ritif \u00e0 la gentiane": 41.666666666666664, "vin doux naturel ou vin mut\u00e9 autre que porto type muscat banyuls ou maury": 64.58333333333333, "gin": 126.6, "liqueurs": 49.77272727272727, "whisky": 59.92}, "vin": {"vin sans pr\u00e9cision": 163.91472868217053, "vin rouge 11\u00b0": 257.43589743589746, "vin blanc 11\u00b0": 213.34259259259258, "vin rouge 12\u00b0": 200.74409448818898, "vin rouge 10\u00b0": 199.18471337579618, "vin blanc mousseux": 135.0, "champagne": 189.52941176470588, "vin ros\u00e9 11\u00b0": 234.02298850574712, "vin rouge 13\u00b0 et plus": 258.0}, "cocktails et m\u00e9langes": {"kir": 106.13636363636364, "cocktail type punch planteur": 270.0, "sangria": 195.0, "panach\u00e9": 250.0, "pastis pr\u00eat \u00e0 boire (1+5)": 173.68421052631578, "cocktail alcoolis\u00e9": 446.0, "kir royal": 100.0}, "bi\u00e8re": {"bi\u00e8re sp\u00e9ciale \u00e0 5-6\u00b0 d'alcool type 1664 pelforth ambr\u00e9e ou fischer heineken": 485.89285714285717, "bi\u00e8re de sp\u00e9cialit\u00e9s ou d'abbaye r\u00e9gionales ou de brasserie degr\u00e9 d'alcool varia": 320.0, "bi\u00e8re brune": 470.0, "bi\u00e8re c\u0153ur de march\u00e9 \u00e0 4-5\u00b0 d'alcool type kronenbourg ou 33 export": 380.93023255813955}}}