{"pain et panification s\u00e8che": {"biscottes et panification s\u00e8che": {"autre biscotte": 22.8659793814433, "tartine extrud\u00e9e fourr\u00e9e au chocolat ou aux fruits type craquinette de lu": 37.857142857142854, "pain grill\u00e9 au froment type tranches pain grill\u00e9 pelletier lu braisotte jacquet": 29.210526315789473, "biscotte compl\u00e8te ou riche en fibres": 36.76315789473684, "biscotte multic\u00e9r\u00e9ales type heudebert aux six c\u00e9r\u00e9ales": 33.53225806451613, "biscotte sans adjonction de sel": 20.88888888888889, "biscotte classique type heudebert lu": 19.81286549707602}, "autres produits de panification": {"chapelure ou panure": 8.5, "cro\u00fbtons": 34.1578947368421, "fougasse garnie": 94.0909090909091}, "pain": {"pain grill\u00e9 maison": 62.22571428571428, "pain aux c\u00e9r\u00e9ales artisanal": 57.96478873239437, "pain courant fran\u00e7ais boule \u00e0 la levure": 66.91902834008097, "pain sans pr\u00e9cision": 58.34782608695652, "pain de seigle et froment": 49.666666666666664, "pain brioch\u00e9 ou viennois": 62.38095238095238, "pain complet ou int\u00e9gral artisanal": 65.10956175298804, "pain type poil\u00e2ne": 102.05882352941177, "autre pain": 64.59803921568627, "pain de seigle aux raisins": 47.0, "pain baguette": 68.36731443134757, "pain de mie": 56.64663461538461, "pain de campagne ou bis": 79.98263888888889}}}