{"region_1_partitions_foodgrp_24": {"pommes de terre et apparentés": {"sans": {"purée de pomme de terre avec lait et beurre non salée": 163.92561983471074, "pomme de terre rissolée surgelée": 147.88834951456312, "purée de pomme de terre à base de flocons reconstituée au lait demi-écrémé": 163.96946564885496, "pomme de terre dauphine cuite": 110.6, "gnocchis de pommes de terre": 117.8, "pomme de terre frite surgelée cuite": 84.4006734006734, "pomme de terre cuite à la vapeur": 220.94017094017093, "pomme noisette précuite surgelée": 100.48076923076923, "pomme de terre cuite au four": 195.17857142857142, "pomme de terre frite non salée": 81.5028901734104, "patate douce cuite": 173.07692307692307, "pomme de terre cuite à l'eau": 160.06968641114983}}}}