{"autres boissons chaudes": {"th\u00e9 et infusions": {"tisane infus\u00e9e non sucr\u00e9e": 282.9585152838428, "th\u00e9 infus\u00e9 non sucr\u00e9": 308.86839207048456}, "cacao, poudres et boissons cacaot\u00e9es": {"poudre cacaot\u00e9e et sucr\u00e9e pour boisson au chocolat": 10.598165137614679, "boisson cacaot\u00e9e sucr\u00e9e au lait type cacolac": 200.0, "boisson instantan\u00e9e cacaot\u00e9e enrichie en vitamines reconstitu\u00e9e": 250.0, "poudre cacaot\u00e9e sucr\u00e9e enrichie pour boisson": 15.555555555555555, "cacao en poudre non sucr\u00e9 type van houten": 5.111111111111111, "boisson instantan\u00e9e cacaot\u00e9e sucr\u00e9e reconstitu\u00e9e": 250.91338582677164}, "chicor\u00e9e et poudre malt\u00e9e": {"poudre malt\u00e9e et sucr\u00e9e pour boisson": 2.3653846153846154, "poudre soluble \u00e0 base de chicor\u00e9e et de caf\u00e9 type ricor\u00e9": 2.1318407960199006, "chicor\u00e9e en poudre soluble type leroux": 9.833333333333334}}}