{"poissons": {"produits d\u00e9riv\u00e9s des poissons": {"tarama industriel": 27.12121212121212, "rillettes de saumon": 22.3, "poisson pan\u00e9 frit": 101.78779069767442, "foie de morue en conserve": 51.5, "oeufs de lump ou lompe semi-conserve": 30.0, "croquette ou nugget de poisson frit": 128.125, "mousse de poisson": 100.0, "rillettes de thon": 45.1, "terrine de poisson": 61.7, "surimi en b\u00e2tonnets": 57.54385964912281}, "autres poissons ou poissons sans pr\u00e9cision": {"poisson sans pr\u00e9cision": 128.21666666666667, "autre poisson": 150.625, "brochette de poisson": 134.28571428571428}, "poissons de mer": {"morue sal\u00e9e poch\u00e9e": 100.78947368421052, "carrelet ou plie cuit \u00e0 la vapeur": 150.0, "\u00e9glefin cuit \u00e0 la vapeur": 150.0, "maquereau filet \u00e0 la sauce moutarde en conserve": 105.5, "raie cuite au four": 190.0, "maquereau filet \u00e0 la sauce tomate en conserve": 65.0, "raie au court-bouillon": 143.1818181818182, "maquereau fum\u00e9": 30.0, "haddock ou \u00e9glefin fum\u00e9": 90.0, "thon germon ou thon blanc cuit \u00e0 la vapeur": 105.0, "turbot cuit au four": 100.0, "rascasse crue": 140.0, "thon cuit au four": 216.11111111111111, "saumon cuit \u00e0 la vapeur": 149.02777777777777, "julienne ou lingue crue": 116.66666666666667, "maquereau frit": 100.0, "thon cru": 64.375, "thon \u00e0 l'huile en conserve \u00e9goutt\u00e9": 38.57142857142857, "limande-sole pan\u00e9e frite": 160.0, "cabillaud cuit \u00e0 la vapeur": 135.8, "limande-sole cuite \u00e0 la vapeur": 150.0, "saumon fum\u00e9 cru": 35.515151515151516, "roussette ou saumonette brais\u00e9e": 128.33333333333334, "hareng grill\u00e9": 55.0, "rouget cuit \u00e0 l'\u00e9touff\u00e9e": 196.0, "truite arc-en-ciel d'\u00e9levage cuite \u00e0 la vapeur": 165.0, "anchois filets \u00e0 l'huile semi-conserve": 75.0, "saumon cru d'\u00e9levage": 108.0, "carpaccio de saumon": 73.33333333333333, "anchois cru": 60.0, "perche cuite au four": 146.0, "anchois marin\u00e9": 30.0, "merlan cuit \u00e0 la vapeur": 138.33333333333334, "truite arc-en-ciel d'\u00e9levage cuite au four": 151.25, "sardine \u00e0 l'huile en conserve \u00e9goutt\u00e9e": 53.888888888888886, "sardine grill\u00e9e": 100.0, "lieu ou colin noir cuit": 145.83333333333334, "thon au naturel en conserve \u00e9goutt\u00e9": 57.47596153846154, "cabillaud cuit au four": 148.4375, "truite fum\u00e9e": 150.0, "sole cuite au four": 238.33333333333334, "merlu cuit \u00e0 l'\u00e9touff\u00e9e": 148.33333333333334, "lotte ou baudroie grill\u00e9e": 147.5, "maquereau cuit au four": 248.0, "hareng fum\u00e9": 63.0, "fl\u00e9tan cru": 183.33333333333334, "sardine \u00e0 la sauce tomate en conserve": 40.0, "bar ou loup commun cru": 204.28571428571428, "maquereau filet au vin blanc en conserve": 76.11111111111111, "merlan frit": 115.0, "dorade ou daurade grise crue": 162.85714285714286, "espadon cuit au four": 262.5}}}