{"region_1_partitions_foodgrp_26": {"fruits": {"sans": {"mûre de ronce fraîche": 150.0, "fruit sans précision": 145.0, "nectarine non pelée fraîche": 158.88888888888889, "litchi frais": 22.05128205128205, "cerise fraîche": 164.54545454545453, "framboise fraîche": 88.21428571428571, "pamplemousse frais": 132.0, "raisin noir frais": 149.79166666666666, "salade de fruits frais": 195.1219512195122, "fruit de la passion frais": 40.0, "autre fruit": 110.55555555555556, "pastèque fraîche": 238.75, "abricot frais": 151.02857142857144, "papaye fraîche": 50.0, "grenade fraîche": 55.0, "mirabelle fraîche": 93.33333333333333, "banane fraîche": 152.40322580645162, "kiwi frais": 123.50290697674419, "figue fraîche": 83.38461538461539, "mangue fraîche": 175.33333333333334, "raisin blanc frais": 157.95862068965516, "fraise fraîche": 168.84558823529412, "ananas frais": 117.57777777777777, "melon frais": 256.22983870967744, "orange fraîche": 169.84797297297297, "lime dit citron vert pulpe": 60.0, "kaki frais": 235.0, "fruits rouges frais (framboises, fraises, groseilles, cassis)": 116.66666666666667, "poire non pelée fraîche": 143.40654205607476, "mûre noire de mûrier fraîche": 100.0, "citron frais": 26.884615384615383, "prune reine-claude fraîche": 88.57142857142857, "clémentine ou mandarine fraîche": 115.72524752475248, "groseille fraîche": 46.0, "pomme non pelée fraîche": 185.14373536299766, "pêche non pelée fraîche": 165.1209677419355, "pêche pelée fraîche": 186.875}}}}