{"pizzas, quiches et p\u00e2tisseries sal\u00e9es": {"quiches et tartes sal\u00e9es": {"tarte au fromage ou quiche au fromage": 140.14285714285714, "flamenkueche (tarte sal\u00e9e aux lardons)": 185.5, "tarte aux poireaux": 158.8, "cake sal\u00e9 avec garniture (viande poisson volaille fromage l\u00e9gumes \u2026)": 49.5, "tarte au saumon et \u00e0 l'oseille": 141.72222222222223, "tarte proven\u00e7ale \u00e0 la tomate": 108.125, "tarte aux l\u00e9gumes": 141.88, "quiche lorraine": 135.10256410256412}, "pizzas": {"pizza jambon fromage": 171.15384615384616, "pizza royale (jambon fromage champignon)": 169.80769230769232, "pizza 4 saisons": 308.0, "autre pizza": 278.51063829787233, "pizza au fromage": 233.86363636363637, "pizza 4 fromages": 255.2941176470588, "pizza sans pr\u00e9cision": 198.3361344537815, "pizza sp\u00e9ciale": 285.57142857142856}, "feuillet\u00e9s et friands": {"feuillet\u00e9 fourr\u00e9 b\u00e9chamel jambon fromage": 62.0, "feuillet\u00e9 au saumon": 168.75, "croissant au jambon": 125.0, "friand au fromage artisanal": 104.5, "friand \u00e0 la viande artisanal": 78.75}}}