{"aliments destin\u00e9s \u00e0 une alimentation particuli\u00e8re": {"sans": {"barre c\u00e9r\u00e9ali\u00e8re di\u00e9t\u00e9tique hypocalorique type gerlin\u00e9a nesvital nutrition & san": 64.9090909090909, "\u00e9dulcorant \u00e0 l'aspartame": 0.46920454545454554, "petit pot pour b\u00e9b\u00e9s type viande ou poisson + l\u00e9gumes": 188.88888888888889, "tofu": 114.16666666666667, "huile de paraffine ajout\u00e9e au service": 10.0, "substitut de repas hypocalorique liquide \u00e0 boire type gerlin\u00e9a tout ar\u00f4me": 212.0, "boisson \u00e9nergisante type drak dog burn energy drink": 330.0, "\u00e9dulcorant ajout\u00e9 au service": 0.10568627450980392, "huile de paraffine": 8.25}}}