{"l\u00e9gumes secs": {"l\u00e9gumes secs": {"pois cass\u00e9 cuit": 163.0, "haricot rouge cuit": 114.75, "haricot blanc cuit": 137.38095238095238, "haricot blanc en conserve": 155.6, "lentille cuite": 163.1764705882353, "pois chiche cuit": 66.66666666666667, "haricot flageolet en conserve": 123.93617021276596, "f\u00e8ve cuite": 106.66666666666667}, "l\u00e9gumes secs pr\u00e9par\u00e9s": {"lentille cuisin\u00e9e en conserve": 176.45833333333334}}}