{"fruits secs et graines oléagineuses": {"oléagineux et graines": {"cacahuète ou arachide": 31.071428571428573, "pistache rôtie salée": 30.263157894736842, "noix de cajou salée": 19.8, "cacahuète grillée salée": 38.52, "noix": 46.348837209302324, "graine de sésame et autres": 13.13846153846154, "noix de coco amande sèche": 15.0, "pignon de pin": 18.333333333333332, "noix du brésil": 21.333333333333332, "graine de tournesol": 18.0, "amande": 50.5, "noisette": 28.375}, "fruits secs et châtaignes": {"abricot sec": 33.857142857142854, "châtaigne grillée": 94.0, "datte sèche": 64.3529411764706, "figue sèche": 44.666666666666664, "pruneau sec": 29.646341463414632, "châtaigne cuite à l'eau": 91.14285714285714, "mélange pour apéritif de fruits exotiques séchés": 57.5, "raisin sec": 23.6, "banane mi-sèche": 15.0, "purée de marrons en conserve": 50.0}, "mélanges": {"fruits secs ou séchés et graines oléagineuses sans précision": 33.0}}}