{"eaux": {"eau minérale plate": {"abatilles eau plate": 621.4285714285714, "wattwiller eau plate": 300.6818181818182, "saint amand vauban eau plate": 303.3333333333333, "aix les bains eau plate": 240.0, "luchon eau plate": 245.2941176470588, "saint antonin noble val eau plate": 2000.0, "orée du bois eau plate": 285.7142857142857, "évian eau plate": 274.33714285714285, "vittel eau plate": 312.49134948096884, "hépar eau plate": 352.046783625731, "eau minérale plate sans précision": 200.609756097561, "mont roucous eau plate": 863.3333333333334, "valvert eau plate": 388.9583333333333, "contrex eau plate": 376.83168316831683, "thonon eau plate": 245.0, "volvic eau plate": 393.32, "chambon eau plate": 230.0, "courmayeur eau plate": 625.0}, "eau du robinet": {"eau du robinet": 287.67107371794873}, "eau minérale gazeuse": {"saint alban antonin eau gazeuse": 1100.0, "saint yorre eau gazeuse": 321.42857142857144, "eau gazeuse sans précision": 365.22727272727275, "salvetat eau gazeuse": 310.625, "saint diéry eau gazeuse": 60.0, "perrier eau gazeuse": 309.5121951219512, "puits saint georges eau gazeuse": 283.3333333333333, "quézac eau gazeuse": 365.1136363636364, "auvergne eau gazeuse": 107.14285714285714, "arcens eau gazeuse": 407.14285714285717, "badoit eau gazeuse": 417.0967741935484, "vichy célestins eau gazeuse": 466.0, "châteauneuf eau gazeuse": 300.0, "arvie eau gazeuse": 249.28571428571428, "la vernière eau gazeuse": 200.0, "san pellegrino eau gazeuse": 376.31868131868134, "vals vivaraise eau gazeuse": 360.0}, "eau de source": {"eau de source": 290.7389162561576}, "autre eau": {"eau minérale sans précision": 274.41509433962267, "autre eau minérale": 447.5, "eau minérale ou non faiblement minéralisée": 260.56716417910445}}}