{"sucres et d\u00e9riv\u00e9s": {"confiserie": {"bonbons g\u00e9lifi\u00e9s": 33.0, "confiserie drag\u00e9ifi\u00e9e au chocolat type smarties": 15.333333333333334, "p\u00e2te de fruits": 30.0, "p\u00e2te d'amande fabrication industrielle": 37.0, "chewing-gum sucr\u00e9": 6.036585365853658, "meringue": 38.0, "bonbons tout type sauf g\u00e9lifi\u00e9s": 24.185365853658535, "chewing-gum sans sucre": 4.867924528301887, "confiserie \u00e0 base de cacahu\u00e8tes drag\u00e9ifi\u00e9es enrob\u00e9es de chocolat type m&ms cacah": 32.13333333333333, "nougat ou touron": 28.428571428571427}, "confiture et miel": {"miel": 15.10943396226415, "confiture de cerise": 28.225806451612904, "confiture ajout\u00e9e au service": 10.573770491803279, "confiture d'orange": 32.926829268292686, "confiture de fraise": 28.944444444444443, "confiture d'abricot": 34.11764705882353, "confiture ou marmelade tout type": 29.606299212598426, "confiture all\u00e9g\u00e9e": 28.526785714285715}, "sucre et assimil\u00e9s": {"sucre roux": 8.131687242798353, "sucre blanc": 8.494351194318915, "sucre blanc ajout\u00e9 au service": 6.332533013205282, "sucre all\u00e9g\u00e9 type tutti free": 4.232835820895522, "fructose": 5.0}}}