{"fruits": {"sans": {"m\u00fbre de ronce fra\u00eeche": 150.0, "fruit sans pr\u00e9cision": 145.0, "nectarine non pel\u00e9e fra\u00eeche": 158.88888888888889, "litchi frais": 22.05128205128205, "cerise fra\u00eeche": 164.54545454545453, "framboise fra\u00eeche": 88.21428571428571, "pamplemousse frais": 132.0, "raisin noir frais": 149.79166666666666, "salade de fruits frais": 195.1219512195122, "fruit de la passion frais": 40.0, "autre fruit": 110.55555555555556, "past\u00e8que fra\u00eeche": 238.75, "abricot frais": 151.02857142857144, "papaye fra\u00eeche": 50.0, "grenade fra\u00eeche": 55.0, "mirabelle fra\u00eeche": 93.33333333333333, "banane fra\u00eeche": 152.40322580645162, "kiwi frais": 123.50290697674419, "figue fra\u00eeche": 83.38461538461539, "mangue fra\u00eeche": 175.33333333333334, "raisin blanc frais": 157.95862068965516, "fraise fra\u00eeche": 168.84558823529412, "ananas frais": 117.57777777777777, "melon frais": 256.22983870967744, "orange fra\u00eeche": 169.84797297297297, "lime dit citron vert pulpe": 60.0, "kaki frais": 235.0, "fruits rouges frais (framboises, fraises, groseilles, cassis)": 116.66666666666667, "poire non pel\u00e9e fra\u00eeche": 143.40654205607476, "m\u00fbre noire de m\u00fbrier fra\u00eeche": 100.0, "citron frais": 26.884615384615383, "prune reine-claude fra\u00eeche": 88.57142857142857, "cl\u00e9mentine ou mandarine fra\u00eeche": 115.72524752475248, "groseille fra\u00eeche": 46.0, "pomme non pel\u00e9e fra\u00eeche": 185.14373536299766, "p\u00eache non pel\u00e9e fra\u00eeche": 165.1209677419355, "p\u00eache pel\u00e9e fra\u00eeche": 186.875}}}