{"glaces et desserts glac\u00e9s": {"desserts glac\u00e9s": {"barre chocolat\u00e9e glac\u00e9e type mars twix snickers": 54.666666666666664, "poire belle h\u00e9l\u00e8ne": 185.0, "omelette norv\u00e9gienne": 85.0, "profiteroles glace vanille et sauce chocolat": 208.2}, "glaces": {"cr\u00e8me glac\u00e9e \u00e0 la vanille type carte d'or vanille": 93.05737704918033, "glace en cornet": 110.0, "cr\u00e8me glac\u00e9e au chocolat type carte d'or chocolat": 91.66666666666667, "glace cr\u00e8me glac\u00e9e sorbet ou glace \u00e0 l'eau parfums divers": 94.92857142857143, "glace enrob\u00e9e de chocolat type esquimau": 89.82758620689656}, "sorbets": {"sorbet tout type": 61.21621621621622}}}