{"margarine": {"sans": {"margarine \u00e0 l'huile d'olive  60% m.g. ajout\u00e9ee \u00e0 la cuisson": 10.0, "mati\u00e8re grasse compos\u00e9e all\u00e9g\u00e9e 60% m.g. type le fleurier ou tartine et cuisine": 12.673076923076923, "margarine type primev\u00e8re 60% m.g. ajout\u00e9e \u00e0 la cuisson": 9.827586206896552, "margarine all\u00e9g\u00e9e  40% m.g. ajout\u00e9e \u00e0 la cuisson": 9.134615384615385, "margarine all\u00e9g\u00e9e demi-sel  40% m.g. ajout\u00e9e \u00e0 la cuisson": 8.0, "mati\u00e8re grasse l\u00e9g\u00e8re 38-41% m.g. demi-sel tartiner": 6.923076923076923, "margarine ordinaire  70% ou 80% m.g. ajout\u00e9e \u00e0 la cuisson": 10.0, "margarine ordinaire  60% m.g. ajout\u00e9e \u00e0 la cuisson": 9.682539682539682, "margarine \u00e0 l'huile d'olive 60% m.g. ajout\u00e9e au service": 5.0, "margarine all\u00e9g\u00e9e demi-sel 40% m.g. ajout\u00e9e au service": 9.117647058823529, "mati\u00e8re grasse l\u00e9g\u00e8re 38-41% m.g. \u00e0 tartiner": 9.529411764705882, "margarine ordinaire 70% ou 80% m.g. ajout\u00e9e au service": 5.0, "margarine au tournesol 70% ou 80% m.g. ajout\u00e9e au service": 5.0, "margarine au tournesol 60% m.g. ajout\u00e9e au service": 6.75, "mati\u00e8re grasse 70% m.g. en pain type astra": 5.0, "mati\u00e8re grasse l\u00e9g\u00e8re 35% m.g. enrichie en st\u00e9rols/stanols type proactive tartin": 12.0, "margarine au tournesol  70% ou 80% m.g. ajout\u00e9e \u00e0 la cuisson": 9.79020979020979, "margarine au tournesol en barquette 80% m.g. type fruit d'or": 12.267857142857142, "margarine au tournesol  60% m.g. ajout\u00e9e \u00e0 la cuisson": 9.732142857142858, "margarine type primev\u00e8re 60% m.g. ajout\u00e9e au service": 11.222222222222221, "mati\u00e8re grasse all\u00e9g\u00e9e 55-60% m.g. riche en om\u00e9ga 3 et 6": 10.908045977011493, "margarine de cuisine 80% m.g.": 9.956521739130435, "mati\u00e8re grasse all\u00e9g\u00e9e 60% m.g.": 11.009345794392523, "margarine all\u00e9g\u00e9e 40% m.g. ajout\u00e9e au service": 9.48, "margarine proactiv de fruit d'or ajout\u00e9e \u00e0 la cuisson": 10.0, "margarine ordinaire 60% m.g. ajout\u00e9e au service": 11.3, "margarine proactiv de fruit d'or ajout\u00e9e au service": 5.0}}}