{"entremets, cr\u00e8mes desserts et laits g\u00e9lifi\u00e9s": {"entremets": {"g\u00e2teau de riz napp\u00e9 de caramel rayon frais": 118.75, "mousse au chocolat industrielle rayon frais": 115.6010101010101, "riz au lait rayon frais": 105.37037037037037, "mousse aux fruits": 125.0, "\u00eele flottante ou \u0153ufs \u00e0 la neige": 120.45454545454545, "cr\u00e8me anglaise": 76.47058823529412, "cr\u00e8me caramel type charles gervais": 111.9047619047619, "tiramisu": 167.0, "cr\u00e8me br\u00fbl\u00e9e": 134.64285714285714, "cr\u00e8me dessert aux \u0153ufs ou cr\u00e8me renvers\u00e9e type senoble cr\u00e8me aux \u0153ufs saveur van": 99.6875, "clafoutis aux fruits": 192.69230769230768, "flan p\u00e2tissier aux \u0153ufs ou \u00e0 la parisienne": 204.76190476190476, "entremet sans pr\u00e9cision": 140.0, "autre dessert type entremet": 70.0, "g\u00e2teau de semoule au lait rayon frais": 126.17647058823529}, "cr\u00e8me dessert et lait g\u00e9lifi\u00e9": {"cr\u00e8me dessert rayon frais type danette": 121.27364864864865, "dessert au lait g\u00e9lifi\u00e9 aromatis\u00e9 napp\u00e9 de caramel type flanby": 109.6938775510204, "dessert au lait g\u00e9lifi\u00e9 aromatis\u00e9 au chocolat type dany": 101.25, "cr\u00e8me dessert rayon frais ou appertis\u00e9e sans pr\u00e9cision": 110.24418604651163, "chocolat viennois ou li\u00e9geois": 114.93548387096774, "cr\u00e8me de marrons vanill\u00e9e en conserve": 72.07894736842105, "cr\u00e8me dessert \u00e0 la vanille enrichie en cr\u00e8me rayon frais type la laiti\u00e8re de nes": 73.125, "cr\u00e8me dessert all\u00e9g\u00e9e en mati\u00e8re grasse rayon frais type taillefine chocolat ou": 111.66666666666667, "cr\u00e8me dessert au soja nature rayon frais type sojasun nature": 120.65217391304348, "cr\u00e8me dessert au soja aromatis\u00e9e rayon frais type sojasun chocolat": 110.0, "cr\u00e8me dessert \u00e0 la vanille en conserve type mont-blanc ou yabon": 143.33333333333334, "cr\u00e8me dessert au soja aux fruits rayon frais type sojad\u00e9lice aux pruneaux": 116.66666666666667, "cr\u00e8me dessert appertis\u00e9e type mont blanc ou yabon": 120.0, "cr\u00e8me dessert au chocolat industrielle type danette ou petits filous": 121.45422535211267}}}