{"charcuterie": {"p\u00e2t\u00e9s, terrines, rillettes et foie gras": {"foie gras en conserve": 48.96363636363636, "p\u00e2t\u00e9 de t\u00eate ou fromage de t\u00eate": 64.52631578947368, "p\u00e2t\u00e9 de campagne": 42.693333333333335, "galantine": 180.0, "mousse de foie": 62.75, "p\u00e2t\u00e9 de foie de porc": 34.916666666666664, "rillettes pur porc": 51.96296296296296, "p\u00e2t\u00e9 de lapin": 23.0, "rillettes": 41.791666666666664, "p\u00e2t\u00e9 de foie de volaille": 25.0, "p\u00e2t\u00e9 en cro\u00fbte": 73.3, "foie gras de canard entier en conserve": 62.5, "terrine de canard": 37.666666666666664}, "autre charcuterie ou charcuterie  sans pr\u00e9cision": {"charcuterie sans pr\u00e9cision": 48.714285714285715, "autre charcuterie": 79.7990909090909}, "saucisses, saucissons, andouilles et boudins": {"saucisse de morteau cuite": 109.38461538461539, "mortadelle": 38.0, "andouille r\u00e9chauff\u00e9e": 32.285714285714285, "chorizo sec": 48.18181818181818, "saucisse s\u00e8che": 31.954545454545453, "saucisson sec pur porc": 56.142857142857146, "saucisse de francfort": 50.0, "boudin noir cuit": 115.58823529411765, "saucisse alsacienne fum\u00e9e ou gendarme": 93.16666666666667, "saucisse cocktail": 55.5, "rosette ou fuseau": 47.375, "saucisson sec": 42.981818181818184, "chair \u00e0 saucisse": 31.666666666666668, "salami": 27.928571428571427, "chipolata cuite": 71.78, "andouillette r\u00e9chauff\u00e9e": 131.72727272727272, "merguez de b\u0153uf et de mouton cuite": 109.72222222222223, "boudin blanc cuit": 101.3157894736842, "saucisson \u00e0 l'ail": 44.375, "saucisse de toulouse cuite": 108.25, "cervelas": 47.5, "saucisse de montb\u00e9liard": 84.33333333333333, "saucisse sans pr\u00e9cision": 81.51369863013699, "saucisse de strasbourg": 73.70491803278688}, "jambons et charcuteries en pi\u00e8ces": {"jambon cuit sup\u00e9rieur dd (d\u00e9couenn\u00e9 d\u00e9graiss\u00e9)": 78.66666666666667, "jambon cuit": 60.30987394957983, "lardon ou bacon fum\u00e9 cuit": 22.5, "poitrine de porc fum\u00e9e": 86.42857142857143, "coppa": 29.0, "jambon cuit fum\u00e9": 30.0, "lardon nature cuit": 31.19191919191919, "jambon cuit sup\u00e9rieur": 60.833333333333336, "jambon cru fum\u00e9": 67.21052631578948, "jambon cuit dd (d\u00e9couenn\u00e9 d\u00e9graiss\u00e9)": 74.3157894736842, "pancetta ou poitrine roul\u00e9e s\u00e8che": 25.0, "jambon sec dd (d\u00e9couenn\u00e9 d\u00e9graiss\u00e9)": 61.52173913043478, "jambon cru": 61.09090909090909, "jambonneau cuit": 72.14285714285714, "bacon filet cuit": 48.38235294117647}}}