{"p\u00e2tisseries et g\u00e2teaux": {"p\u00e2tisseries et tartes": {"tarte ou tartelette aux pommes": 177.89473684210526, "p\u00e2tisserie orientale aux amandes et au sirop": 78.94736842105263, "p\u00e2tisserie sans pr\u00e9cision": 100.9375, "crumble aux pommes": 117.27272727272727, "millefeuille": 155.0, "chou \u00e0 la cr\u00e8me chantilly ou p\u00e2tissi\u00e8re": 128.75, "tarte ou tartelette aux fruits": 168.27702702702703, "chouquette artisanale": 86.42857142857143, "macaron moelleux fourr\u00e9 \u00e0 la confiture ou \u00e0 la cr\u00e8me artisanal": 58.083333333333336, "autre p\u00e2tisserie": 176.61111111111111, "\u00e9clair": 94.03030303030303}, "g\u00e2teaux": {"g\u00e2teau moelleux fourr\u00e9 aux fruits type mini roul\u00e9 fraise captain choc": 68.55555555555556, "muffin": 71.52631578947368, "g\u00e2teau de savoie": 145.0, "brownie au chocolat": 78.65384615384616, "g\u00e2teau moelleux fourr\u00e9 au chocolat ou aux p\u00e9pites de chocolat noir ou au lait": 53.16129032258065, "galette des rois feuillet\u00e9e fourr\u00e9e \u00e0 la frangipane": 177.20634920634922, "cake aux fruits": 56.575, "g\u00e2teau mousse aux fruits sur g\u00e9noise type miroir aux fruits rouges de picard": 109.79166666666667, "g\u00e2teau \u00e0 la cr\u00e8me": 124.81481481481481, "g\u00e2teau moelleux fourr\u00e9 au chocolat multicouches type napolitain lu ou kinder d\u00e9l": 66.96666666666667, "charlotte aux fruits artisanale": 125.83333333333333, "quatre-quarts fabrication industrielle": 71.56716417910448, "g\u00e2teau moelleux g\u00e9noise fourr\u00e9e \u00e0 l'orange type chamonix": 75.0, "g\u00e2teau sans pr\u00e9cision": 89.10714285714286, "pain d'\u00e9pices": 54.285714285714285, "autre g\u00e2teau": 74.3529411764706, "g\u00e2teau au chocolat": 88.46132596685082, "g\u00e2teau moelleux g\u00e9noise fourr\u00e9e \u00e0 l'orange enrob\u00e9e de chocolat type pim's": 45.666666666666664, "g\u00e2teau au fromage blanc": 89.21875, "g\u00e2teau breton ou far aux pruneau": 204.0, "madeleine": 69.24705882352941, "baba au rhum": 131.66666666666666}, "beignets, cr\u00eapes et gaufres": {"cr\u00eape au froment fourr\u00e9e au chocolat ou ou \u00e0 la p\u00e2te \u00e0 tartiner chocolat et nois": 99.04838709677419, "gaufre bruxelloise ou li\u00e9geoise avec ou sans chocolat pr\u00e9emball\u00e9e": 55.78947368421053, "blinis": 145.9375, "cr\u00eape au froment sucr\u00e9e non fourr\u00e9e": 96.2, "beignet fourr\u00e9 aux fruits": 40.38461538461539, "cr\u00eape au froment nature": 123.95918367346938, "beignet fourr\u00e9 \u00e0 la confiture": 35.0, "pain perdu": 165.0, "beignet sucr\u00e9 nature": 53.46153846153846, "cr\u00eape ou galette bretonne au bl\u00e9 noir ou sarrasin": 106.53846153846153, "cr\u00eape au froment fourr\u00e9e \u00e0 la confiture": 68.33333333333333}}}