{"café": {"sans": {"café soluble décaféiné reconstitué prêt à boire non sucré": 123.33333333333333, "café soluble en poudre": 2.2524271844660193, "café au lait ou café crème ou cappuccino non sucré": 262.3115577889447, "café soluble reconstitué prêt à boire non sucré": 229.3125, "café expresso non sucré": 128.01020408163265, "café noir prêt à boire non sucré": 231.57865168539325, "café décaféiné prêt à boire non sucré": 184.0983606557377}}}