{"region_1_partitions_foodgrp_25": {"légumes secs": {"légumes secs": {"pois cassé cuit": 163.0, "haricot rouge cuit": 114.75, "haricot blanc cuit": 137.38095238095238, "haricot blanc en conserve": 155.6, "lentille cuite": 163.1764705882353, "pois chiche cuit": 66.66666666666667, "haricot flageolet en conserve": 123.93617021276596, "fève cuite": 106.66666666666667}, "légumes secs préparés": {"lentille cuisinée en conserve": 176.45833333333334}}}}