{"huile": {"sans": {"huile d'arachide ajout\u00e9e au service": 10.0, "autre huile v\u00e9g\u00e9tale": 11.434782608695652, "huile de soja ajout\u00e9e au service": 10.0, "huile m\u00e9lang\u00e9e (type isio 4) ajout\u00e9e au service": 10.0, "huile de colza ajout\u00e9e \u00e0 la cuisson": 11.027027027027026, "huile de p\u00e9pin de raisins ajout\u00e9e au service": 10.0, "huile d'olive vierge": 12.222011385199242, "huile de noix": 10.961538461538462, "huile de p\u00e9pins de raisin": 8.625, "huile d'olive ajout\u00e9e au service": 9.799212598425196, "huile de colza ajout\u00e9e au service": 8.86111111111111, "huile d'olive ajout\u00e9e \u00e0 la cuisson": 10.58, "huile d'arachide ajout\u00e9e \u00e0 la cuisson": 9.492537313432836, "huile de p\u00e9pin de raisins ajout\u00e9e \u00e0 la cuisson": 11.6, "huile m\u00e9lang\u00e9e (type isio 4) ajout\u00e9e \u00e0 la cuisson": 11.294117647058824, "huile de colza": 13.688888888888888, "huile v\u00e9g\u00e9tale sans pr\u00e9cision": 12.825, "huile m\u00e9lang\u00e9e \u00e9quilibr\u00e9e type isio 4": 12.117088607594937, "huile de tournesol ajout\u00e9e \u00e0 la cuisson": 10.661971830985916, "huile de ma\u00efs ajout\u00e9e \u00e0 la cuisson": 12.0, "huile de tournesol ajout\u00e9e au service": 9.448979591836734, "huile d'arachide": 18.954545454545453, "huile de tournesol": 13.013157894736842}}}