{"volaille et gibier": {"gibier": {"chevreuil rôti": 67.6, "sanglier rôti": 85.0, "autre gibier": 86.66666666666667, "faisan viande rôtie": 80.0}, "volailles et lapins": {"poule viande bouillie": 247.66666666666666, "blanc de poulet cuit": 97.84281250000001, "poulet cuisse rôtie viande et peau": 184.05434782608697, "dinde viande rôtie": 132.86666666666667, "lapin en ragoût": 144.28571428571428, "lapin viande cuite": 196.75757575757575, "pigeon viande rôtie": 75.0, "confit de canard": 150.0, "brochette de volaille": 104.72222222222223, "poule bouillie viande et peau": 173.25, "dinde ou autre volaille escalope sautée": 97.59868421052632, "volaille cuite sans précision": 151.875, "canard viande rôtie": 197.23333333333332, "canard magret cuit à la poêle": 89.77142857142857, "autre volaille cuite": 168.53846153846155, "caille cuite viande et peau": 148.75, "poulet rôti viande et peau": 148.48181818181817}}}