{"viande": {"bœuf en pièces ou haché": {"steak haché 20% m.g. cuit": 123.75, "bœuf boulettes cuites": 95.69444444444444, "bœuf faux-filet grillé": 123.5, "brochette de bœuf": 127.5, "steak haché 5% m.g. cuit": 114.29347826086956, "steak haché 5% m.g. cru": 150.0, "carpaccio de boeuf": 111.81818181818181, "steak haché 15% m.g. cuit": 129.31266846361186, "bœuf à pot-au-feu cuit": 195.0, "boeuf bifteck grillé": 131.46700507614213, "steak haché 10% m.g. cuit": 138.33333333333334, "fondue bourguignonne": 195.0, "bœuf à bourguignon cuit": 112.4074074074074, "bœuf braisé": 107.27272727272727, "bœuf rosbif rôti": 113.33858267716535, "bœuf entrecôte grillée": 150.82222222222222}, "autre viande": {"autre viande": 127.5, "cheval viande rôtie": 136.08695652173913, "brochette mixte de viande": 114.0, "viande cuite sans précision": 117.27272727272727}, "porc": {"porc côtelette grillée": 142.4, "porc filet rôti maigre cuit": 95.65714285714286, "porc travers braisé": 155.94594594594594, "porc échine rôtie": 124.125, "porc rôti cuit": 107.68796992481202}, "agneau": {"agneau épaule rôtie": 118.9, "agneau côtelette grillée": 145.08064516129033, "brochette d'agneau": 100.0, "agneau gigot rôti": 110.81818181818181}, "veau": {"veau escalope cuite": 116.39682539682539, "veau rôti": 120.60606060606061, "veau filet rôti": 136.66666666666666, "veau côte cuite": 125.4, "veau mijoté": 116.93548387096774, "veau escalope panée": 115.0}}}