{"pâtisseries et gâteaux": {"pâtisseries et tartes": {"tarte ou tartelette aux pommes": 177.89473684210526, "pâtisserie orientale aux amandes et au sirop": 78.94736842105263, "pâtisserie sans précision": 100.9375, "crumble aux pommes": 117.27272727272727, "millefeuille": 155.0, "chou à la crème chantilly ou pâtissière": 128.75, "tarte ou tartelette aux fruits": 168.27702702702703, "chouquette artisanale": 86.42857142857143, "macaron moelleux fourré à la confiture ou à la crème artisanal": 58.083333333333336, "autre pâtisserie": 176.61111111111111, "éclair": 94.03030303030303}, "gâteaux": {"gâteau moelleux fourré aux fruits type mini roulé fraise captain choc": 68.55555555555556, "muffin": 71.52631578947368, "gâteau de savoie": 145.0, "brownie au chocolat": 78.65384615384616, "gâteau moelleux fourré au chocolat ou aux pépites de chocolat noir ou au lait": 53.16129032258065, "galette des rois feuilletée fourrée à la frangipane": 177.20634920634922, "cake aux fruits": 56.575, "gâteau mousse aux fruits sur génoise type miroir aux fruits rouges de picard": 109.79166666666667, "gâteau à la crème": 124.81481481481481, "gâteau moelleux fourré au chocolat multicouches type napolitain lu ou kinder dél": 66.96666666666667, "charlotte aux fruits artisanale": 125.83333333333333, "quatre-quarts fabrication industrielle": 71.56716417910448, "gâteau moelleux génoise fourrée à l'orange type chamonix": 75.0, "gâteau sans précision": 89.10714285714286, "pain d'épices": 54.285714285714285, "autre gâteau": 74.3529411764706, "gâteau au chocolat": 88.46132596685082, "gâteau moelleux génoise fourrée à l'orange enrobée de chocolat type pim's": 45.666666666666664, "gâteau au fromage blanc": 89.21875, "gâteau breton ou far aux pruneau": 204.0, "madeleine": 69.24705882352941, "baba au rhum": 131.66666666666666}, "beignets, crêpes et gaufres": {"crêpe au froment fourrée au chocolat ou ou à la pâte à tartiner chocolat et nois": 99.04838709677419, "gaufre bruxelloise ou liégeoise avec ou sans chocolat préemballée": 55.78947368421053, "blinis": 145.9375, "crêpe au froment sucrée non fourrée": 96.2, "beignet fourré aux fruits": 40.38461538461539, "crêpe au froment nature": 123.95918367346938, "beignet fourré à la confiture": 35.0, "pain perdu": 165.0, "beignet sucré nature": 53.46153846153846, "crêpe ou galette bretonne au blé noir ou sarrasin": 106.53846153846153, "crêpe au froment fourrée à la confiture": 68.33333333333333}}}