{"region_1_partitions_foodgrp_43": {"condiments et sauces": {"condiments d'assaisonnement": {"ail frais": 4.416260162601627, "cube pour bouillon de bœuf": 4.388888888888889, "vinaigre": 9.421515151515152, "sauce de soja": 25.333333333333332, "concentré de tomate": 24.170454545454547}, "condiments d'accompagnement": {"raifort cru": 10.0, "câpres": 12.0, "olive verte en saumure": 22.083333333333332, "olive noire en saumure": 17.076923076923077, "moutarde": 11.52991452991453, "cornichon au vinaigre": 35.990566037735846, "tapenade d'olives": 43.0, "ketchup": 31.883333333333333}, "herbes aromatiques": {"basilic frais": 2.6714285714285717, "persil frais": 6.637387387387387, "menthe fraîche": 3.5090909090909093, "thym sec": 3.5384615384615383, "ciboule ou ciboulette fraîche": 5.78125, "cerfeuil frais": 7.5, "herbes aromatiques fraîches": 2.4893939393939397}, "sauces": {"sauce hollandaise": 21.0, "mayonnaise à l'huile de tournesol": 15.0, "sauce au yaourt": 28.5, "vinaigrette ajoutée au service": 19.842931937172775, "sauce tomate sans viande": 37.94191919191919, "sauce sans précision": 32.69230769230769, "sauce à la crème aux épices": 31.28787878787879, "vinaigrette sans précision": 20.869135802469135, "sauce à la crème aux herbes": 28.0, "sauce à la crème": 25.535714285714285, "sauce au vin rouge": 31.071428571428573, "sauce barbecue": 26.875, "mayonnaise ajoutée au service": 15.0, "sauce aux champignons": 59.166666666666664, "sauce au fromage": 33.75, "vinaigrette allégée ajoutée au service": 20.0, "sauce aigre-douce": 37.5, "mayonnaise": 13.762228260869565, "sauce béarnaise": 28.333333333333332, "sauce au beurre": 25.217391304347824, "mayonnaise allégée": 11.73076923076923, "vinaigrette allégée": 20.35211267605634, "sauce mornay": 60.0, "sauce au curry": 23.958333333333332, "sauce tomate à la viande ou bolognaise type panzani ou buitoni": 47.77777777777778, "sauce moutarde": 32.5, "sauce pesto": 31.041666666666668, "autre sauce": 19.736842105263158, "vinaigrette à l'huile d'olive": 23.510204081632654, "sauce béchamel en brique": 36.5625}, "sel et épices": {"curry en poudre": 1.6111111111111112, "poivre noir moulu": 1.0851181102362204, "gingembre moulu": 4.5625, "cumin en graines": 2.0, "sel fin ou gros": 2.343534482758621, "cannelle": 6.0, "épices sans précision": 7.238709677419355, "sel de mer": 4.945945945945946, "coriandre en graines": 5.666666666666667}}}}