{"crustac\u00e9s et mollusques": {"crustac\u00e9s": {"homard cuit \u00e0 l'eau": 270.0, "crabe ou tourteau cuit \u00e0 l'eau": 47.857142857142854, "crabe ou tourteau en conserve": 60.0, "langouste cuite \u00e0 l'eau": 73.2, "crevette cuite": 91.72566371681415, "brochette de crevettes": 140.0, "\u00e9crevisse crue": 200.0}, "mollusques et coquillage": {"calmar ou calamar frit": 95.71428571428571, "moule cuite \u00e0 l'eau": 289.4230769230769, "coquille saint-jacques noix et corail cuite": 116.78260869565217, "clam praire ou palourde cuits \u00e0 l'eau": 35.0, "hu\u00eetre creuse crue": 329.5, "escargot cru": 61.666666666666664, "seiche crue": 80.0, "bulot ou buccin cuit": 110.71428571428571}, "autres fruits de mer ou fruits de mer sans pr\u00e9cision": {"plateau de fruits de mer": 86.66666666666667, "autre fruit de mer": 48.4, "fruits de mer sans pr\u00e9cision": 105.0}}}