{"boissons alcoolisées": {"cidre": {"cidre brut": 237.77777777777777, "cidre": 314.1666666666667, "cidre traditionnel": 150.0, "cidre doux": 333.3333333333333}, "spiritueux et vins cuits": {"eau-de-vie": 94.0, "cognac armagnac": 21.333333333333332, "vodka": 93.63636363636364, "rhum": 58.72727272727273, "porto": 59.375, "apéritif à base de vin ou vermouth type martini": 81.6896551724138, "pastis": 33.333333333333336, "apéritif à la gentiane": 41.666666666666664, "vin doux naturel ou vin muté autre que porto type muscat banyuls ou maury": 64.58333333333333, "gin": 126.6, "liqueurs": 49.77272727272727, "whisky": 59.92}, "vin": {"vin sans précision": 163.91472868217053, "vin rouge 11°": 257.43589743589746, "vin blanc 11°": 213.34259259259258, "vin rouge 12°": 200.74409448818898, "vin rouge 10°": 199.18471337579618, "vin blanc mousseux": 135.0, "champagne": 189.52941176470588, "vin rosé 11°": 234.02298850574712, "vin rouge 13° et plus": 258.0}, "cocktails et mélanges": {"kir": 106.13636363636364, "cocktail type punch planteur": 270.0, "sangria": 195.0, "panaché": 250.0, "pastis prêt à boire (1+5)": 173.68421052631578, "cocktail alcoolisé": 446.0, "kir royal": 100.0}, "bière": {"bière cœur de marché à 4-5° d'alcool type kronenbourg ou 33 export": 380.93023255813955, "bière spéciale à 5-6° d'alcool type 1664 pelforth ambrée ou fischer heineken": 485.89285714285717, "bière brune": 470.0, "bière de spécialités ou d'abbaye régionales ou de brasserie degré d'alcool varia": 320.0}}}