{"soupes et bouillons": {"potages et soupes": {"soupe poireau pomme de terre type fait maison": 363.4782608695652, "soupe aux champignons": 287.5, "soupe de poissons et/ou de crustac\u00e9s pr\u00e9emball\u00e9e \u00e0 r\u00e9chauffer": 328.57142857142856, "soupe \u00e0 la tomate pr\u00e9emball\u00e9e \u00e0 r\u00e9chauffer ou d\u00e9shydrat\u00e9e reconstitu\u00e9e": 313.44827586206895, "soupe aux l\u00e9gumes pr\u00e9emball\u00e9e \u00e0 r\u00e9chauffer": 317.2991452991453, "soupe au pistou pr\u00e9emball\u00e9e \u00e0 r\u00e9chauffer ou d\u00e9shydrat\u00e9e reconstitu\u00e9e": 360.0, "minestrone pr\u00e9emball\u00e9e \u00e0 r\u00e9chauffer ou d\u00e9shydrat\u00e9e reconstitu\u00e9e": 258.3333333333333, "soupe aux l\u00e9gumes type fait maison": 348.36879432624113, "soupe aux lentilles": 278.0833333333333, "soupe aux l\u00e9gumes d\u00e9shydrat\u00e9e reconstitu\u00e9e": 300.0, "soupe chinoise": 316.6666666666667, "soupe poireau pomme de terre pr\u00e9emball\u00e9e \u00e0 r\u00e9chauffer": 300.0, "soupe au potiron": 324.24242424242425, "soupe \u00e0 l'oignon": 310.0, "soupe \u00e0 la volaille et aux vermicelles pr\u00e9emball\u00e9e \u00e0 r\u00e9chauffer ou d\u00e9shydrat\u00e9e r": 365.0}, "bouillons": {"bouillon v\u00e9g\u00e9tal": 238.6, "bouillon de viande d\u00e9shydrat\u00e9 reconstitu\u00e9 type bouillon de b\u0153uf knorr": 53.333333333333336, "bouillon de viande et de l\u00e9gumes": 263.6, "bouillon de volaille d\u00e9shydrat\u00e9 reconstitu\u00e9 type bouillon de poule knorr": 255.96}}}