{"ultra-frais laitier": {"cr\u00e8me fra\u00eeche": {"cr\u00e8me fra\u00eeche ou cr\u00e8me de lait \u00e9paisse all\u00e9g\u00e9e 15 \u00e0 20% m.g. rayon frais": 30.0, "cr\u00e8me chantilly sucr\u00e9e sous pression uht": 21.433333333333334, "cr\u00e8me fra\u00eeche ou cr\u00e8me de lait sans pr\u00e9cision": 19.62857142857143, "cr\u00e8me fra\u00eeche ou cr\u00e8me de lait fluide au moins 30% m.g. uht": 30.0, "cr\u00e8me fra\u00eeche all\u00e9g\u00e9e ajout\u00e9e \u00e0 la cuisson": 17.5, "cr\u00e8me fra\u00eeche non all\u00e9g\u00e9e ajout\u00e9e \u00e0 la cuisson": 16.818181818181817, "cr\u00e8me fra\u00eeche ou cr\u00e8me de lait \u00e9paisse au moins 30% m.g. rayon frais": 18.5625, "cr\u00e8me fra\u00eeche non all\u00e9g\u00e9e ajout\u00e9e au service": 16.666666666666668, "cr\u00e8me fra\u00eeche all\u00e9g\u00e9e ajout\u00e9e au service": 17.1875, "sp\u00e9cialit\u00e9 \u00e0 base de cr\u00e8me l\u00e9g\u00e8re 8% m.g. type cr\u00e8me fluide ou \u00e9paisse": 27.22222222222222, "cr\u00e8me fra\u00eeche ou cr\u00e8me de lait fluide all\u00e9g\u00e9e 15 \u00e0 20% m.g. uht": 14.709677419354838, "cr\u00e8me fra\u00eeche ou cr\u00e8me de lait fluide au moins 30% m.g. rayon frais": 12.333333333333334}, "yaourts et assimil\u00e9s": {"yaourt brass\u00e9 nature au lait entier type danone velout\u00e9 nature": 134.30232558139534, "yaourt bulgare ou velout\u00e9 \u00e0 la pulpe de fruits au lait entier": 137.33333333333334, "sp\u00e9cialit\u00e9 laiti\u00e8re type yaourt au bifidus aromatis\u00e9 au lait entier sucr\u00e9e type": 125.86206896551724, "sp\u00e9cialit\u00e9 laiti\u00e8re type yaourt au lait entier au bifidus et aux fruits sucr\u00e9e": 123.21428571428571, "sp\u00e9cialit\u00e9 laiti\u00e8re type yaourt 0% aux fruits aux \u00e9dulcorants type panier de yop": 145.45454545454547, "yaourt aux fruits au lait entier sucr\u00e9 type danone recette cr\u00e9meuse aux fruits o": 133.27906976744185, "yaourt ou sp\u00e9cialit\u00e9 laiti\u00e8re nature": 129.19642857142858, "yaourt nature au lait entier": 130.3181818181818, "sp\u00e9cialit\u00e9 laiti\u00e8re type yaourt 0% aux fruits sucr\u00e9e type sveltesse aux fruits p": 125.0, "yaourt nature au lait entier sucr\u00e9": 150.0, "yaourt \u00e0 boire aux fruits au lait demi-\u00e9cr\u00e9m\u00e9 sucr\u00e9 type danone velout\u00e9 ou fruix": 152.5, "sp\u00e9cialit\u00e9 laiti\u00e8re aux fruits \u00e0 base de fromage blanc enrichie en cr\u00e8me type ge": 112.5, "autre yaourt ou sp\u00e9cialit\u00e9 laiti\u00e8re nature ou aux fruit": 110.57142857142857, "lait ferment\u00e9 \u00e0 boire maigre nature type lait ribot ou lact\u00e9or l'ben": 95.29411764705883, "sp\u00e9cialit\u00e9 laiti\u00e8re type yaourt 0% aromatis\u00e9e sucr\u00e9e type weight watcher": 125.0, "yaourt aromatis\u00e9 au lait entier sucr\u00e9": 125.15789473684211, "lait ferment\u00e9 au bifidus nature au lait entier type danone activa": 127.84722222222223, "yaourt \u00e0 boire au lait demi-\u00e9cr\u00e9m\u00e9 aux \u00e9dulcorants": 102.0, "yaourt ou sp\u00e9cialit\u00e9 laiti\u00e8re aux fruits sans pr\u00e9cision": 136.10837438423644, "yaourt \u00e0 boire aromatis\u00e9 au lait demi-\u00e9cr\u00e9m\u00e9 sucr\u00e9 type yopi": 164.296875, "yaourt ou sp\u00e9cialit\u00e9 laiti\u00e8re sans pr\u00e9cision": 126.52717391304348, "lait ferment\u00e9 \u00e0 boire au bifidus et aux fruits genre yaourt \u00e0 boire": 100.0, "yaourt aux fruits au lait demi-\u00e9cr\u00e9m\u00e9 sucr\u00e9 type panier de yoplait": 133.89423076923077, "yaourt aux c\u00e9r\u00e9ales ou au muesli au lait entier": 229.16666666666666, "sp\u00e9cialit\u00e9 laiti\u00e8re nature \u00e0 base de fromage blanc enrichie en cr\u00e8me type fjord": 122.67605633802818, "yaourt nature 0% m.g. type taillefine nature 0% danone yoplait silhouette": 127.1788990825688, "yaourt nature au lait demi-\u00e9cr\u00e9m\u00e9": 140.27777777777777, "lait ferment\u00e9 \u00e0 boire au lait demi-\u00e9cr\u00e9m\u00e9 nature type actimel": 103.74651162790698, "yaourt nature au lait demi-\u00e9cr\u00e9m\u00e9 sucr\u00e9": 138.9908256880734, "yaourt aromatis\u00e9 au lait demi-\u00e9cr\u00e9m\u00e9 sucr\u00e9": 133.40277777777777, "sp\u00e9cialit\u00e9 laiti\u00e8re au lait entier enrichie en cr\u00e8me au chocolat type stracciate": 146.57894736842104}, "fromage blanc et petits suisses": {"petit-suisse nature 20% m.g. type gervais petit vitalit\u00e9": 102.5, "fromage blanc sans pr\u00e9cision": 113.37142857142857, "petit suisse aux fruits au lait demi-\u00e9cr\u00e9m\u00e9 type petits filous": 95.40506329113924, "fromage blanc type petit suisse 20% mg/ms, aromatis\u00e9 vanille ou chocolat": 100.0, "fromage blanc battu nature 40% m.g. type danone jockey 40% ou yoplait calin 40%": 103.3125, "fromage blanc battu aux fruits 0% m.g. aux \u00e9dulcorants type yoplait c\u00e2lin 0% sur": 100.0, "petit-suisse nature 40% m.g.": 91.3, "fromage blanc battu 20% m.g. nature": 137.6056338028169, "fromage blanc de campagne nature 40% m.g. type senoble fromage frais 43% campagn": 113.46153846153847, "fromage blanc sucr\u00e9 aromatis\u00e9 ou aux fruits sans pr\u00e9cision": 105.0, "fromage blanc aux fruits sucr\u00e9 30-40% m.g.": 153.92857142857142, "fromage blanc de campagne nature 0% m.g.": 92.5, "fromage blanc battu nature 30% m.g.": 100.0, "autre fromage blanc": 123.33333333333333, "fromage blanc battu nature 0% m.g.": 119.8}}}