{"lait": {"lait aromatis\u00e9": {"milk-shake sans pr\u00e9cision": 200.0, "lait demi-\u00e9cr\u00e9m\u00e9 aromatis\u00e9": 200.0, "lait demi-\u00e9cr\u00e9m\u00e9 aromatis\u00e9 au chocolat": 200.0}, "lait concentr\u00e9 ou en poudre": {"lait entier concentr\u00e9 non sucr\u00e9": 80.0, "lait \u00e9cr\u00e9m\u00e9 en poudre": 12.0}, "lait en bouteille ou en brique": {"lait demi-\u00e9cr\u00e9m\u00e9 en poudre": 12.0, "lait \u00e9cr\u00e9m\u00e9 uht": 168.0686274509804, "lait entier pasteuris\u00e9": 312.14285714285717, "lait entier uht": 271.02777777777777, "lait de croissance infantile": 80.0, "lait demi-\u00e9cr\u00e9m\u00e9 uht": 238.314}}}