{"region_14_partitions_foodgrp_12": {"oeufs et dérivés": {"sans": {"omelette aux lardons": 181.25, "jaune d'œuf cuit": 30.0, "omelette nature cuite au beurre": 146.8421052631579, "oeuf dur": 74.18604651162791, "oeuf poché": 100.0, "oeuf au plat salé": 110.74074074074075, "omelette aux fines herbes": 200.0, "omelette aux champignons": 150.0, "oeuf à la coque": 116.0, "oeufs brouillés au beurre": 56.666666666666664}}}}