{"pain et panification s\u00e8che": {"biscottes et panification s\u00e8che": {"autre biscotte": 23.956521739130434, "tartine extrud\u00e9e fourr\u00e9e au chocolat ou aux fruits type craquinette de lu": 40.0, "pain grill\u00e9 au froment type tranches pain grill\u00e9 pelletier lu braisotte jacquet": 36.470588235294116, "biscotte compl\u00e8te ou riche en fibres": 19.166666666666668, "biscotte sans adjonction de sel": 24.0, "biscotte classique type heudebert lu": 23.53012048192771}, "autres produits de panification": {"chapelure ou panure": 4.0, "cro\u00fbtons": 27.666666666666668}, "pain": {"pain grill\u00e9 maison": 57.296875, "pain aux c\u00e9r\u00e9ales artisanal": 91.02564102564102, "pain courant fran\u00e7ais boule \u00e0 la levure": 62.43055555555556, "pain sans pr\u00e9cision": 87.77777777777777, "pain de seigle et froment": 37.5, "pain brioch\u00e9 ou viennois": 87.5, "pain complet ou int\u00e9gral artisanal": 67.25862068965517, "pain type poil\u00e2ne": 25.0, "autre pain": 44.6875, "pain de seigle aux raisins": 60.0, "pain baguette": 54.53852392538524, "pain de mie": 58.5945945945946, "pain de campagne ou bis": 84.11290322580645}}}