{"caf\u00e9": {"sans": {"caf\u00e9 soluble en poudre": 4.9375, "caf\u00e9 au lait ou caf\u00e9 cr\u00e8me ou cappuccino non sucr\u00e9": 249.62765957446808, "caf\u00e9 soluble reconstitu\u00e9 pr\u00eat \u00e0 boire non sucr\u00e9": 161.48936170212767, "caf\u00e9 expresso non sucr\u00e9": 84.16666666666667, "caf\u00e9 noir pr\u00eat \u00e0 boire non sucr\u00e9": 197.67241379310346, "caf\u00e9 d\u00e9caf\u00e9in\u00e9 pr\u00eat \u00e0 boire non sucr\u00e9": 212.38636363636363}}}