{"margarine": {"sans": {"margarine ordinaire 70% ou 80% m.g. ajout\u00e9e au service": 12.0, "margarine au tournesol 70% ou 80% m.g. ajout\u00e9e au service": 9.666666666666666, "margarine \u00e0 l'huile d'olive  60% m.g. ajout\u00e9ee \u00e0 la cuisson": 10.0, "mati\u00e8re grasse compos\u00e9e all\u00e9g\u00e9e 60% m.g. type le fleurier ou tartine et cuisine": 8.75, "margarine au tournesol 60% m.g. ajout\u00e9e au service": 6.4, "mati\u00e8re grasse 70% m.g. en pain type astra": 2.0, "mati\u00e8re grasse all\u00e9g\u00e9e 60% m.g.": 13.257731958762887, "margarine all\u00e9g\u00e9e 40% m.g. ajout\u00e9e au service": 6.4, "margarine proactiv de fruit d'or ajout\u00e9e \u00e0 la cuisson": 10.0, "margarine type primev\u00e8re 60% m.g. ajout\u00e9e \u00e0 la cuisson": 10.0, "mati\u00e8re grasse all\u00e9g\u00e9e 55-60% m.g. riche en om\u00e9ga 3 et 6": 9.375, "margarine ordinaire  60% m.g. ajout\u00e9e \u00e0 la cuisson": 9.2, "margarine all\u00e9g\u00e9e  40% m.g. ajout\u00e9e \u00e0 la cuisson": 9.864864864864865, "margarine type primev\u00e8re 60% m.g. ajout\u00e9e au service": 6.166666666666667, "mati\u00e8re grasse l\u00e9g\u00e8re 38-41% m.g. \u00e0 tartiner": 7.878787878787879, "margarine au tournesol en barquette 80% m.g. type fruit d'or": 9.5, "margarine au tournesol  60% m.g. ajout\u00e9e \u00e0 la cuisson": 9.736842105263158, "margarine au tournesol  70% ou 80% m.g. ajout\u00e9e \u00e0 la cuisson": 8.636363636363637, "margarine ordinaire  70% ou 80% m.g. ajout\u00e9e \u00e0 la cuisson": 9.142857142857142}}}