{"region_14_partitions_foodgrp_26": {"fruits": {"sans": {"fruit sans précision": 220.0, "ananas frais": 104.28571428571429, "cerise fraîche": 170.19230769230768, "framboise fraîche": 52.0, "salade de fruits frais": 200.0, "pastèque fraîche": 140.0, "abricot frais": 181.36363636363637, "grenade fraîche": 50.0, "mirabelle fraîche": 200.0, "banane fraîche": 150.2579365079365, "kiwi frais": 95.04081632653062, "pamplemousse frais": 130.92592592592592, "raisin blanc frais": 171.08333333333334, "fraise fraîche": 202.0, "prune reine-claude fraîche": 160.0, "nectarine non pelée fraîche": 156.38888888888889, "melon frais": 231.88679245283018, "orange fraîche": 173.35443037974684, "kaki frais": 192.5, "poire non pelée fraîche": 161.96363636363637, "citron frais": 24.25, "pêche non pelée fraîche": 130.6060606060606, "clémentine ou mandarine fraîche": 122.27272727272727, "groseille fraîche": 100.0, "pomme non pelée fraîche": 175.11168384879724, "pêche pelée fraîche": 110.0}}}}