{"oeufs et d\u00e9riv\u00e9s": {"sans": {"omelette aux lardons": 181.25, "omelette nature cuite au beurre": 146.8421052631579, "oeuf dur": 74.18604651162791, "oeuf poch\u00e9": 100.0, "jaune d'\u0153uf cuit": 30.0, "oeuf au plat sal\u00e9": 110.74074074074075, "omelette aux fines herbes": 200.0, "omelette aux champignons": 150.0, "oeuf \u00e0 la coque": 116.0, "oeufs brouill\u00e9s au beurre": 56.666666666666664}}}