{"charcuterie": {"p\u00e2t\u00e9s, terrines, rillettes et foie gras": {"foie gras en conserve": 29.19047619047619, "p\u00e2t\u00e9 de t\u00eate ou fromage de t\u00eate": 45.888888888888886, "p\u00e2t\u00e9 de campagne": 39.26229508196721, "galantine": 17.0, "mousse de foie": 37.8, "p\u00e2t\u00e9 de foie de porc": 42.578947368421055, "rillettes pur porc": 53.76470588235294, "p\u00e2t\u00e9 de lapin": 33.8, "rillettes": 35.61538461538461, "p\u00e2t\u00e9 de foie de volaille": 32.285714285714285, "p\u00e2t\u00e9 en cro\u00fbte": 40.0, "terrine de canard": 36.61538461538461}, "autre charcuterie ou charcuterie  sans pr\u00e9cision": {"autre charcuterie": 95.45454545454545}, "saucisses, saucissons, andouilles et boudins": {"saucisse de toulouse cuite": 141.66666666666666, "saucisse s\u00e8che": 33.0, "saucisse de morteau cuite": 150.0, "saucisson sec pur porc": 50.0, "cervelas": 24.636363636363637, "saucisson sec": 42.471698113207545, "saucisse de francfort": 87.5, "rosette ou fuseau": 37.5, "chair \u00e0 saucisse": 40.0, "salami": 46.57142857142857, "chipolata cuite": 82.5, "andouillette r\u00e9chauff\u00e9e": 129.22222222222223, "merguez de b\u0153uf et de mouton cuite": 117.85714285714286, "boudin blanc cuit": 108.0, "boudin noir cuit": 87.88461538461539, "saucisson \u00e0 l'ail": 69.94117647058823, "saucisse sans pr\u00e9cision": 80.61111111111111, "chorizo sec": 25.0, "saucisse de strasbourg": 72.72727272727273}, "jambons et charcuteries en pi\u00e8ces": {"jambon cuit sup\u00e9rieur dd (d\u00e9couenn\u00e9 d\u00e9graiss\u00e9)": 30.0, "jambon cuit": 50.470588235294116, "lardon ou bacon fum\u00e9 cuit": 30.0, "poitrine de porc fum\u00e9e": 70.0, "coppa": 50.0, "jambon cuit fum\u00e9": 35.0, "lardon nature cuit": 22.97142857142857, "jambon cuit sup\u00e9rieur": 24.0, "jambon cru fum\u00e9": 44.0, "jambon cuit dd (d\u00e9couenn\u00e9 d\u00e9graiss\u00e9)": 42.69230769230769, "pancetta ou poitrine roul\u00e9e s\u00e8che": 30.0, "jambon sec dd (d\u00e9couenn\u00e9 d\u00e9graiss\u00e9)": 27.5, "jambon cru": 43.75, "jambonneau cuit": 93.33333333333333, "bacon filet cuit": 52.5}}}