{"beurre": {"sans": {"beurre doux l\u00e9ger 39-41% m.g.": 11.911764705882353, "beurre sal\u00e9 sel > 3%": 18.75, "mati\u00e8re grasse laiti\u00e8re l\u00e9g\u00e8re 25% m.g. \u00e0 tartiner type bridelight": 9.432432432432432, "beurre doux": 9.852380952380953, "beurre all\u00e9g\u00e9 60-62 % m.g. demi-sel": 23.333333333333332, "beurre sal\u00e9 non all\u00e9g\u00e9 ajout\u00e9 \u00e0 la cuisson": 8.375, "beurre all\u00e9g\u00e9 ajout\u00e9 au service": 7.773584905660377, "beurre all\u00e9g\u00e9 ajout\u00e9 \u00e0 la cuisson": 8.39622641509434, "beurre sal\u00e9 non all\u00e9g\u00e9 ajout\u00e9e au service": 8.865671641791044, "beurre demi-sel sel maxi 3%": 10.8125, "beurre doux non all\u00e9g\u00e9 ajout\u00e9 \u00e0 la cuisson": 8.989071038251366, "beurre all\u00e9g\u00e9 sans pr\u00e9cision": 15.384615384615385, "beurre doux non all\u00e9g\u00e9 ajout\u00e9e au service": 8.695278969957082}}}