{"l\u00e9gumes (hors pommes de terre)": {"champignons": {"champignon tout type en conserve": 100.27659574468085, "champignon de paris en conserve": 92.5, "champignon de paris saut\u00e9": 87.625}, "m\u00e9langes de l\u00e9gumes, l\u00e9gumes pr\u00e9par\u00e9s et autres l\u00e9gumes": {"ratatouille ni\u00e7oise": 166.31578947368422, "l\u00e9gume en pur\u00e9e hors pomme de terre non sal\u00e9": 144.0, "crudit\u00e9s vinaigrette sans pr\u00e9cision": 70.0, "c\u00e9leri r\u00e9moulade": 75.0, "autre l\u00e9gume frais ou crudit\u00e9, sans assaisonnement": 50.0, "petits pois et carottes en conserve": 115.0625, "champignons \u00e0 la grecque": 100.0, "l\u00e9gumes cuits sans pr\u00e9cision": 94.5, "mac\u00e9doine de l\u00e9gumes en conserve": 119.09677419354838, "l\u00e9gumes m\u00e9lang\u00e9s surgel\u00e9s": 107.5, "terrine ou mousse de l\u00e9gumes": 125.0, "choucroute sans garniture": 200.0}, "choux": {"chou-fleur cuit": 142.94444444444446, "chou vert cuit": 150.5, "chou blanc cru": 43.75, "chou rouge cru": 56.25, "chou-fleur cru": 280.0, "brocoli cuit": 114.16666666666667, "chou de bruxelles cuit": 119.0}, "l\u00e9gumes tiges": {"asperge cuite": 101.5625, "artichaut cuit": 264.61538461538464, "c\u00e9leri branche cuit": 93.11111111111111, "asperge en conserve": 89.125, "poireau cuit": 86.36363636363636, "fenouil cuit \u00e0 l'eau": 112.5, "c\u0153ur de palmier en conserve": 30.0, "artichaut cru": 230.0, "c\u00e9leri branche en conserve": 91.66666666666667}, "haricots verts et petits pois (l\u00e9gumes potagers)": {"haricot vert surgel\u00e9 cuit": 108.67857142857143, "haricot beurre en conserve": 151.85714285714286, "petit pois cuit": 108.18181818181819, "petit pois en conserve": 115.6875, "haricot vert cuit": 140.1090909090909, "haricot vert en conserve \u00e9goutt\u00e9": 111.17777777777778}, "l\u00e9gumes racines, tubercules ou bulbes": {"oignon cuit": 18.29310344827586, "salsifis en conserve": 189.42857142857142, "oignon cru": 14.0, "carotte en conserve": 109.33333333333333, "radis rouge cru": 57.25806451612903, "\u00e9chalote crue": 8.055555555555555, "c\u00e9leri-rave cuit": 36.666666666666664, "betterave rouge cuite": 62.875, "radis noir cru": 50.0, "navet cuit": 150.0, "c\u00e9leri-rave cru": 67.1875, "carotte cuite": 97.70491803278688, "salsifis cuit": 100.0, "carotte crue": 61.98170731707317}, "l\u00e9gumes fruits": {"tomate cerise crue": 37.142857142857146, "courgette crue": 72.0, "poivron vert jaune ou rouge cru": 50.0, "ma\u00efs doux en conserve": 53.97727272727273, "aubergine cuite": 111.75, "poivron vert jaune ou rouge cuit": 70.0, "ma\u00efs doux en \u00e9pis cuit": 50.0, "poivron rouge cuit": 100.0, "tomate pel\u00e9e en conserve": 50.0, "concombre cru pulpe": 78.43137254901961, "tomate crue": 91.28144654088051, "avocat frais": 102.13636363636364, "poivron vert cuit": 50.0, "courgette cuite": 119.66666666666667}, "l\u00e9gumes feuilles": {"scarole crue": 41.42857142857143, "endive cuite": 176.8095238095238, "\u00e9pinard cru": 50.0, "chicor\u00e9e fris\u00e9e crue": 47.0, "salade verte sans assaisonnement sans pr\u00e9cision": 33.73015873015873, "oseille crue": 50.0, "autre salade sans assaisonnement": 35.0, "laitue cuite": 50.0, "laitue crue": 32.5, "\u00e9pinard cuit": 122.6, "bette ou blette cuite": 50.0, "m\u00e2che crue": 40.38461538461539, "endive crue": 31.354166666666668}}}