{"huile": {"sans": {"huile d'arachide ajout\u00e9e au service": 10.0, "autre huile v\u00e9g\u00e9tale": 30.0, "huile m\u00e9lang\u00e9e (type isio 4) ajout\u00e9e au service": 10.0, "huile de colza ajout\u00e9e \u00e0 la cuisson": 10.864864864864865, "huile de p\u00e9pin de raisins ajout\u00e9e au service": 10.0, "huile d'olive vierge": 13.869047619047619, "huile de noix": 5.285714285714286, "huile d'olive ajout\u00e9e au service": 9.12280701754386, "huile de colza ajout\u00e9e au service": 9.272727272727273, "huile d'olive ajout\u00e9e \u00e0 la cuisson": 11.058295964125561, "huile d'arachide ajout\u00e9e \u00e0 la cuisson": 12.0, "huile de p\u00e9pin de raisins ajout\u00e9e \u00e0 la cuisson": 12.0, "huile m\u00e9lang\u00e9e (type isio 4) ajout\u00e9e \u00e0 la cuisson": 11.5, "huile de ma\u00efs ajout\u00e9e au service": 10.0, "huile de colza": 9.25, "huile v\u00e9g\u00e9tale sans pr\u00e9cision": 10.166666666666666, "huile m\u00e9lang\u00e9e \u00e9quilibr\u00e9e type isio 4": 8.10576923076923, "huile de tournesol ajout\u00e9e \u00e0 la cuisson": 10.571428571428571, "huile de ma\u00efs ajout\u00e9e \u00e0 la cuisson": 10.875, "huile de tournesol ajout\u00e9e au service": 8.241379310344827, "huile de ma\u00efs": 10.0, "huile de tournesol": 13.340425531914894}}}