{"poissons": {"autres poissons ou poissons sans pr\u00e9cision": {"poisson sans pr\u00e9cision": 143.47826086956522, "autre poisson": 100.0, "brochette de poisson": 88.0}, "produits d\u00e9riv\u00e9s des poissons": {"rillettes de saumon": 25.0, "poisson pan\u00e9 frit": 96.34042553191489, "rillettes de thon": 40.0, "p\u00e2t\u00e9 \u00e0 base de poisson ou de crustac\u00e9": 69.33333333333333, "terrine de poisson": 41.666666666666664, "surimi en b\u00e2tonnets": 67.70270270270271}, "poissons d'eau douce": {"anguille cuite au four": 50.0}, "poissons de mer": {"morue sal\u00e9e poch\u00e9e": 100.0, "maquereau filet \u00e0 la sauce tomate en conserve": 60.0, "maquereau filet \u00e0 la sauce moutarde en conserve": 15.0, "merlu cuit \u00e0 l'\u00e9touff\u00e9e": 148.33333333333334, "mulet cuit au four": 190.0, "espadon cuit au four": 140.0, "thon cuit au four": 171.875, "saumon cuit \u00e0 la vapeur": 151.36363636363637, "julienne ou lingue crue": 200.0, "anchois cru": 30.0, "rascasse crue": 100.0, "cabillaud cuit \u00e0 la vapeur": 141.25, "limande-sole cuite \u00e0 la vapeur": 116.66666666666667, "saumon fum\u00e9 cru": 30.555555555555557, "sole cuite \u00e0 la vapeur": 75.0, "truite arc-en-ciel d'\u00e9levage cuite \u00e0 la vapeur": 180.0, "saumon cru d'\u00e9levage": 40.0, "perche cuite au four": 96.66666666666667, "merlan cuit \u00e0 la vapeur": 400.0, "truite arc-en-ciel d'\u00e9levage cuite au four": 245.83333333333334, "sardine \u00e0 l'huile en conserve \u00e9goutt\u00e9e": 38.57142857142857, "sardine grill\u00e9e": 65.0, "lieu ou colin noir cuit": 121.5, "thon au naturel en conserve \u00e9goutt\u00e9": 40.869565217391305, "cabillaud cuit au four": 138.33333333333334, "sole cuite au four": 400.0, "lotte ou baudroie grill\u00e9e": 168.57142857142858, "maquereau cuit au four": 380.0, "hareng fum\u00e9": 100.2, "sardine \u00e0 la sauce tomate en conserve": 56.0, "bar ou loup commun cru": 50.0, "maquereau filet au vin blanc en conserve": 67.14285714285714, "merlan frit": 100.0}}}