{"beurre": {"sans": {"beurre doux léger 39-41% m.g.": 11.911764705882353, "beurre salé sel > 3%": 18.75, "matière grasse laitière légère 25% m.g. à tartiner type bridelight": 9.432432432432432, "beurre doux": 9.852380952380953, "beurre allégé 60-62 % m.g. demi-sel": 23.333333333333332, "beurre salé non allégé ajouté à la cuisson": 8.375, "beurre allégé ajouté au service": 7.773584905660377, "beurre allégé ajouté à la cuisson": 8.39622641509434, "beurre salé non allégé ajoutée au service": 8.865671641791044, "beurre demi-sel sel maxi 3%": 10.8125, "beurre doux non allégé ajouté à la cuisson": 8.989071038251366, "beurre allégé sans précision": 15.384615384615385, "beurre doux non allégé ajoutée au service": 8.695278969957082}}}