{"riz et bl\u00e9 dur ou concass\u00e9": {"riz": {"riz blanc cuit": 123.67521367521367, "riz blanc \u00e9tuv\u00e9 cuit": 33.333333333333336, "riz complet cuit": 100.0}, "bl\u00e9": {"couscous (graine seule) semoule cuite": 111.66666666666667, "bl\u00e9 dur pr\u00e9cuit nature type ebly": 82.96875}}}