{"fruits secs et graines ol\u00e9agineuses": {"ol\u00e9agineux et graines": {"cacahu\u00e8te ou arachide": 18.75, "pistache r\u00f4tie sal\u00e9e": 23.75, "noix de cajou sal\u00e9e": 20.0, "cacahu\u00e8te grill\u00e9e sal\u00e9e": 52.857142857142854, "noix": 38.73684210526316, "amande": 54.333333333333336}, "fruits secs et ch\u00e2taignes": {"abricot sec": 15.75, "ch\u00e2taigne grill\u00e9e": 50.0, "pruneau sec": 29.916666666666668, "ch\u00e2taigne cuite \u00e0 l'eau": 130.0, "m\u00e9lange pour ap\u00e9ritif de fruits exotiques s\u00e9ch\u00e9s": 10.0, "raisin sec": 8.5}, "m\u00e9langes": {"fruits secs ou s\u00e9ch\u00e9s et graines ol\u00e9agineuses sans pr\u00e9cision": 35.0}}}