{"p\u00e2tes": {"p\u00e2tes alimentaires": {"p\u00e2tes alimentaires aux oeufs cuites": 144.73684210526315, "p\u00e2tes alimentaires au bl\u00e9 complet cuites": 100.0, "p\u00e2tes alimentaires cuites": 149.34628975265016}}}