{"abats": {"sans": {"foie de volaille cuit": 150.0, "rognon de porc cuit": 160.0, "rognon cuit sans pr\u00e9cision": 120.0, "foie de g\u00e9nisse cuit": 105.0, "autre abat": 65.75, "foie d'agneau cuit": 92.5, "langue de b\u0153uf cuite": 83.57142857142857, "c\u0153ur de b\u0153uf cuit": 87.5, "canard g\u00e9sier confit \u00e9goutt\u00e9 et r\u00e9chauff\u00e9": 82.14285714285714, "foie de veau cuit": 100.83333333333333}}}