{"fruits": {"sans": {"fruit sans pr\u00e9cision": 220.0, "ananas frais": 104.28571428571429, "cerise fra\u00eeche": 170.19230769230768, "framboise fra\u00eeche": 52.0, "salade de fruits frais": 200.0, "past\u00e8que fra\u00eeche": 140.0, "abricot frais": 181.36363636363637, "grenade fra\u00eeche": 50.0, "mirabelle fra\u00eeche": 200.0, "banane fra\u00eeche": 150.2579365079365, "kiwi frais": 95.04081632653062, "pamplemousse frais": 130.92592592592592, "raisin blanc frais": 171.08333333333334, "fraise fra\u00eeche": 202.0, "prune reine-claude fra\u00eeche": 160.0, "nectarine non pel\u00e9e fra\u00eeche": 156.38888888888889, "melon frais": 231.88679245283018, "orange fra\u00eeche": 173.35443037974684, "kaki frais": 192.5, "poire non pel\u00e9e fra\u00eeche": 161.96363636363637, "citron frais": 24.25, "p\u00eache non pel\u00e9e fra\u00eeche": 130.6060606060606, "cl\u00e9mentine ou mandarine fra\u00eeche": 122.27272727272727, "groseille fra\u00eeche": 100.0, "pomme non pel\u00e9e fra\u00eeche": 175.11168384879724, "p\u00eache pel\u00e9e fra\u00eeche": 110.0}}}