{"pommes de terre et apparent\u00e9s": {"sans": {"pur\u00e9e de pomme de terre avec lait et beurre non sal\u00e9e": 162.5, "pomme de terre rissol\u00e9e surgel\u00e9e": 148.08823529411765, "pur\u00e9e de pomme de terre \u00e0 base de flocons reconstitu\u00e9e au lait demi-\u00e9cr\u00e9m\u00e9": 170.54347826086956, "pomme de terre dauphine cuite": 71.625, "gnocchis de pommes de terre": 100.0, "pomme de terre frite surgel\u00e9e cuite": 89.0, "pomme de terre cuite \u00e0 la vapeur": 198.5, "pomme noisette pr\u00e9cuite surgel\u00e9e": 88.33333333333333, "pomme de terre cuite au four": 185.9090909090909, "pomme de terre frite non sal\u00e9e": 84.6938775510204, "pomme de terre cuite \u00e0 l'eau": 136.15942028985506}}}