{"café": {"sans": {"café soluble en poudre": 4.9375, "café au lait ou café crème ou cappuccino non sucré": 249.62765957446808, "café soluble reconstitué prêt à boire non sucré": 161.48936170212767, "café expresso non sucré": 84.16666666666667, "café noir prêt à boire non sucré": 197.67241379310346, "café décaféiné prêt à boire non sucré": 212.38636363636363}}}