{"autres boissons chaudes": {"th\u00e9 et infusions": {"tisane infus\u00e9e non sucr\u00e9e": 250.2127659574468, "th\u00e9 infus\u00e9 non sucr\u00e9": 262.206572769953}, "cacao, poudres et boissons cacaot\u00e9es": {"poudre cacaot\u00e9e sucr\u00e9e enrichie pour boisson": 7.555555555555555, "poudre cacaot\u00e9e et sucr\u00e9e pour boisson au chocolat": 11.149019607843137, "boisson instantan\u00e9e cacaot\u00e9e sucr\u00e9e reconstitu\u00e9e": 270.0}, "chicor\u00e9e et poudre malt\u00e9e": {"poudre soluble \u00e0 base de chicor\u00e9e et de caf\u00e9 type ricor\u00e9": 3.033333333333333, "chicor\u00e9e en poudre soluble type leroux": 10.0}}}