{"riz et blé dur ou concassé": {"riz": {"riz blanc cuit": 123.67521367521367, "riz blanc étuvé cuit": 33.333333333333336, "riz complet cuit": 100.0}, "blé": {"couscous (graine seule) semoule cuite": 111.66666666666667, "blé dur précuit nature type ebly": 82.96875}}}