{"region_14_partitions_foodgrp_31": {"eaux": {"eau minérale plate": {"abatilles eau plate": 287.72727272727275, "luchon eau plate": 263.0769230769231, "évian eau plate": 347.66990291262135, "vittel eau plate": 294.6969696969697, "hépar eau plate": 310.7142857142857, "valvert eau plate": 200.0, "eau minérale plate sans précision": 75.0, "san benedetto eau plate": 120.0, "contrex eau plate": 194.3975903614458, "thonon eau plate": 247.72727272727272, "volvic eau plate": 330.64220183486236, "chambon eau plate": 228.57142857142858}, "eau du robinet": {"eau du robinet": 328.75689783743474}, "eau minérale gazeuse": {"eau gazeuse sans précision": 240.0, "salvetat eau gazeuse": 205.55555555555554, "saint yorre eau gazeuse": 750.0, "perrier eau gazeuse": 268.0, "quézac eau gazeuse": 332.0, "badoit eau gazeuse": 176.0, "vichy célestins eau gazeuse": 287.5}, "eau de source": {"eau de source": 321.739417989418}, "autre eau": {"eau minérale sans précision": 400.92857142857144, "autre eau minérale": 304.35897435897436, "eau minérale ou non faiblement minéralisée": 375.90909090909093}}}}