{"volaille et gibier": {"gibier": {"chevreuil r\u00f4ti": 138.57142857142858, "sanglier r\u00f4ti": 113.75, "autre gibier": 88.33333333333333, "faisan viande r\u00f4tie": 125.0}, "volailles et lapins": {"poule viande bouillie": 91.0, "blanc de poulet cuit": 95.61458333333333, "poulet cuisse r\u00f4tie viande et peau": 218.03030303030303, "dinde viande r\u00f4tie": 77.15, "lapin en rago\u00fbt": 157.5, "lapin viande cuite": 125.0, "oie viande r\u00f4tie": 392.0, "pigeon viande r\u00f4tie": 100.0, "confit de canard": 95.0, "brochette de volaille": 100.0, "poule bouillie viande et peau": 152.5, "dinde ou autre volaille escalope saut\u00e9e": 88.3, "canard viande r\u00f4tie": 167.1578947368421, "canard magret cuit \u00e0 la po\u00eale": 71.0, "autre volaille cuite": 211.66666666666666, "caille cuite viande et peau": 162.5, "poulet r\u00f4ti viande et peau": 128.24324324324326}}}