{"boissons alcoolisées": {"cidre": {"cidre brut": 300.0, "cidre": 199.16666666666666, "cidre doux": 240.0}, "spiritueux et vins cuits": {"eau-de-vie": 50.0, "cognac armagnac": 106.66666666666667, "vodka": 80.0, "rhum": 100.83333333333333, "porto": 75.0, "apéritif à la gentiane": 50.0, "vin doux naturel ou vin muté autre que porto type muscat banyuls ou maury": 66.94444444444444, "apéritif à base de vin ou vermouth type martini": 101.11111111111111, "liqueurs": 200.0, "whisky": 63.333333333333336}, "vin": {"vin sans précision": 162.54237288135593, "vin rouge 11°": 111.0, "vin blanc 11°": 141.9516129032258, "vin rouge 12°": 169.58333333333334, "vin rouge 10°": 185.848623853211, "vin blanc mousseux": 145.71428571428572, "champagne": 142.5, "vin rosé 11°": 168.85416666666666}, "cocktails et mélanges": {"kir": 102.5, "cocktail type punch planteur": 168.75, "sangria": 136.66666666666666, "panaché": 276.6666666666667, "pastis prêt à boire (1+5)": 246.0, "pétillant de fruits": 380.0, "cocktail alcoolisé": 170.0}, "bière": {"bière cœur de marché à 4-5° d'alcool type kronenbourg ou 33 export": 461.875, "bière spéciale à 5-6° d'alcool type 1664 pelforth ambrée ou fischer heineken": 314.44444444444446}}}