{"sucres et d\u00e9riv\u00e9s": {"confiserie": {"bonbons g\u00e9lifi\u00e9s": 22.5, "confiserie \u00e0 base de cacahu\u00e8tes drag\u00e9ifi\u00e9es enrob\u00e9es de chocolat type m&ms cacah": 25.0, "p\u00e2te de fruits": 47.142857142857146, "p\u00e2te d'amande fabrication industrielle": 6.0, "chewing-gum sucr\u00e9": 3.0, "confiserie drag\u00e9ifi\u00e9e au chocolat type smarties": 11.1, "bonbons tout type sauf g\u00e9lifi\u00e9s": 24.22, "chewing-gum sans sucre": 4.435897435897436, "nougat ou touron": 100.0}, "confiture et miel": {"miel": 17.96039603960396, "confiture de cerise": 30.0, "confiture ajout\u00e9e au service": 10.272727272727273, "confiture d'orange": 30.0, "confiture de fraise": 24.53488372093023, "confiture d'abricot": 30.0, "confiture ou marmelade tout type": 30.99009900990099, "confiture all\u00e9g\u00e9e": 15.0}, "sucre et assimil\u00e9s": {"sucre roux": 6.7444444444444445, "sucre blanc": 9.301391862955033, "sucre blanc ajout\u00e9 au service": 6.0576923076923075, "sucre all\u00e9g\u00e9 type tutti free": 3.6904761904761907}}}