{"viande": {"bœuf en pièces ou haché": {"bœuf boulettes cuites": 95.0, "bœuf faux-filet grillé": 135.0, "steak haché 5% m.g. cuit": 113.5, "brochette de bœuf": 166.66666666666666, "steak haché 15% m.g. cuit": 119.79885057471265, "bœuf à pot-au-feu cuit": 115.0, "boeuf bifteck grillé": 112.91666666666667, "steak haché 10% m.g. cuit": 85.0, "bœuf à bourguignon cuit": 88.88888888888889, "steak haché 5% m.g. cru": 150.0, "bœuf rosbif rôti": 113.90243902439025, "bœuf entrecôte grillée": 151.15384615384616}, "autre viande": {"cheval viande rôtie": 125.0, "brochette mixte de viande": 100.0, "viande cuite sans précision": 95.0}, "porc": {"porc côtelette grillée": 146.74545454545455, "porc filet rôti maigre cuit": 80.0, "porc travers braisé": 72.0, "porc échine rôtie": 60.0, "porc rôti cuit": 97.07692307692308}, "agneau": {"brochette d'agneau": 143.33333333333334, "agneau côtelette grillée": 142.5, "agneau gigot rôti": 108.5}, "veau": {"veau côte cuite": 92.5, "veau rôti": 99.0, "veau mijoté": 86.66666666666667, "veau escalope cuite": 104.16666666666667, "veau escalope panée": 100.0}}}