{"viande": {"autre viande": {"cheval viande r\u00f4tie": 125.0, "brochette mixte de viande": 100.0, "viande cuite sans pr\u00e9cision": 95.0}, "b\u0153uf en pi\u00e8ces ou hach\u00e9": {"b\u0153uf \u00e0 pot-au-feu cuit": 115.0, "b\u0153uf boulettes cuites": 95.0, "b\u0153uf faux-filet grill\u00e9": 135.0, "brochette de b\u0153uf": 166.66666666666666, "steak hach\u00e9 5% m.g. cuit": 113.5, "steak hach\u00e9 10% m.g. cuit": 85.0, "steak hach\u00e9 15% m.g. cuit": 119.79885057471265, "boeuf bifteck grill\u00e9": 112.91666666666667, "b\u0153uf \u00e0 bourguignon cuit": 88.88888888888889, "b\u0153uf entrec\u00f4te grill\u00e9e": 151.15384615384616, "b\u0153uf rosbif r\u00f4ti": 113.90243902439025, "steak hach\u00e9 5% m.g. cru": 150.0}, "porc": {"porc c\u00f4telette grill\u00e9e": 146.74545454545455, "porc filet r\u00f4ti maigre cuit": 80.0, "porc travers brais\u00e9": 72.0, "porc \u00e9chine r\u00f4tie": 60.0, "porc r\u00f4ti cuit": 97.07692307692308}, "agneau": {"brochette d'agneau": 143.33333333333334, "agneau c\u00f4telette grill\u00e9e": 142.5, "agneau gigot r\u00f4ti": 108.5}, "veau": {"veau c\u00f4te cuite": 92.5, "veau r\u00f4ti": 99.0, "veau mijot\u00e9": 86.66666666666667, "veau escalope cuite": 104.16666666666667, "veau escalope pan\u00e9e": 100.0}}}