{"boissons alcoolis\u00e9es": {"cidre": {"cidre brut": 300.0, "cidre": 199.16666666666666, "cidre doux": 240.0}, "spiritueux et vins cuits": {"eau-de-vie": 50.0, "cognac armagnac": 106.66666666666667, "vodka": 80.0, "rhum": 100.83333333333333, "porto": 75.0, "ap\u00e9ritif \u00e0 la gentiane": 50.0, "vin doux naturel ou vin mut\u00e9 autre que porto type muscat banyuls ou maury": 66.94444444444444, "ap\u00e9ritif \u00e0 base de vin ou vermouth type martini": 101.11111111111111, "liqueurs": 200.0, "whisky": 63.333333333333336}, "vin": {"vin sans pr\u00e9cision": 162.54237288135593, "vin rouge 11\u00b0": 111.0, "vin blanc 11\u00b0": 141.9516129032258, "vin rouge 12\u00b0": 169.58333333333334, "vin rouge 10\u00b0": 185.848623853211, "vin blanc mousseux": 145.71428571428572, "champagne": 142.5, "vin ros\u00e9 11\u00b0": 168.85416666666666}, "cocktails et m\u00e9langes": {"kir": 102.5, "cocktail type punch planteur": 168.75, "sangria": 136.66666666666666, "panach\u00e9": 276.6666666666667, "pastis pr\u00eat \u00e0 boire (1+5)": 246.0, "p\u00e9tillant de fruits": 380.0, "cocktail alcoolis\u00e9": 170.0}, "bi\u00e8re": {"bi\u00e8re sp\u00e9ciale \u00e0 5-6\u00b0 d'alcool type 1664 pelforth ambr\u00e9e ou fischer heineken": 314.44444444444446, "bi\u00e8re c\u0153ur de march\u00e9 \u00e0 4-5\u00b0 d'alcool type kronenbourg ou 33 export": 461.875}}}