{"charcuterie": {"pâtés, terrines, rillettes et foie gras": {"foie gras en conserve": 29.19047619047619, "pâté de tête ou fromage de tête": 45.888888888888886, "pâté de campagne": 39.26229508196721, "galantine": 17.0, "mousse de foie": 37.8, "pâté de foie de porc": 42.578947368421055, "rillettes pur porc": 53.76470588235294, "pâté de lapin": 33.8, "rillettes": 35.61538461538461, "pâté de foie de volaille": 32.285714285714285, "pâté en croûte": 40.0, "terrine de canard": 36.61538461538461}, "autre charcuterie ou charcuterie  sans précision": {"autre charcuterie": 95.45454545454545}, "saucisses, saucissons, andouilles et boudins": {"saucisse de toulouse cuite": 141.66666666666666, "saucisse sèche": 33.0, "saucisse de morteau cuite": 150.0, "saucisson sec pur porc": 50.0, "cervelas": 24.636363636363637, "merguez de bœuf et de mouton cuite": 117.85714285714286, "saucisson sec": 42.471698113207545, "saucisse de francfort": 87.5, "rosette ou fuseau": 37.5, "chair à saucisse": 40.0, "salami": 46.57142857142857, "chipolata cuite": 82.5, "andouillette réchauffée": 129.22222222222223, "boudin blanc cuit": 108.0, "boudin noir cuit": 87.88461538461539, "saucisson à l'ail": 69.94117647058823, "saucisse sans précision": 80.61111111111111, "chorizo sec": 25.0, "saucisse de strasbourg": 72.72727272727273}, "jambons et charcuteries en pièces": {"jambon cuit supérieur dd (découenné dégraissé)": 30.0, "jambon cuit": 50.470588235294116, "lardon ou bacon fumé cuit": 30.0, "poitrine de porc fumée": 70.0, "coppa": 50.0, "jambon cuit fumé": 35.0, "lardon nature cuit": 22.97142857142857, "jambon cuit supérieur": 24.0, "jambon cru fumé": 44.0, "jambon cuit dd (découenné dégraissé)": 42.69230769230769, "pancetta ou poitrine roulée sèche": 30.0, "jambon sec dd (découenné dégraissé)": 27.5, "jambon cru": 43.75, "jambonneau cuit": 93.33333333333333, "bacon filet cuit": 52.5}}}