{"condiments et sauces": {"condiments d'assaisonnement": {"ail frais": 4.4411764705882355, "vinaigre": 8.613888888888889, "cube pour bouillon de b\u0153uf": 2.9375, "concentr\u00e9 de tomate": 13.5, "sauce de soja": 10.0}, "condiments d'accompagnement": {"olive noire en saumure": 15.0, "olive verte en saumure": 30.181818181818183, "moutarde": 9.738636363636363, "cornichon au vinaigre": 33.5, "ketchup": 32.35294117647059}, "herbes aromatiques": {"herbes aromatiques fra\u00eeches": 0.9181818181818181, "basilic frais": 5.200000000000001, "ciboule ou ciboulette fra\u00eeche": 4.5, "persil frais": 5.588235294117647, "thym sec": 6.0}, "sauces": {"sauce hollandaise": 30.0, "vinaigrette all\u00e9g\u00e9e ajout\u00e9e au service": 20.0, "sauce au yaourt": 10.0, "vinaigrette ajout\u00e9e au service": 20.0, "sauce tomate sans viande": 34.125, "sauce sans pr\u00e9cision": 30.0, "sauce pesto": 14.0, "vinaigrette sans pr\u00e9cision": 22.096969696969698, "sauce \u00e0 la cr\u00e8me aux herbes": 18.75, "sauce \u00e0 la cr\u00e8me": 22.291666666666668, "sauce au vin rouge": 24.083333333333332, "mayonnaise ajout\u00e9e au service": 15.0, "sauce aux champignons": 40.0, "mayonnaise": 12.67361111111111, "sauce au beurre": 25.0, "mayonnaise all\u00e9g\u00e9e": 10.0, "vinaigrette all\u00e9g\u00e9e": 22.142857142857142, "sauce au curry": 30.0, "sauce tomate \u00e0 la viande ou bolognaise type panzani ou buitoni": 70.0, "sauce moutarde": 15.0, "sauce \u00e0 la cr\u00e8me aux \u00e9pices": 48.75, "autre sauce": 36.666666666666664, "vinaigrette \u00e0 l'huile d'olive": 14.297872340425531, "sauce b\u00e9chamel en brique": 31.875}, "sel et \u00e9pices": {"curry en poudre": 3.0, "poivre noir moulu": 1.012, "gingembre moulu": 4.5, "sel fin ou gros": 2.2386363636363638, "cannelle": 3.0, "\u00e9pices sans pr\u00e9cision": 29.175, "sel de mer": 1.7, "coriandre en graines": 2.0}}}