{"soupes et bouillons": {"potages et soupes": {"soupe poireau pomme de terre type fait maison": 300.0, "soupe aux champignons": 250.0, "soupe de poissons et/ou de crustac\u00e9s pr\u00e9emball\u00e9e \u00e0 r\u00e9chauffer": 322.22222222222223, "soupe \u00e0 la tomate pr\u00e9emball\u00e9e \u00e0 r\u00e9chauffer ou d\u00e9shydrat\u00e9e reconstitu\u00e9e": 297.97297297297297, "soupe aux l\u00e9gumes pr\u00e9emball\u00e9e \u00e0 r\u00e9chauffer": 268.04347826086956, "soupe aux l\u00e9gumes type fait maison": 342.0673076923077, "soupe aux lentilles": 216.66666666666666, "soupe aux l\u00e9gumes d\u00e9shydrat\u00e9e reconstitu\u00e9e": 260.0, "soupe chinoise": 200.0, "soupe poireau pomme de terre pr\u00e9emball\u00e9e \u00e0 r\u00e9chauffer": 266.6666666666667, "soupe au potiron": 321.7391304347826, "soupe \u00e0 l'oignon": 258.3333333333333, "soupe \u00e0 la volaille et aux vermicelles pr\u00e9emball\u00e9e \u00e0 r\u00e9chauffer ou d\u00e9shydrat\u00e9e r": 310.5263157894737}, "bouillons": {"bouillon v\u00e9g\u00e9tal": 355.55555555555554, "bouillon de viande d\u00e9shydrat\u00e9 reconstitu\u00e9 type bouillon de b\u0153uf knorr": 250.0, "bouillon de viande et de l\u00e9gumes": 368.75, "bouillon de volaille d\u00e9shydrat\u00e9 reconstitu\u00e9 type bouillon de poule knorr": 271.0}}}