{"l\u00e9gumes secs": {"l\u00e9gumes secs": {"pois cass\u00e9 cuit": 212.5, "haricot rouge cuit": 150.0, "haricot blanc cuit": 164.58333333333334, "haricot blanc en conserve": 146.15384615384616, "lentille cuite": 181.8181818181818, "pois chiche cuit": 100.0, "haricot flageolet en conserve": 181.25, "f\u00e8ve cuite": 100.0}, "l\u00e9gumes secs pr\u00e9par\u00e9s": {"lentille cuisin\u00e9e en conserve": 208.05555555555554}}}