{"fromages": {"fromages affin\u00e9s": {"fromage et mini fromage type bonbel-babybel": 29.583333333333332, "leerdammer fromage \u00e0 p\u00e2te press\u00e9e demi-cuite \u00e0 trous 45% m.g.": 36.666666666666664, "comt\u00e9 fromage \u00e0 p\u00e2te press\u00e9e cuite 45% m.g.": 23.88888888888889, "emmental all\u00e9g\u00e9": 30.0, "reblochon fromage \u00e0 p\u00e2te press\u00e9e non cuite 45% m.g.": 24.166666666666668, "brie fromage \u00e0 p\u00e2te molle \u00e0 cro\u00fbte fleurie 45% m.g.": 31.666666666666668, "morbier fromage \u00e0 p\u00e2te press\u00e9e non cuite 45% m.g.": 60.0, "fourme d'ambert fromage \u00e0 p\u00e2te persill\u00e9e 50% m.g.": 30.0, "fromage des pyr\u00e9n\u00e9es au lait de vache": 40.0, "saint-paulin fromage \u00e0 p\u00e2te press\u00e9e non cuite 45-50% m.g.": 26.666666666666668, "fromage de ch\u00e8vre affin\u00e9 au lait pasteuris\u00e9 ou cru": 28.571428571428573, "coulommiers fromage \u00e0 p\u00e2te molle \u00e0 cro\u00fbte fleurie 40-45% m.g.": 48.5, "port salut fromage \u00e0 p\u00e2te press\u00e9e non cuite \u00e0 cro\u00fbte lav\u00e9e 50% m.g.": 30.0, "caprice des dieux fromage \u00e0 p\u00e2te molle 60% m.g.": 49.6, "cantal salers ou laguiole fromages \u00e0 p\u00e2te press\u00e9e non cuite 45% m.g.": 28.181818181818183, "parmesan fromage \u00e0 p\u00e2te press\u00e9e cuite 45% m.g.": 6.666666666666667, "fromage \u00e0 cuire pan\u00e9 au jambon type menu fromage": 150.0, "fromage de ch\u00e8vre mi-sec": 31.971830985915492, "emmental fromage \u00e0 p\u00e2te press\u00e9e cuite 45% m.g.": 32.875, "fromage de ch\u00e8vre affin\u00e9 au lait cru": 20.0, "carr\u00e9 de l'est fromage \u00e0 p\u00e2te molle \u00e0 cro\u00fbte fleurie 45-50% m.g.": 20.0, "saint-nectaire fromage \u00e0 p\u00e2te press\u00e9e non cuite 45% m.g.": 21.0, "camembert et apparent\u00e9s 50% m.g.": 48.888888888888886, "raclette fromage \u00e0 p\u00e2te press\u00e9e non cuite 45% m.g.": 56.0, "mimolette fromage \u00e0 p\u00e2te press\u00e9e non cuite 45% m.g.": 34.0, "fromage sans pr\u00e9cision": 33.55555555555556, "gruy\u00e8re fromage \u00e0 p\u00e2te press\u00e9e cuite 45% m.g.": 23.833333333333332, "roquefort fromage de brebis \u00e0 p\u00e2te persill\u00e9e 52% m.g.": 46.666666666666664, "bleu d'auvergne fromage \u00e0 p\u00e2te persill\u00e9e 50% m.g.": 35.0, "fromage \u00e0 p\u00e2te molle \u00e0 cro\u00fbte fleurie genre camembert all\u00e9g\u00e9 20-30% m.g.": 42.333333333333336, "camembert sans pr\u00e9cision": 34.44108280254777, "beaufort fromage \u00e0 p\u00e2te press\u00e9e cuite 45% m.g.": 40.0, "sainte-maure fromage de ch\u00e8vre": 22.857142857142858, "rouy fromage \u00e0 p\u00e2te molle \u00e0 cro\u00fbte lav\u00e9e 40% m.g.": 43.125, "fromage \u00e0 p\u00e2te press\u00e9e non cuite 40-50% m.g.": 25.0, "vieux pan\u00e9 fromage \u00e0 p\u00e2te molle 50% m.g.": 30.0, "fromage de ch\u00e8vre sec": 22.5, "autre fromage \u00e0 p\u00e2te press\u00e9e cuite": 24.88888888888889, "gorgonzola fromage \u00e0 p\u00e2te molle persill\u00e9e 45% m.g.": 20.0, "tomme de montagne ou tomme de savoie": 37.5, "fromage de ch\u00e8vre p\u00e2te molle": 30.0, "boursault fromage \u00e0 p\u00e2te molle double cr\u00e8me": 30.0, "crottin fromage de ch\u00e8vre": 34.285714285714285, "\u00e9dam fromage \u00e0 p\u00e2te press\u00e9e non cuite 40-45% m.g.": 41.42857142857143, "fromage des pyr\u00e9n\u00e9es au lait de brebis": 30.714285714285715, "hollande fromage \u00e0 p\u00e2te press\u00e9e non cuite 30-40% m.g.": 40.0, "maasdam fromage \u00e0 p\u00e2te press\u00e9e non cuite \u00e0 trous 45% m.g.": 20.0, "tome ou tomme fromage \u00e0 p\u00e2te press\u00e9e non cuite 45% m.g.": 29.615384615384617, "bleu au lait de vache fromage \u00e0 p\u00e2te persill\u00e9e sans pr\u00e9cision": 40.0, "gouda fromage \u00e0 p\u00e2te press\u00e9e non cuite 30-40% m.g.": 10.0, "camembert fromage \u00e0 p\u00e2te molle \u00e0 cro\u00fbte fleurie 45% m.g.": 34.705882352941174, "chabichou fromage de ch\u00e8vre": 30.0}, "autres fromages ou fromage sans pr\u00e9cision": {"autre fromage": 27.5}, "fromages fondus": {"p'tit louis fromage fondu 65% m.g.": 26.0, "saint-moret fromage fondu demi-sel 30% m.g.": 16.285714285714285, "fromage de ch\u00e8vre fondu \u00e0 tartiner nature type cabrette ou chavroux": 10.0, "vache qui rit fromage fondu 50% m.g.": 20.115384615384617, "fromage fondu en portions ou en cubes 45-50% m.g.": 17.5, "ap\u00e9ricube fromage fondu 50% m.g.": 30.0, "saint-moret all\u00e9g\u00e9 fromage fondu demi-sel 20% m.g.": 18.0, "fromage fondu 25% m.g. type sylphide ou vache qui rit \u00e9quilibre et ligne": 21.5, "kiri cr\u00e8me fromage fondu double cr\u00e8me 70% m.g.": 22.22222222222222}, "fromages frais non affin\u00e9s": {"sp\u00e9cialit\u00e9 fromag\u00e8re non affin\u00e9e double cr\u00e8me 70% m.g.": 20.0, "f\u00e9ta de brebis": 37.142857142857146, "boursin fromage frais sal\u00e9 aromatis\u00e9 70% m.g.": 31.142857142857142, "fromage de ch\u00e8vre frais": 47.0, "fromage frais \u00e0 tartiner nature \u00e0 plus de 60% m.g.": 25.0, "tartare fromage frais aromatis\u00e9 sal\u00e9 70% m.g.": 17.923076923076923, "fromage frais \u00e0 tartiner \u00e0 plus de 60% m.g.": 35.42857142857143, "mozzarella": 20.0, "fromage frais \u00e0 tartiner 40-60% m.g": 150.0}}}