{"l\u00e9gumes (hors pommes de terre)": {"champignons": {"champignon tout type cru sans pr\u00e9cision": 77.0, "champignon tout type en conserve": 84.64795918367346, "champignon de paris en conserve": 115.6, "champignon de paris saut\u00e9": 117.44444444444444}, "m\u00e9langes de l\u00e9gumes, l\u00e9gumes pr\u00e9par\u00e9s et autres l\u00e9gumes": {"ratatouille ni\u00e7oise": 164.75, "l\u00e9gume en pur\u00e9e hors pomme de terre non sal\u00e9": 141.30434782608697, "crudit\u00e9s vinaigrette sans pr\u00e9cision": 121.25, "c\u00e9leri r\u00e9moulade": 74.16666666666667, "pulpe de tomate en conserve": 54.0, "champignons \u00e0 la grecque": 50.0, "pur\u00e9e de tomate": 100.0, "petits pois et carottes en conserve": 127.66666666666667, "l\u00e9gumes cuits sans pr\u00e9cision": 122.6470588235294, "autre l\u00e9gume frais ou crudit\u00e9, sans assaisonnement": 40.0, "mac\u00e9doine de l\u00e9gumes en conserve": 127.87878787878788, "l\u00e9gumes m\u00e9lang\u00e9s surgel\u00e9s": 141.08333333333334, "terrine ou mousse de l\u00e9gumes": 113.75, "choucroute sans garniture": 170.0}, "choux": {"chou-fleur cuit": 137.91304347826087, "chou vert cuit": 129.04761904761904, "chou blanc cru": 35.96153846153846, "chou rouge cru": 54.375, "chou-fleur cru": 228.0, "brocoli cuit": 156.78571428571428, "chou de bruxelles cuit": 137.66666666666666, "chou de bruxelles en conserve": 50.0}, "l\u00e9gumes tiges": {"asperge cuite": 112.64285714285714, "artichaut cuit": 304.8958333333333, "germe ou pousse de soja en conserve": 96.66666666666667, "c\u00e9leri branche cru": 7.0, "c\u00e9leri branche cuit": 173.83333333333334, "germe ou pousse de soja cru": 31.25, "poireau cuit": 72.70833333333333, "fenouil cuit \u00e0 l'eau": 91.66666666666667, "c\u0153ur de palmier en conserve": 47.142857142857146, "asperge en conserve": 87.72727272727273, "c\u00e9leri branche en conserve": 175.0}, "haricots verts et petits pois (l\u00e9gumes potagers)": {"haricot vert surgel\u00e9 cuit": 106.67924528301887, "haricot beurre en conserve": 100.0, "petit pois cuit": 94.15, "petit pois en conserve": 124.5925925925926, "haricot vert cuit": 134.25, "haricot vert en conserve \u00e9goutt\u00e9": 114.82926829268293}, "l\u00e9gumes racines, tubercules ou bulbes": {"oignon cuit": 21.152857142857144, "salsifis en conserve": 116.0, "oignon cru": 22.083333333333332, "carotte en conserve": 67.6, "radis rouge cru": 53.30882352941177, "\u00e9chalote crue": 5.607142857142857, "c\u00e9leri-rave cuit": 100.0, "betterave rouge cuite": 75.95588235294117, "radis noir cru": 70.83333333333333, "navet cuit": 81.42857142857143, "c\u00e9leri-rave cru": 86.53846153846153, "carotte cuite": 89.41095890410959, "salsifis cuit": 109.77777777777777, "carotte crue": 66.12204724409449}, "l\u00e9gumes fruits": {"tomate cerise crue": 46.5, "poivron vert jaune ou rouge cru": 18.5, "potiron cuit": 100.0, "ma\u00efs doux en conserve": 50.23255813953488, "aubergine cuite": 112.85714285714286, "poivron vert jaune ou rouge cuit": 54.88461538461539, "ma\u00efs doux en \u00e9pis cuit": 37.5, "poivron rouge cuit": 70.0, "tomate pel\u00e9e en conserve": 136.25, "concombre cru pulpe": 80.33582089552239, "tomate crue": 85.8399209486166, "avocat frais": 95.15714285714286, "courgette cuite": 113.63157894736842}, "l\u00e9gumes feuilles": {"scarole crue": 25.833333333333332, "endive cuite": 186.75, "chicor\u00e9e fris\u00e9e crue": 38.75, "m\u00e2che crue": 30.833333333333332, "autre salade sans assaisonnement": 44.83870967741935, "laitue cuite": 83.33333333333333, "laitue crue": 36.58536585365854, "\u00e9pinard cuit": 138.9375, "salade verte sans assaisonnement sans pr\u00e9cision": 35.908424908424905, "bette ou blette cuite": 150.0, "pissenlit cru": 40.0, "endive crue": 29.310344827586206}}}