{"condiments et sauces": {"condiments d'assaisonnement": {"ail frais": 2.767857142857143, "cube pour bouillon de bœuf": 27.7, "vinaigre": 7.186016260162601, "sauce de soja": 10.0, "concentré de tomate": 21.142857142857142}, "condiments d'accompagnement": {"câpres": 11.0, "olive verte en saumure": 30.833333333333332, "olive noire en saumure": 20.0, "moutarde": 7.550806451612903, "cornichon au vinaigre": 27.083333333333332, "tapenade d'olives": 15.333333333333334, "ketchup": 30.849056603773583}, "herbes aromatiques": {"basilic frais": 4.7, "persil frais": 5.9951923076923075, "menthe fraîche": 7.0, "thym sec": 6.666666666666667, "ciboule ou ciboulette fraîche": 6.428571428571429, "herbes aromatiques fraîches": 2.2055555555555553}, "sauces": {"sauce hollandaise": 30.0, "mayonnaise à l'huile de tournesol": 11.666666666666666, "sauce au yaourt": 22.5, "vinaigrette ajoutée au service": 20.0, "sauce tomate sans viande": 33.66279069767442, "sauce sans précision": 67.5, "sauce à la crème aux épices": 37.5, "vinaigrette sans précision": 19.107246376811595, "sauce à la crème aux herbes": 50.0, "sauce à la crème": 31.304347826086957, "sauce au vin rouge": 24.72222222222222, "mayonnaise ajoutée au service": 15.0, "sauce aux champignons": 75.0, "sauce au fromage": 22.5, "vinaigrette allégée ajoutée au service": 20.0, "sauce aigre-douce": 15.0, "mayonnaise": 15.452898550724637, "sauce béarnaise": 46.666666666666664, "sauce au beurre": 29.444444444444443, "mayonnaise allégée": 9.444444444444445, "vinaigrette allégée": 22.2, "sauce au curry": 38.125, "sauce tomate à la viande ou bolognaise type panzani ou buitoni": 61.25, "sauce moutarde": 16.666666666666668, "sauce au fromage blanc ajoutée au service": 20.0, "autre sauce": 50.357142857142854, "vinaigrette à l'huile d'olive": 17.818181818181817, "sauce béchamel en brique": 40.39473684210526}, "sel et épices": {"curry en poudre": 1.6944444444444444, "poivre noir moulu": 1.3170731707317074, "gingembre moulu": 26.8, "sel fin ou gros": 2.1746031746031744, "cannelle": 6.0, "épices sans précision": 2.136, "sel de mer": 3.2545454545454544, "coriandre en graines": 2.0}}}