{"lait": {"lait aromatis\u00e9": {"lait demi-\u00e9cr\u00e9m\u00e9 aromatis\u00e9": 200.0, "lait demi-\u00e9cr\u00e9m\u00e9 aromatis\u00e9 au chocolat": 120.0}, "lait concentr\u00e9 ou en poudre": {"lait entier en poudre": 8.666666666666666}, "lait en bouteille ou en brique": {"lait demi-\u00e9cr\u00e9m\u00e9 uht \u00e0 teneur garantie en vitamines": 250.0, "lait demi-\u00e9cr\u00e9m\u00e9 en poudre": 10.0, "lait demi-\u00e9cr\u00e9m\u00e9 uht \u00e0 teneur garantie en prot\u00e9ines et vitamines enrichi en min\u00e9": 250.0, "lait entier uht": 215.15151515151516, "lait entier pasteuris\u00e9": 350.0, "lait \u00e9cr\u00e9m\u00e9 uht": 275.96774193548384, "lait demi-\u00e9cr\u00e9m\u00e9 uht": 194.99303944315545}, "autre lait": {"autre lait": 154.4140625}}}