{"plats compos\u00e9s": {"plats \u00e0 base de fromage": {"souffl\u00e9 au fromage": 200.0}, "plats \u00e0 base de p\u00e2tes ou de pommes de terre": {"gratin dauphinois": 162.5, "raviolis \u00e0 la viande \u00e0 la sauce tomate en conserve": 191.0, "p\u00e2tes \u00e0 la bolognaise": 100.0, "salade de p\u00e2tes v\u00e9g\u00e9tarienne": 40.0, "gratin de p\u00e2tes": 183.33333333333334, "spaghettis \u00e0 la sauce tomate": 200.0, "lasagnes \u00e0 la bolognaise": 279.24, "ravioles ou raviolis au fromage": 100.0, "cannellonis \u00e0 la viande": 400.0, "hachis parmentier": 255.84375, "p\u00e2tes \u00e0 la carbonara": 218.88888888888889, "salade de pommes de terre": 88.24324324324324, "tartiflette": 200.0}, "plats \u00e0 base de l\u00e9gumes": {"tomate \u00e0 la proven\u00e7ale": 109.11290322580645, "tomate farcie": 245.0, "l\u00e9gumes divers farcis sauf tomate": 170.0, "moussaka": 300.0, "gratin endives jambon": 246.33333333333334, "gratin de l\u00e9gumes": 138.0}, "plats sans garniture": {"poisson sauce oseille type cabillaud \u00e0 l'oseille marie": 150.0, "paupiette de veau": 94.61538461538461, "quenelle de volaille en conserve": 60.0, "viande en sauce sans pr\u00e9cision": 131.66666666666666, "cordon bleu de volaille type p\u00e8re dodu ou le gaulois": 104.8, "poisson en sauce surgel\u00e9": 146.78571428571428, "jambon en cro\u00fbte": 25.0, "tripes \u00e0 la mode de caen artisanales": 216.66666666666666, "coq au vin": 152.5, "poulet au curry": 106.66666666666667, "quenelle de poisson cuite": 45.0, "escalopes v\u00e9g\u00e9tales \u00e0 base de soja": 100.0, "paupiette de volaille": 93.33333333333333}, "garnitures compos\u00e9es": {"riz cantonais": 122.72727272727273, "salade de thon et l\u00e9gumes en conserve": 95.0, "salade de riz": 97.0, "taboul\u00e9 ou salade de couscous": 78.125}, "beignets, cr\u00eapes et bouch\u00e9es \u00e0 la reine": {"nugget de volaille": 131.38888888888889, "samossas": 80.0, "cr\u00eape fourr\u00e9e b\u00e9chamel jambon fromage champignon": 82.5, "beignet sal\u00e9 fourr\u00e9 de viande volaille ou poisson": 53.0, "cr\u00eape fourr\u00e9e b\u00e9chamel jambon": 135.83333333333334, "nem ou p\u00e2t\u00e9 imp\u00e9rial": 138.75, "bouch\u00e9e \u00e0 la reine au poulet": 156.0, "cr\u00eape fourr\u00e9e b\u00e9chamel fromage": 142.08333333333334, "cr\u00eape fourr\u00e9e b\u00e9chamel jambon fromage": 146.77777777777777, "brick garni (garniture : crevettes l\u00e9gumes volaille viande poisson\u2026)": 82.5, "beignet de l\u00e9gumes": 40.0}, "plats garnis \u00e0 base de viande": {"chili con carne": 160.0, "blanquette de veau": 131.57894736842104, "couscous au poulet": 430.0, "b\u0153uf bourguignon": 113.18181818181819, "tajine de mouton": 395.0, "couscous royal \u00e0 la viande": 415.29411764705884, "choucroute garnie en conserve": 337.5, "poulet au curry avec riz ou semoule pr\u00e9emball\u00e9": 175.0, "b\u0153uf carottes": 168.33333333333334, "paella": 272.77777777777777, "cassoulet en conserve": 264.54545454545456, "petit sal\u00e9 aux lentilles ou saucisse aux lentilles": 315.0, "pot-au-feu": 371.0, "navarin d'agneau": 105.0, "poulet basquaise au riz": 145.75}}}