{"fruits": {"sans": {"fruit sans pr\u00e9cision": 138.0, "ananas frais": 86.5, "cerise fra\u00eeche": 120.6896551724138, "framboise fra\u00eeche": 60.45454545454545, "pamplemousse frais": 121.83673469387755, "raisin noir frais": 120.375, "salade de fruits frais": 181.25, "fruit de la passion frais": 7.0, "past\u00e8que fra\u00eeche": 338.0, "abricot frais": 121.45652173913044, "grenade fra\u00eeche": 30.0, "mirabelle fra\u00eeche": 20.0, "banane fra\u00eeche": 133.61313868613138, "kiwi frais": 116.1076923076923, "figue fra\u00eeche": 150.55555555555554, "mangue fra\u00eeche": 117.75, "raisin blanc frais": 123.4186046511628, "fraise fra\u00eeche": 147.59615384615384, "nectarine non pel\u00e9e fra\u00eeche": 158.29861111111111, "melon frais": 253.27777777777777, "orange fra\u00eeche": 152.11206896551724, "kaki frais": 50.0, "poire non pel\u00e9e fra\u00eeche": 201.53947368421052, "citron frais": 20.681818181818183, "prune reine-claude fra\u00eeche": 175.0, "cl\u00e9mentine ou mandarine fra\u00eeche": 109.47712418300654, "pomme non pel\u00e9e fra\u00eeche": 195.8148148148148, "p\u00eache non pel\u00e9e fra\u00eeche": 143.4848484848485, "p\u00eache pel\u00e9e fra\u00eeche": 219.16666666666666}}}