{"ultra-frais laitier": {"cr\u00e8me fra\u00eeche": {"cr\u00e8me fra\u00eeche ou cr\u00e8me de lait \u00e9paisse all\u00e9g\u00e9e 15 \u00e0 20% m.g. rayon frais": 26.5, "cr\u00e8me chantilly sucr\u00e9e sous pression uht": 16.928571428571427, "cr\u00e8me fra\u00eeche ou cr\u00e8me de lait sans pr\u00e9cision": 21.92622950819672, "cr\u00e8me fra\u00eeche ou cr\u00e8me de lait fluide au moins 30% m.g. uht": 20.0, "cr\u00e8me fra\u00eeche non all\u00e9g\u00e9e ajout\u00e9e \u00e0 la cuisson": 18.5, "cr\u00e8me fra\u00eeche ou cr\u00e8me de lait \u00e9paisse au moins 30% m.g. rayon frais": 37.0, "cr\u00e8me fra\u00eeche non all\u00e9g\u00e9e ajout\u00e9e au service": 17.916666666666668, "cr\u00e8me fra\u00eeche all\u00e9g\u00e9e ajout\u00e9e au service": 16.11111111111111, "sp\u00e9cialit\u00e9 \u00e0 base de cr\u00e8me l\u00e9g\u00e8re 8% m.g. type cr\u00e8me fluide ou \u00e9paisse": 24.285714285714285, "cr\u00e8me fra\u00eeche ou cr\u00e8me de lait fluide all\u00e9g\u00e9e 15 \u00e0 20% m.g. uht": 22.708333333333332, "cr\u00e8me fra\u00eeche ou cr\u00e8me de lait fluide au moins 30% m.g. rayon frais": 35.0}, "yaourts et assimil\u00e9s": {"yaourt nature au lait de ch\u00e8vre demi-\u00e9cr\u00e9m\u00e9": 100.0, "yaourt brass\u00e9 nature au lait entier type danone velout\u00e9 nature": 128.33333333333334, "yaourt bulgare ou velout\u00e9 \u00e0 la pulpe de fruits au lait entier": 138.54166666666666, "sp\u00e9cialit\u00e9 laiti\u00e8re type yaourt au bifidus aromatis\u00e9 au lait entier sucr\u00e9e type": 136.45833333333334, "sp\u00e9cialit\u00e9 laiti\u00e8re type yaourt au lait entier au bifidus et aux fruits sucr\u00e9e": 125.0, "sp\u00e9cialit\u00e9 laiti\u00e8re type yaourt 0% aux fruits aux \u00e9dulcorants type panier de yop": 148.8095238095238, "yaourt aux fruits au lait entier sucr\u00e9 type danone recette cr\u00e9meuse aux fruits o": 142.72727272727272, "yaourt ou sp\u00e9cialit\u00e9 laiti\u00e8re nature": 122.78350515463917, "yaourt nature au lait entier": 125.0, "sp\u00e9cialit\u00e9 laiti\u00e8re type yaourt 0% aux fruits sucr\u00e9e type sveltesse aux fruits p": 138.88888888888889, "yaourt nature au lait entier sucr\u00e9": 125.0, "sp\u00e9cialit\u00e9 laiti\u00e8re aux fruits \u00e0 base de fromage blanc enrichie en cr\u00e8me type ge": 129.16666666666666, "autre yaourt ou sp\u00e9cialit\u00e9 laiti\u00e8re nature ou aux fruit": 125.0, "lait ferment\u00e9 \u00e0 boire maigre nature type lait ribot ou lact\u00e9or l'ben": 120.0, "sp\u00e9cialit\u00e9 laiti\u00e8re type yaourt 0% aromatis\u00e9e sucr\u00e9e type weight watcher": 125.0, "yaourt aromatis\u00e9 au lait entier sucr\u00e9": 124.10714285714286, "lait ferment\u00e9 au bifidus nature au lait entier type danone activa": 131.35593220338984, "yaourt \u00e0 boire au lait demi-\u00e9cr\u00e9m\u00e9 aux \u00e9dulcorants": 90.0, "yaourt ou sp\u00e9cialit\u00e9 laiti\u00e8re aux fruits sans pr\u00e9cision": 137.31884057971016, "yaourt \u00e0 boire aromatis\u00e9 au lait demi-\u00e9cr\u00e9m\u00e9 sucr\u00e9 type yopi": 132.375, "yaourt ou sp\u00e9cialit\u00e9 laiti\u00e8re sans pr\u00e9cision": 121.11864406779661, "lait ferment\u00e9 \u00e0 boire au bifidus et aux fruits genre yaourt \u00e0 boire": 95.0, "yaourt aux fruits au lait demi-\u00e9cr\u00e9m\u00e9 sucr\u00e9 type panier de yoplait": 135.8695652173913, "yaourt aux c\u00e9r\u00e9ales ou au muesli au lait entier": 125.0, "sp\u00e9cialit\u00e9 laiti\u00e8re nature \u00e0 base de fromage blanc enrichie en cr\u00e8me type fjord": 106.81818181818181, "yaourt nature 0% m.g. type taillefine nature 0% danone yoplait silhouette": 130.859375, "yaourt nature au lait demi-\u00e9cr\u00e9m\u00e9": 125.0, "lait ferment\u00e9 \u00e0 boire au lait demi-\u00e9cr\u00e9m\u00e9 nature type actimel": 95.16, "yaourt nature au lait demi-\u00e9cr\u00e9m\u00e9 sucr\u00e9": 123.83720930232558, "yaourt aromatis\u00e9 au lait demi-\u00e9cr\u00e9m\u00e9 sucr\u00e9": 127.3972602739726}, "fromage blanc et petits suisses": {"petit-suisse nature 20% m.g. type gervais petit vitalit\u00e9": 123.75, "fromage blanc sans pr\u00e9cision": 116.71875, "petit suisse aux fruits au lait demi-\u00e9cr\u00e9m\u00e9 type petits filous": 97.76666666666667, "fromage blanc type petit suisse 20% mg/ms, aromatis\u00e9 vanille ou chocolat": 100.0, "fromage blanc battu nature 40% m.g. type danone jockey 40% ou yoplait calin 40%": 120.0, "fromage blanc battu 20% m.g. nature": 121.55172413793103, "fromage blanc de campagne nature 40% m.g. type senoble fromage frais 43% campagn": 100.0, "fromage blanc sucr\u00e9 aromatis\u00e9 ou aux fruits sans pr\u00e9cision": 100.0, "fromage blanc aux fruits sucr\u00e9 30-40% m.g.": 100.0, "fromage blanc de campagne nature 0% m.g.": 100.0, "petit-suisse nature 40% m.g.": 105.0, "autre fromage blanc": 104.16666666666667, "fromage blanc battu nature 0% m.g.": 121.42857142857143}}}