{"soupes et bouillons": {"potages et soupes": {"soupe poireau pomme de terre type fait maison": 325.0, "soupe aux champignons": 280.0, "soupe de poissons et/ou de crustac\u00e9s pr\u00e9emball\u00e9e \u00e0 r\u00e9chauffer": 318.75, "soupe \u00e0 la tomate pr\u00e9emball\u00e9e \u00e0 r\u00e9chauffer ou d\u00e9shydrat\u00e9e reconstitu\u00e9e": 292.85714285714283, "soupe aux l\u00e9gumes pr\u00e9emball\u00e9e \u00e0 r\u00e9chauffer": 360.3448275862069, "minestrone pr\u00e9emball\u00e9e \u00e0 r\u00e9chauffer ou d\u00e9shydrat\u00e9e reconstitu\u00e9e": 450.0, "soupe aux l\u00e9gumes type fait maison": 348.4472049689441, "soupe aux l\u00e9gumes d\u00e9shydrat\u00e9e reconstitu\u00e9e": 325.0, "soupe poireau pomme de terre pr\u00e9emball\u00e9e \u00e0 r\u00e9chauffer": 325.0, "soupe au potiron": 450.0, "soupe \u00e0 l'oignon": 316.6666666666667, "soupe \u00e0 la volaille et aux vermicelles pr\u00e9emball\u00e9e \u00e0 r\u00e9chauffer ou d\u00e9shydrat\u00e9e r": 400.0}, "bouillons": {"bouillon v\u00e9g\u00e9tal": 264.4, "bouillon de viande d\u00e9shydrat\u00e9 reconstitu\u00e9 type bouillon de b\u0153uf knorr": 277.77777777777777, "bouillon de viande et de l\u00e9gumes": 355.55555555555554, "bouillon de volaille d\u00e9shydrat\u00e9 reconstitu\u00e9 type bouillon de poule knorr": 215.71428571428572}}}