{"l\u00e9gumes secs": {"l\u00e9gumes secs": {"pois cass\u00e9 cuit": 150.0, "haricot rouge cuit": 66.66666666666667, "haricot blanc cuit": 164.28571428571428, "haricot blanc en conserve": 144.23076923076923, "lentille cuite": 121.0, "pois chiche cuit": 53.0, "haricot flageolet en conserve": 135.0}, "l\u00e9gumes secs pr\u00e9par\u00e9s": {"lentille cuisin\u00e9e en conserve": 143.1818181818182}}}