{"fruits": {"sans": {"fruit sans précision": 138.0, "ananas frais": 86.5, "cerise fraîche": 120.6896551724138, "framboise fraîche": 60.45454545454545, "pamplemousse frais": 121.83673469387755, "raisin noir frais": 120.375, "salade de fruits frais": 181.25, "fruit de la passion frais": 7.0, "pastèque fraîche": 338.0, "abricot frais": 121.45652173913044, "grenade fraîche": 30.0, "mirabelle fraîche": 20.0, "banane fraîche": 133.61313868613138, "kiwi frais": 116.1076923076923, "figue fraîche": 150.55555555555554, "mangue fraîche": 117.75, "raisin blanc frais": 123.4186046511628, "fraise fraîche": 147.59615384615384, "nectarine non pelée fraîche": 158.29861111111111, "melon frais": 253.27777777777777, "orange fraîche": 152.11206896551724, "kaki frais": 50.0, "poire non pelée fraîche": 201.53947368421052, "citron frais": 20.681818181818183, "prune reine-claude fraîche": 175.0, "clémentine ou mandarine fraîche": 109.47712418300654, "pomme non pelée fraîche": 195.8148148148148, "pêche non pelée fraîche": 143.4848484848485, "pêche pelée fraîche": 219.16666666666666}}}