{"riz et bl\u00e9 dur ou concass\u00e9": {"riz": {"riz blanc cuit": 125.9478021978022, "riz blanc \u00e9tuv\u00e9 cuit": 150.0, "riz complet cuit": 116.66666666666667}, "bl\u00e9": {"couscous (graine seule) semoule cuite": 113.88888888888889, "bl\u00e9 dur pr\u00e9cuit nature type ebly": 88.05}}}