{"viande": {"bœuf en pièces ou haché": {"bœuf boulettes cuites": 110.71428571428571, "bœuf faux-filet grillé": 143.75, "steak haché 5% m.g. cuit": 158.0, "brochette de bœuf": 150.0, "steak haché 15% m.g. cuit": 126.43939393939394, "bœuf à pot-au-feu cuit": 110.0, "boeuf bifteck grillé": 135.3846153846154, "steak haché 10% m.g. cuit": 100.0, "fondue bourguignonne": 130.0, "bœuf à bourguignon cuit": 136.0, "steak haché 5% m.g. cru": 105.0, "bœuf rosbif rôti": 120.47674418604652, "bœuf entrecôte grillée": 163.1818181818182}, "autre viande": {"cheval viande rôtie": 130.0, "brochette mixte de viande": 93.33333333333333, "viande cuite sans précision": 83.07692307692308}, "porc": {"porc côtelette grillée": 136.42222222222222, "porc filet rôti maigre cuit": 109.11764705882354, "porc travers braisé": 156.66666666666666, "porc échine rôtie": 144.0, "porc rôti cuit": 111.90140845070422}, "agneau": {"agneau épaule rôtie": 105.0, "agneau côtelette grillée": 126.47058823529412, "brochette d'agneau": 175.0, "agneau gigot rôti": 114.21052631578948}, "veau": {"veau escalope cuite": 104.0, "veau rôti": 101.81818181818181, "veau filet rôti": 97.5, "veau côte cuite": 165.0, "veau mijoté": 97.5, "veau escalope panée": 105.0}}}