{"fromages": {"fromages affin\u00e9s": {"fromage triple cr\u00e8me plus de 75% m.g. type brillat savarin": 20.0, "fromage et mini fromage type bonbel-babybel": 32.526315789473685, "bleu et mini bleu de bresse fromage \u00e0 p\u00e2te persill\u00e9e 45% m.g.": 45.23076923076923, "comt\u00e9 fromage \u00e0 p\u00e2te press\u00e9e cuite 45% m.g.": 31.258064516129032, "emmental all\u00e9g\u00e9": 38.0, "reblochon fromage \u00e0 p\u00e2te press\u00e9e non cuite 45% m.g.": 26.2, "brie fromage \u00e0 p\u00e2te molle \u00e0 cro\u00fbte fleurie 45% m.g.": 40.78125, "morbier fromage \u00e0 p\u00e2te press\u00e9e non cuite 45% m.g.": 35.0, "fourme d'ambert fromage \u00e0 p\u00e2te persill\u00e9e 50% m.g.": 30.0, "fromage des pyr\u00e9n\u00e9es au lait de vache": 35.0, "saint-paulin fromage \u00e0 p\u00e2te press\u00e9e non cuite 45-50% m.g.": 43.125, "fromage de ch\u00e8vre affin\u00e9 au lait pasteuris\u00e9 ou cru": 31.333333333333332, "coulommiers fromage \u00e0 p\u00e2te molle \u00e0 cro\u00fbte fleurie 40-45% m.g.": 40.0, "caprice des dieux fromage \u00e0 p\u00e2te molle 60% m.g.": 41.42857142857143, "tomme de montagne ou tomme de savoie": 63.333333333333336, "cantal salers ou laguiole fromages \u00e0 p\u00e2te press\u00e9e non cuite 45% m.g.": 30.0, "parmesan fromage \u00e0 p\u00e2te press\u00e9e cuite 45% m.g.": 20.0, "fromage \u00e0 cuire pan\u00e9 au jambon type menu fromage": 100.0, "fromage de ch\u00e8vre mi-sec": 32.55813953488372, "emmental fromage \u00e0 p\u00e2te press\u00e9e cuite 45% m.g.": 37.51789473684211, "tome ou tomme fromage \u00e0 p\u00e2te press\u00e9e non cuite 45% m.g.": 36.111111111111114, "leerdammer fromage \u00e0 p\u00e2te press\u00e9e demi-cuite \u00e0 trous 45% m.g.": 35.45454545454545, "saint-nectaire fromage \u00e0 p\u00e2te press\u00e9e non cuite 45% m.g.": 26.666666666666668, "camembert et apparent\u00e9s 50% m.g.": 30.0, "raclette fromage \u00e0 p\u00e2te press\u00e9e non cuite 45% m.g.": 91.66666666666667, "mimolette fromage \u00e0 p\u00e2te press\u00e9e non cuite 45% m.g.": 28.0, "fromage sans pr\u00e9cision": 38.494623655913976, "gruy\u00e8re fromage \u00e0 p\u00e2te press\u00e9e cuite 45% m.g.": 28.923076923076923, "roquefort fromage de brebis \u00e0 p\u00e2te persill\u00e9e 52% m.g.": 42.333333333333336, "bleu d'auvergne fromage \u00e0 p\u00e2te persill\u00e9e 50% m.g.": 35.45454545454545, "fromage \u00e0 p\u00e2te molle \u00e0 cro\u00fbte fleurie genre camembert all\u00e9g\u00e9 20-30% m.g.": 31.153846153846153, "camembert sans pr\u00e9cision": 40.433526011560694, "beaufort fromage \u00e0 p\u00e2te press\u00e9e cuite 45% m.g.": 30.0, "sainte-maure fromage de ch\u00e8vre": 25.714285714285715, "saint albray fromage \u00e0 p\u00e2te molle 50% m.g.": 27.857142857142858, "fromage \u00e0 cuire pan\u00e9 nature type crousti'cho de pr\u00e9sident": 75.0, "rouy fromage \u00e0 p\u00e2te molle \u00e0 cro\u00fbte lav\u00e9e 40% m.g.": 39.642857142857146, "fromage \u00e0 p\u00e2te press\u00e9e non cuite 40-50% m.g.": 17.5, "vieux pan\u00e9 fromage \u00e0 p\u00e2te molle 50% m.g.": 33.5, "fromage de ch\u00e8vre sec": 40.0, "autre fromage \u00e0 p\u00e2te press\u00e9e cuite": 22.181818181818183, "port salut fromage \u00e0 p\u00e2te press\u00e9e non cuite \u00e0 cro\u00fbte lav\u00e9e 50% m.g.": 52.0, "maroilles fromage \u00e0 p\u00e2te molle \u00e0 cro\u00fbte lav\u00e9e 45% m.g.": 15.0, "saint-f\u00e9licien fromage \u00e0 p\u00e2te molle 60% m.g.": 15.0, "fromage de ch\u00e8vre p\u00e2te molle": 26.666666666666668, "cheddar fromage \u00e0 p\u00e2te press\u00e9e non cuite 45% m.g.": 40.0, "fol \u00e9pi fromage \u00e0 p\u00e2te press\u00e9e cuite \u00e0 trous 50% m.g.": 60.0, "camembert fromage \u00e0 p\u00e2te molle \u00e0 cro\u00fbte fleurie 45% m.g.": 34.59183673469388, "\u00e9dam fromage \u00e0 p\u00e2te press\u00e9e non cuite 40-45% m.g.": 20.0, "fromage des pyr\u00e9n\u00e9es au lait de brebis": 32.8125, "selles-sur-cher fromage de ch\u00e8vre": 40.0, "boursault fromage \u00e0 p\u00e2te molle double cr\u00e8me": 10.0, "maasdam fromage \u00e0 p\u00e2te press\u00e9e non cuite \u00e0 trous 45% m.g.": 20.0, "bleu au lait de vache fromage \u00e0 p\u00e2te persill\u00e9e sans pr\u00e9cision": 30.0, "gouda fromage \u00e0 p\u00e2te press\u00e9e non cuite 30-40% m.g.": 32.5, "munster fromage \u00e0 p\u00e2te molle \u00e0 cro\u00fbte lav\u00e9e 45-50% m.g.": 48.0, "saint-marcellin fromage \u00e0 p\u00e2te molle \u00e0 cro\u00fbte naturelle 40-50% m.g.": 20.0, "crottin fromage de ch\u00e8vre": 30.0, "chabichou fromage de ch\u00e8vre": 23.333333333333332}, "autres fromages ou fromage sans pr\u00e9cision": {"autre fromage": 40.0}, "fromages fondus": {"p'tit louis fromage fondu 65% m.g.": 18.0, "saint-moret fromage fondu demi-sel 30% m.g.": 20.0, "cancoillotte sp\u00e9cialit\u00e9 fromag\u00e8re fondue 40% m.g.": 28.0, "fromage de ch\u00e8vre fondu \u00e0 tartiner nature type cabrette ou chavroux": 28.333333333333332, "fromage fondu 60-65% m.g. type six de savoie": 18.0, "vache qui rit fromage fondu 50% m.g.": 24.346153846153847, "fromage fondu en portions ou en cubes 45-50% m.g.": 40.0, "ap\u00e9ricube fromage fondu 50% m.g.": 25.0, "saint-moret all\u00e9g\u00e9 fromage fondu demi-sel 20% m.g.": 56.0, "fromage fondu 25% m.g. type sylphide ou vache qui rit \u00e9quilibre et ligne": 16.333333333333332, "kiri cr\u00e8me fromage fondu double cr\u00e8me 70% m.g.": 31.857142857142858}, "fromages frais non affin\u00e9s": {"f\u00e9ta de brebis": 29.1, "boursin fromage frais sal\u00e9 aromatis\u00e9 70% m.g.": 27.291666666666668, "fromage de ch\u00e8vre frais": 42.0, "tartare fromage frais aromatis\u00e9 sal\u00e9 70% m.g.": 24.25, "carr\u00e9 frais fromage \u00e0 tartiner 40% m.g.": 25.0, "fromage frais \u00e0 tartiner \u00e0 plus de 60% m.g.": 19.769999999999996, "mozzarella": 43.333333333333336, "fromage frais \u00e0 tartiner 40-60% m.g": 83.33333333333333}}}