{"beurre": {"sans": {"beurre doux léger 39-41% m.g.": 12.75, "beurre salé sel > 3%": 10.520833333333334, "matière grasse laitière légère 25% m.g. à tartiner type bridelight": 12.411764705882353, "beurre doux": 10.284960422163588, "beurre allégé sans précision": 14.157894736842104, "beurre salé non allégé ajouté à la cuisson": 9.496268656716419, "beurre allégé ajouté au service": 8.053191489361701, "beurre allégé ajouté à la cuisson": 9.545454545454545, "beurre salé non allégé ajoutée au service": 8.158045977011493, "beurre demi-sel sel maxi 3%": 13.103932584269662, "beurre doux non allégé ajouté à la cuisson": 8.728070175438596, "beurre doux non allégé ajoutée au service": 8.343283582089553}}}