{"pommes de terre et apparent\u00e9s": {"sans": {"pur\u00e9e de pomme de terre avec lait et beurre non sal\u00e9e": 151.66666666666666, "pomme de terre rissol\u00e9e surgel\u00e9e": 143.04320987654322, "pur\u00e9e de pomme de terre \u00e0 base de flocons reconstitu\u00e9e au lait demi-\u00e9cr\u00e9m\u00e9": 148.68421052631578, "pomme de terre dauphine cuite": 114.70588235294117, "gnocchis de pommes de terre": 120.0, "pomme de terre frite surgel\u00e9e cuite": 70.0, "pomme de terre cuite \u00e0 la vapeur": 226.7605633802817, "pomme noisette pr\u00e9cuite surgel\u00e9e": 100.92592592592592, "pomme de terre cuite au four": 152.22222222222223, "pomme de terre frite non sal\u00e9e": 82.3529411764706, "pomme de terre cuite \u00e0 l'eau": 157.61363636363637}}}