{"glaces et desserts glac\u00e9s": {"desserts glac\u00e9s": {"barre chocolat\u00e9e glac\u00e9e type mars twix snickers": 61.63636363636363, "omelette norv\u00e9gienne": 106.25}, "glaces": {"cr\u00e8me glac\u00e9e \u00e0 la vanille type carte d'or vanille": 80.26666666666667, "glace en cornet": 105.23809523809524, "cr\u00e8me glac\u00e9e au chocolat type carte d'or chocolat": 65.0, "glace cr\u00e8me glac\u00e9e sorbet ou glace \u00e0 l'eau parfums divers": 86.11904761904762, "glace enrob\u00e9e de chocolat type esquimau": 81.78947368421052}, "sorbets": {"sorbet tout type": 49.714285714285715}}}