{"margarine": {"sans": {"margarine \u00e0 l'huile d'olive  60% m.g. ajout\u00e9ee \u00e0 la cuisson": 10.0, "mati\u00e8re grasse compos\u00e9e all\u00e9g\u00e9e 60% m.g. type le fleurier ou tartine et cuisine": 8.23611111111111, "margarine type primev\u00e8re 60% m.g. ajout\u00e9e \u00e0 la cuisson": 8.214285714285714, "margarine all\u00e9g\u00e9e  40% m.g. ajout\u00e9e \u00e0 la cuisson": 10.0, "mati\u00e8re grasse l\u00e9g\u00e8re 38-41% m.g. demi-sel tartiner": 12.0, "margarine ordinaire  70% ou 80% m.g. ajout\u00e9e \u00e0 la cuisson": 9.63768115942029, "margarine ordinaire  60% m.g. ajout\u00e9e \u00e0 la cuisson": 9.363636363636363, "mati\u00e8re grasse l\u00e9g\u00e8re 38-41% m.g. \u00e0 tartiner": 9.0, "margarine ordinaire 70% ou 80% m.g. ajout\u00e9e au service": 10.6, "margarine au tournesol 70% ou 80% m.g. ajout\u00e9e au service": 7.625, "mati\u00e8re grasse 70% m.g. en pain type astra": 10.333333333333334, "mati\u00e8re grasse l\u00e9g\u00e8re 35% m.g. enrichie en st\u00e9rols/stanols type proactive tartin": 6.25, "margarine au tournesol  70% ou 80% m.g. ajout\u00e9e \u00e0 la cuisson": 9.444444444444445, "margarine au tournesol en barquette 80% m.g. type fruit d'or": 7.583333333333333, "margarine au tournesol  60% m.g. ajout\u00e9e \u00e0 la cuisson": 9.603174603174603, "mati\u00e8re grasse all\u00e9g\u00e9e 55-60% m.g. riche en om\u00e9ga 3 et 6": 13.850877192982455, "margarine de cuisine 80% m.g.": 5.9, "mati\u00e8re grasse all\u00e9g\u00e9e 60% m.g.": 11.161904761904761, "margarine all\u00e9g\u00e9e 40% m.g. ajout\u00e9e au service": 9.9, "margarine proactiv de fruit d'or ajout\u00e9e \u00e0 la cuisson": 9.027777777777779, "margarine ordinaire 60% m.g. ajout\u00e9e au service": 7.545454545454546, "margarine proactiv de fruit d'or ajout\u00e9e au service": 9.2}}}