{"region_12_partitions_foodgrp_30": {"sucres et dérivés": {"confiserie": {"bonbons gélifiés": 43.76470588235294, "confiserie dragéifiée au chocolat type smarties": 22.8, "pâte de fruits": 30.0, "pâte d'amande fabrication industrielle": 30.0, "chewing-gum sucré": 4.5, "meringue": 5.0, "bonbons tout type sauf gélifiés": 14.737789473684211, "chewing-gum sans sucre": 3.423076923076923, "confiserie à base de cacahuètes dragéifiées enrobées de chocolat type m&ms cacah": 62.5, "nougat ou touron": 10.0}, "confiture et miel": {"miel": 13.404494382022472, "confiture de cerise": 16.666666666666668, "confiture ajoutée au service": 8.142857142857142, "confiture d'orange": 28.333333333333332, "confiture de fraise": 19.45945945945946, "confiture d'abricot": 17.5, "confiture ou marmelade tout type": 27.412280701754387, "confiture allégée": 30.333333333333332}, "sucre et assimilés": {"sucre roux": 9.804455445544555, "sucre blanc": 7.009702457956015, "sucre blanc ajouté au service": 6.673728813559322, "sucre allégé type tutti free": 2.9399999999999995}}}}