{"boissons alcoolis\u00e9es": {"cidre": {"cidre brut": 210.0, "cidre": 212.35294117647058}, "spiritueux et vins cuits": {"eau-de-vie": 36.666666666666664, "porto": 50.0, "vodka": 237.5, "rhum": 50.0, "ap\u00e9ritif \u00e0 base de vin ou vermouth type martini": 68.5, "pastis": 45.0, "ap\u00e9ritif \u00e0 la gentiane": 40.0, "vin doux naturel ou vin mut\u00e9 autre que porto type muscat banyuls ou maury": 115.71428571428571, "gin": 20.0, "liqueurs": 41.666666666666664, "whisky": 65.45454545454545}, "vin": {"vin sans pr\u00e9cision": 163.05555555555554, "vin rouge 11\u00b0": 178.27586206896552, "vin blanc 11\u00b0": 147.9506172839506, "vin rouge 12\u00b0": 153.08662420382166, "vin rouge 10\u00b0": 142.67857142857142, "vin blanc mousseux": 162.5, "champagne": 159.52380952380952, "vin ros\u00e9 11\u00b0": 184.0, "vin rouge 13\u00b0 et plus": 100.0}, "cocktails et m\u00e9langes": {"kir": 150.0, "cocktail type punch planteur": 206.36363636363637, "sangria": 118.75, "panach\u00e9": 203.63636363636363, "pastis pr\u00eat \u00e0 boire (1+5)": 210.0, "p\u00e9tillant de fruits": 162.5, "cocktail alcoolis\u00e9": 281.25, "kir royal": 100.0}, "bi\u00e8re": {"bi\u00e8re de sp\u00e9cialit\u00e9s ou d'abbaye r\u00e9gionales ou de brasserie degr\u00e9 d'alcool varia": 250.0, "bi\u00e8re sp\u00e9ciale \u00e0 5-6\u00b0 d'alcool type 1664 pelforth ambr\u00e9e ou fischer heineken": 285.7142857142857, "bi\u00e8re forte \u00e0 plus de 8\u00b0 d'alcool type duvel bavaria 8.6 ou leffe triple": 375.0, "bi\u00e8re c\u0153ur de march\u00e9 \u00e0 4-5\u00b0 d'alcool type kronenbourg ou 33 export": 437.125}}}