{"region_12_partitions_foodgrp_31": {"eaux": {"eau minérale plate": {"vittel eau plate": 344.5, "courmayeur eau plate": 229.41176470588235, "wattwiller eau plate": 280.0, "luchon eau plate": 186.66666666666666, "orée du bois eau plate": 271.42857142857144, "évian eau plate": 352.5, "hépar eau plate": 286.3829787234043, "eau minérale plate sans précision": 583.3333333333334, "contrex eau plate": 354.02777777777777, "thonon eau plate": 367.6190476190476, "volvic eau plate": 299.13978494623655, "amanda eau plate": 181.25, "chambon eau plate": 398.39622641509436}, "eau du robinet": {"eau du robinet": 269.91731112433075}, "eau minérale gazeuse": {"rozana eau gazeuse": 640.0, "san pellegrino eau gazeuse": 281.3333333333333, "eau gazeuse sans précision": 251.95652173913044, "salvetat eau gazeuse": 272.85714285714283, "saint yorre eau gazeuse": 250.0, "perrier eau gazeuse": 209.41176470588235, "quézac eau gazeuse": 148.57142857142858, "badoit eau gazeuse": 213.3235294117647, "arcens eau gazeuse": 600.0, "arvie eau gazeuse": 123.33333333333333, "la vernière eau gazeuse": 433.3333333333333, "vichy célestins eau gazeuse": 247.72727272727272, "sainte marguerite eau gazeuse": 600.0}, "eau de source": {"eau de source": 295.9280742459397}, "autre eau": {"eau minérale sans précision": 320.421686746988, "autre eau minérale": 266.6666666666667, "eau minérale ou non faiblement minéralisée": 244.71428571428572}}}}