{"autres boissons chaudes": {"th\u00e9 et infusions": {"tisane infus\u00e9e non sucr\u00e9e": 271.7647058823529, "th\u00e9 infus\u00e9 non sucr\u00e9": 302.1027397260274}, "cacao, poudres et boissons cacaot\u00e9es": {"poudre cacaot\u00e9e sucr\u00e9e enrichie pour boisson": 12.363636363636363, "poudre cacaot\u00e9e et sucr\u00e9e pour boisson au chocolat": 12.361290322580645, "cacao en poudre non sucr\u00e9 type van houten": 7.5, "boisson instantan\u00e9e cacaot\u00e9e enrichie en vitamines reconstitu\u00e9e": 250.0, "boisson instantan\u00e9e cacaot\u00e9e sucr\u00e9e reconstitu\u00e9e": 274.55882352941177}, "chicor\u00e9e et poudre malt\u00e9e": {"poudre malt\u00e9e et sucr\u00e9e pour boisson": 2.0, "poudre soluble \u00e0 base de chicor\u00e9e et de caf\u00e9 type ricor\u00e9": 2.174107142857143, "chicor\u00e9e en poudre soluble type leroux": 7.947368421052632}}}