{"café": {"sans": {"café soluble décaféiné reconstitué prêt à boire non sucré": 107.77777777777777, "café soluble en poudre": 4.867924528301887, "café au lait ou café crème ou cappuccino non sucré": 220.98360655737704, "café soluble reconstitué prêt à boire non sucré": 202.42424242424244, "café expresso non sucré": 140.5, "café noir prêt à boire non sucré": 208.7117472852912, "café décaféiné prêt à boire non sucré": 207.36363636363637}}}