{"pain et panification s\u00e8che": {"biscottes et panification s\u00e8che": {"autre biscotte": 32.68157894736842, "tartine extrud\u00e9e fourr\u00e9e au chocolat ou aux fruits type craquinette de lu": 40.8, "pain grill\u00e9 au froment type tranches pain grill\u00e9 pelletier lu braisotte jacquet": 32.5, "biscotte compl\u00e8te ou riche en fibres": 19.545454545454547, "biscotte multic\u00e9r\u00e9ales type heudebert aux six c\u00e9r\u00e9ales": 17.245454545454546, "biscotte classique type heudebert lu": 24.155555555555555}, "autres produits de panification": {"chapelure ou panure": 8.0, "cro\u00fbtons": 24.1, "fougasse garnie": 125.0}, "pain": {"pain grill\u00e9 maison": 65.19491525423729, "pain aux c\u00e9r\u00e9ales artisanal": 52.38461538461539, "pain courant fran\u00e7ais boule \u00e0 la levure": 71.77914110429448, "pain sans pr\u00e9cision": 64.39393939393939, "pain de seigle et froment": 51.0, "pain brioch\u00e9 ou viennois": 51.25, "pain complet ou int\u00e9gral artisanal": 53.94736842105263, "pain type poil\u00e2ne": 82.5, "autre pain": 52.44444444444444, "pain de seigle aux raisins": 52.5, "pain baguette": 64.8096699923254, "pain de mie": 65.4, "pain de campagne ou bis": 74.05676855895196}}}