{"huile": {"sans": {"huile d'arachide ajout\u00e9e au service": 10.0, "autre huile v\u00e9g\u00e9tale": 7.5, "huile m\u00e9lang\u00e9e (type isio 4) ajout\u00e9e au service": 10.222222222222221, "huile de soja": 4.5, "huile de palme ajout\u00e9e \u00e0 la cuisson": 12.0, "huile d'olive vierge": 9.75130890052356, "huile de noix": 13.571428571428571, "huile de p\u00e9pins de raisin": 7.333333333333333, "huile d'olive ajout\u00e9e au service": 9.191489361702128, "huile de colza ajout\u00e9e au service": 10.0, "huile d'olive ajout\u00e9e \u00e0 la cuisson": 10.619047619047619, "huile de colza ajout\u00e9e \u00e0 la cuisson": 12.0, "huile d'arachide ajout\u00e9e \u00e0 la cuisson": 8.181818181818182, "huile de p\u00e9pin de raisins ajout\u00e9e \u00e0 la cuisson": 10.363636363636363, "huile m\u00e9lang\u00e9e (type isio 4) ajout\u00e9e \u00e0 la cuisson": 10.0, "huile de colza": 12.106382978723405, "huile v\u00e9g\u00e9tale sans pr\u00e9cision": 10.88, "huile m\u00e9lang\u00e9e \u00e9quilibr\u00e9e type isio 4": 8.444444444444445, "huile de tournesol ajout\u00e9e \u00e0 la cuisson": 9.675, "huile de tournesol ajout\u00e9e au service": 10.0, "huile d'arachide": 9.2, "huile de ma\u00efs": 5.0, "huile de tournesol": 12.704545454545455}}}