{"sucres et d\u00e9riv\u00e9s": {"confiserie": {"bonbons g\u00e9lifi\u00e9s": 43.76470588235294, "confiserie drag\u00e9ifi\u00e9e au chocolat type smarties": 22.8, "p\u00e2te de fruits": 30.0, "p\u00e2te d'amande fabrication industrielle": 30.0, "chewing-gum sucr\u00e9": 4.5, "meringue": 5.0, "bonbons tout type sauf g\u00e9lifi\u00e9s": 14.737789473684211, "chewing-gum sans sucre": 3.423076923076923, "confiserie \u00e0 base de cacahu\u00e8tes drag\u00e9ifi\u00e9es enrob\u00e9es de chocolat type m&ms cacah": 62.5, "nougat ou touron": 10.0}, "confiture et miel": {"miel": 13.404494382022472, "confiture de cerise": 16.666666666666668, "confiture ajout\u00e9e au service": 8.142857142857142, "confiture d'orange": 28.333333333333332, "confiture de fraise": 19.45945945945946, "confiture d'abricot": 17.5, "confiture ou marmelade tout type": 27.412280701754387, "confiture all\u00e9g\u00e9e": 30.333333333333332}, "sucre et assimil\u00e9s": {"sucre roux": 9.804455445544555, "sucre blanc": 7.009702457956015, "sucre blanc ajout\u00e9 au service": 6.673728813559322, "sucre all\u00e9g\u00e9 type tutti free": 2.9399999999999995}}}