{"boissons alcoolisées": {"cidre": {"cidre brut": 210.0, "cidre": 212.35294117647058}, "spiritueux et vins cuits": {"eau-de-vie": 36.666666666666664, "porto": 50.0, "vodka": 237.5, "rhum": 50.0, "apéritif à base de vin ou vermouth type martini": 68.5, "pastis": 45.0, "apéritif à la gentiane": 40.0, "vin doux naturel ou vin muté autre que porto type muscat banyuls ou maury": 115.71428571428571, "gin": 20.0, "liqueurs": 41.666666666666664, "whisky": 65.45454545454545}, "vin": {"vin sans précision": 163.05555555555554, "vin rouge 11°": 178.27586206896552, "vin blanc 11°": 147.9506172839506, "vin rouge 12°": 153.08662420382166, "vin rouge 10°": 142.67857142857142, "vin blanc mousseux": 162.5, "champagne": 159.52380952380952, "vin rosé 11°": 184.0, "vin rouge 13° et plus": 100.0}, "cocktails et mélanges": {"kir": 150.0, "cocktail type punch planteur": 206.36363636363637, "sangria": 118.75, "panaché": 203.63636363636363, "pastis prêt à boire (1+5)": 210.0, "pétillant de fruits": 162.5, "cocktail alcoolisé": 281.25, "kir royal": 100.0}, "bière": {"bière cœur de marché à 4-5° d'alcool type kronenbourg ou 33 export": 437.125, "bière spéciale à 5-6° d'alcool type 1664 pelforth ambrée ou fischer heineken": 285.7142857142857, "bière forte à plus de 8° d'alcool type duvel bavaria 8.6 ou leffe triple": 375.0, "bière de spécialités ou d'abbaye régionales ou de brasserie degré d'alcool varia": 250.0}}}