{"volaille et gibier": {"gibier": {"chevreuil r\u00f4ti": 149.0, "sanglier r\u00f4ti": 140.0, "autre gibier": 240.0, "faisan viande r\u00f4tie": 210.0}, "volailles et lapins": {"blanc de poulet cuit": 102.88541666666667, "poulet cuisse r\u00f4tie viande et peau": 182.93548387096774, "dinde viande r\u00f4tie": 120.54166666666667, "lapin en rago\u00fbt": 147.5, "lapin viande cuite": 142.0, "oie viande r\u00f4tie": 111.66666666666667, "volaille cuite sans pr\u00e9cision": 210.0, "brochette de volaille": 90.71428571428571, "poule bouillie viande et peau": 80.0, "dinde ou autre volaille escalope saut\u00e9e": 99.05, "canard viande r\u00f4tie": 183.1, "canard magret cuit \u00e0 la po\u00eale": 71.44444444444444, "autre volaille cuite": 151.66666666666666, "poulet r\u00f4ti viande et peau": 118.82941176470588}}}