{"beurre": {"sans": {"beurre doux l\u00e9ger 39-41% m.g.": 12.75, "beurre sal\u00e9 sel > 3%": 10.520833333333334, "mati\u00e8re grasse laiti\u00e8re l\u00e9g\u00e8re 25% m.g. \u00e0 tartiner type bridelight": 12.411764705882353, "beurre doux": 10.284960422163588, "beurre all\u00e9g\u00e9 sans pr\u00e9cision": 14.157894736842104, "beurre sal\u00e9 non all\u00e9g\u00e9 ajout\u00e9 \u00e0 la cuisson": 9.496268656716419, "beurre all\u00e9g\u00e9 ajout\u00e9 au service": 8.053191489361701, "beurre all\u00e9g\u00e9 ajout\u00e9 \u00e0 la cuisson": 9.545454545454545, "beurre sal\u00e9 non all\u00e9g\u00e9 ajout\u00e9e au service": 8.158045977011493, "beurre demi-sel sel maxi 3%": 13.103932584269662, "beurre doux non all\u00e9g\u00e9 ajout\u00e9 \u00e0 la cuisson": 8.728070175438596, "beurre doux non all\u00e9g\u00e9 ajout\u00e9e au service": 8.343283582089553}}}