{"pizzas, quiches et p\u00e2tisseries sal\u00e9es": {"quiches et tartes sal\u00e9es": {"tarte au fromage ou quiche au fromage": 82.5, "flamenkueche (tarte sal\u00e9e aux lardons)": 173.33333333333334, "tarte aux poireaux": 176.9090909090909, "cake sal\u00e9 avec garniture (viande poisson volaille fromage l\u00e9gumes \u2026)": 91.66666666666667, "tarte au saumon et \u00e0 l'oseille": 145.0, "tarte proven\u00e7ale \u00e0 la tomate": 119.0, "tarte aux l\u00e9gumes": 104.25, "quiche lorraine": 118.90243902439025}, "pizzas": {"pizza jambon fromage": 168.75, "pizza royale (jambon fromage champignon)": 208.63636363636363, "pizza 4 saisons": 125.0, "autre pizza": 90.0, "pizza au fromage": 270.8333333333333, "pizza 4 fromages": 159.0, "pizza sans pr\u00e9cision": 171.37254901960785, "pizza sp\u00e9ciale": 193.63636363636363}, "feuillet\u00e9s et friands": {"feuillet\u00e9 fourr\u00e9 b\u00e9chamel jambon fromage": 100.0, "feuillet\u00e9 au saumon": 100.0, "croissant au jambon": 116.66666666666667, "friand au fromage artisanal": 110.0, "friand \u00e0 la viande artisanal": 100.0}}}