{"volaille et gibier": {"gibier": {"chevreuil rôti": 149.0, "sanglier rôti": 140.0, "autre gibier": 240.0, "faisan viande rôtie": 210.0}, "volailles et lapins": {"blanc de poulet cuit": 102.88541666666667, "poulet cuisse rôtie viande et peau": 182.93548387096774, "dinde viande rôtie": 120.54166666666667, "lapin en ragoût": 147.5, "lapin viande cuite": 142.0, "oie viande rôtie": 111.66666666666667, "volaille cuite sans précision": 210.0, "brochette de volaille": 90.71428571428571, "poule bouillie viande et peau": 80.0, "dinde ou autre volaille escalope sautée": 99.05, "canard viande rôtie": 183.1, "canard magret cuit à la poêle": 71.44444444444444, "autre volaille cuite": 151.66666666666666, "poulet rôti viande et peau": 118.82941176470588}}}