{"oeufs et d\u00e9riv\u00e9s": {"sans": {"omelette nature cuite au beurre": 148.50851063829788, "oeuf dur": 66.35344827586206, "jaune d'\u0153uf cuit": 30.0, "oeuf au plat sal\u00e9": 101.21212121212122, "omelette aux champignons": 50.0, "oeuf \u00e0 la coque": 78.94736842105263, "oeufs brouill\u00e9s au beurre": 110.0, "omelette au fromage": 100.0, "blanc d'\u0153uf dur": 30.0}}}