{"oeufs et dérivés": {"sans": {"oeuf au plat salé": 101.21212121212122, "jaune d'œuf cuit": 30.0, "omelette nature cuite au beurre": 148.50851063829788, "oeuf dur": 66.35344827586206, "blanc d'œuf dur": 30.0, "omelette aux champignons": 50.0, "oeuf à la coque": 78.94736842105263, "oeufs brouillés au beurre": 110.0, "omelette au fromage": 100.0}}}