{"condiments et sauces": {"condiments d'assaisonnement": {"ail frais": 2.767857142857143, "vinaigre": 7.186016260162601, "cube pour bouillon de b\u0153uf": 27.7, "concentr\u00e9 de tomate": 21.142857142857142, "sauce de soja": 10.0}, "condiments d'accompagnement": {"c\u00e2pres": 11.0, "olive verte en saumure": 30.833333333333332, "olive noire en saumure": 20.0, "moutarde": 7.550806451612903, "cornichon au vinaigre": 27.083333333333332, "tapenade d'olives": 15.333333333333334, "ketchup": 30.849056603773583}, "herbes aromatiques": {"basilic frais": 4.7, "persil frais": 5.9951923076923075, "menthe fra\u00eeche": 7.0, "thym sec": 6.666666666666667, "ciboule ou ciboulette fra\u00eeche": 6.428571428571429, "herbes aromatiques fra\u00eeches": 2.2055555555555553}, "sauces": {"sauce hollandaise": 30.0, "mayonnaise \u00e0 l'huile de tournesol": 11.666666666666666, "sauce au yaourt": 22.5, "vinaigrette ajout\u00e9e au service": 20.0, "sauce tomate sans viande": 33.66279069767442, "sauce sans pr\u00e9cision": 67.5, "sauce \u00e0 la cr\u00e8me aux \u00e9pices": 37.5, "vinaigrette sans pr\u00e9cision": 19.107246376811595, "sauce \u00e0 la cr\u00e8me aux herbes": 50.0, "sauce \u00e0 la cr\u00e8me": 31.304347826086957, "sauce au vin rouge": 24.72222222222222, "mayonnaise ajout\u00e9e au service": 15.0, "sauce aux champignons": 75.0, "sauce au fromage": 22.5, "vinaigrette all\u00e9g\u00e9e ajout\u00e9e au service": 20.0, "sauce aigre-douce": 15.0, "mayonnaise": 15.452898550724637, "sauce b\u00e9arnaise": 46.666666666666664, "sauce au beurre": 29.444444444444443, "mayonnaise all\u00e9g\u00e9e": 9.444444444444445, "vinaigrette all\u00e9g\u00e9e": 22.2, "sauce au curry": 38.125, "sauce tomate \u00e0 la viande ou bolognaise type panzani ou buitoni": 61.25, "sauce moutarde": 16.666666666666668, "sauce au fromage blanc ajout\u00e9e au service": 20.0, "autre sauce": 50.357142857142854, "vinaigrette \u00e0 l'huile d'olive": 17.818181818181817, "sauce b\u00e9chamel en brique": 40.39473684210526}, "sel et \u00e9pices": {"curry en poudre": 1.6944444444444444, "poivre noir moulu": 1.3170731707317074, "gingembre moulu": 26.8, "sel fin ou gros": 2.1746031746031744, "cannelle": 6.0, "\u00e9pices sans pr\u00e9cision": 2.136, "sel de mer": 3.2545454545454544, "coriandre en graines": 2.0}}}