{"viande": {"autre viande": {"cheval viande r\u00f4tie": 130.0, "brochette mixte de viande": 93.33333333333333, "viande cuite sans pr\u00e9cision": 83.07692307692308}, "b\u0153uf en pi\u00e8ces ou hach\u00e9": {"b\u0153uf \u00e0 pot-au-feu cuit": 110.0, "b\u0153uf boulettes cuites": 110.71428571428571, "b\u0153uf faux-filet grill\u00e9": 143.75, "brochette de b\u0153uf": 150.0, "steak hach\u00e9 5% m.g. cuit": 158.0, "steak hach\u00e9 10% m.g. cuit": 100.0, "steak hach\u00e9 15% m.g. cuit": 126.43939393939394, "fondue bourguignonne": 130.0, "boeuf bifteck grill\u00e9": 135.3846153846154, "b\u0153uf \u00e0 bourguignon cuit": 136.0, "b\u0153uf entrec\u00f4te grill\u00e9e": 163.1818181818182, "b\u0153uf rosbif r\u00f4ti": 120.47674418604652, "steak hach\u00e9 5% m.g. cru": 105.0}, "porc": {"porc c\u00f4telette grill\u00e9e": 136.42222222222222, "porc filet r\u00f4ti maigre cuit": 109.11764705882354, "porc travers brais\u00e9": 156.66666666666666, "porc \u00e9chine r\u00f4tie": 144.0, "porc r\u00f4ti cuit": 111.90140845070422}, "agneau": {"agneau \u00e9paule r\u00f4tie": 105.0, "agneau c\u00f4telette grill\u00e9e": 126.47058823529412, "brochette d'agneau": 175.0, "agneau gigot r\u00f4ti": 114.21052631578948}, "veau": {"veau escalope cuite": 104.0, "veau r\u00f4ti": 101.81818181818181, "veau filet r\u00f4ti": 97.5, "veau c\u00f4te cuite": 165.0, "veau mijot\u00e9": 97.5, "veau escalope pan\u00e9e": 105.0}}}