{"fruits secs et graines ol\u00e9agineuses": {"ol\u00e9agineux et graines": {"cacahu\u00e8te ou arachide": 24.8, "pistache r\u00f4tie sal\u00e9e": 24.5, "noix de cajou sal\u00e9e": 28.333333333333332, "cacahu\u00e8te grill\u00e9e sal\u00e9e": 26.153846153846153, "noix": 30.5, "graine de s\u00e9same et autres": 10.0, "pignon de pin": 25.0, "amande": 18.5, "noisette": 100.0}, "fruits secs et ch\u00e2taignes": {"abricot sec": 9.6, "ch\u00e2taigne grill\u00e9e": 112.66666666666667, "datte s\u00e8che": 15.833333333333334, "figue s\u00e8che": 27.285714285714285, "pruneau sec": 38.044444444444444, "ch\u00e2taigne cuite \u00e0 l'eau": 97.6, "m\u00e9lange pour ap\u00e9ritif de fruits exotiques s\u00e9ch\u00e9s": 20.0, "raisin sec": 21.4}, "m\u00e9langes": {"m\u00e9lange pour ap\u00e9ritif de graines sal\u00e9es et raisin sec": 160.0, "fruits secs ou s\u00e9ch\u00e9s et graines ol\u00e9agineuses sans pr\u00e9cision": 34.44444444444444}}}