{"caf\u00e9": {"sans": {"caf\u00e9 soluble d\u00e9caf\u00e9in\u00e9 reconstitu\u00e9 pr\u00eat \u00e0 boire non sucr\u00e9": 107.77777777777777, "caf\u00e9 soluble en poudre": 4.867924528301887, "caf\u00e9 au lait ou caf\u00e9 cr\u00e8me ou cappuccino non sucr\u00e9": 220.98360655737704, "caf\u00e9 soluble reconstitu\u00e9 pr\u00eat \u00e0 boire non sucr\u00e9": 202.42424242424244, "caf\u00e9 expresso non sucr\u00e9": 140.5, "caf\u00e9 noir pr\u00eat \u00e0 boire non sucr\u00e9": 208.7117472852912, "caf\u00e9 d\u00e9caf\u00e9in\u00e9 pr\u00eat \u00e0 boire non sucr\u00e9": 207.36363636363637}}}