{"region_12_partitions_foodgrp_20": {"charcuterie": {"pâtés, terrines, rillettes et foie gras": {"foie gras en conserve": 35.0, "pâté de tête ou fromage de tête": 64.25, "pâté de campagne": 40.6865671641791, "galantine": 33.5, "mousse de foie": 47.38461538461539, "pâté de foie de porc": 40.785714285714285, "rillettes pur porc": 33.825, "pâté de lapin": 42.5, "rillettes": 41.45283018867924, "pâté de foie de volaille": 25.333333333333332, "pâté en croûte": 100.0, "foie gras de canard entier en conserve": 37.5, "terrine de canard": 23.571428571428573}, "autre charcuterie ou charcuterie  sans précision": {"charcuterie sans précision": 100.0, "autre charcuterie": 56.0}, "saucisses, saucissons, andouilles et boudins": {"saucisse de morteau cuite": 100.0, "mortadelle": 12.5, "andouille réchauffée": 19.09090909090909, "chorizo sec": 33.2, "saucisse sèche": 46.111111111111114, "merguez de bœuf et de mouton cuite": 80.0, "saucisse de francfort": 25.0, "boudin noir cuit": 123.21428571428571, "saucisse alsacienne fumée ou gendarme": 150.0, "saucisse cocktail": 54.333333333333336, "rosette ou fuseau": 33.5, "saucisson sec": 37.48076923076923, "chair à saucisse": 80.0, "salami": 23.0, "chipolata cuite": 80.48611111111111, "andouillette réchauffée": 134.0, "boudin blanc cuit": 107.14285714285714, "saucisson à l'ail": 38.27272727272727, "saucisse de toulouse cuite": 94.75, "cervelas": 35.92857142857143, "saucisse sans précision": 93.0, "saucisse de strasbourg": 69.63793103448276}, "jambons et charcuteries en pièces": {"jambon cuit supérieur dd (découenné dégraissé)": 40.0, "jambon cuit": 53.73004694835681, "poitrine de porc fumée": 121.78571428571429, "jambon cuit fumé": 45.0, "lardon nature cuit": 32.353658536585364, "jambon cuit supérieur": 60.526315789473685, "jambon cru fumé": 45.5, "jambon cuit dd (découenné dégraissé)": 53.23529411764706, "jambon sec dd (découenné dégraissé)": 40.625, "jambon cru": 51.285714285714285, "jambonneau cuit": 95.0, "bacon filet cuit": 36.333333333333336}}}}