{"charcuterie": {"p\u00e2t\u00e9s, terrines, rillettes et foie gras": {"foie gras en conserve": 35.0, "p\u00e2t\u00e9 de t\u00eate ou fromage de t\u00eate": 64.25, "p\u00e2t\u00e9 de campagne": 40.6865671641791, "galantine": 33.5, "mousse de foie": 47.38461538461539, "p\u00e2t\u00e9 de foie de porc": 40.785714285714285, "rillettes pur porc": 33.825, "p\u00e2t\u00e9 de lapin": 42.5, "rillettes": 41.45283018867924, "p\u00e2t\u00e9 de foie de volaille": 25.333333333333332, "p\u00e2t\u00e9 en cro\u00fbte": 100.0, "foie gras de canard entier en conserve": 37.5, "terrine de canard": 23.571428571428573}, "autre charcuterie ou charcuterie  sans pr\u00e9cision": {"charcuterie sans pr\u00e9cision": 100.0, "autre charcuterie": 56.0}, "saucisses, saucissons, andouilles et boudins": {"saucisse de morteau cuite": 100.0, "mortadelle": 12.5, "andouille r\u00e9chauff\u00e9e": 19.09090909090909, "chorizo sec": 33.2, "saucisse s\u00e8che": 46.111111111111114, "saucisse de francfort": 25.0, "boudin noir cuit": 123.21428571428571, "saucisse alsacienne fum\u00e9e ou gendarme": 150.0, "saucisse cocktail": 54.333333333333336, "rosette ou fuseau": 33.5, "saucisson sec": 37.48076923076923, "chair \u00e0 saucisse": 80.0, "salami": 23.0, "chipolata cuite": 80.48611111111111, "andouillette r\u00e9chauff\u00e9e": 134.0, "merguez de b\u0153uf et de mouton cuite": 80.0, "boudin blanc cuit": 107.14285714285714, "saucisson \u00e0 l'ail": 38.27272727272727, "saucisse de toulouse cuite": 94.75, "cervelas": 35.92857142857143, "saucisse sans pr\u00e9cision": 93.0, "saucisse de strasbourg": 69.63793103448276}, "jambons et charcuteries en pi\u00e8ces": {"jambon cuit sup\u00e9rieur dd (d\u00e9couenn\u00e9 d\u00e9graiss\u00e9)": 40.0, "jambon cuit": 53.73004694835681, "poitrine de porc fum\u00e9e": 121.78571428571429, "jambon cuit fum\u00e9": 45.0, "lardon nature cuit": 32.353658536585364, "jambon cuit sup\u00e9rieur": 60.526315789473685, "jambon cru fum\u00e9": 45.5, "jambon cuit dd (d\u00e9couenn\u00e9 d\u00e9graiss\u00e9)": 53.23529411764706, "jambon sec dd (d\u00e9couenn\u00e9 d\u00e9graiss\u00e9)": 40.625, "jambon cru": 51.285714285714285, "jambonneau cuit": 95.0, "bacon filet cuit": 36.333333333333336}}}