{"pommes de terre et apparentés": {"sans": {"purée de pomme de terre avec lait et beurre non salée": 151.66666666666666, "pomme de terre rissolée surgelée": 143.04320987654322, "purée de pomme de terre à base de flocons reconstituée au lait demi-écrémé": 148.68421052631578, "pomme de terre dauphine cuite": 114.70588235294117, "gnocchis de pommes de terre": 120.0, "pomme de terre frite surgelée cuite": 70.0, "pomme de terre cuite à la vapeur": 226.7605633802817, "pomme noisette précuite surgelée": 100.92592592592592, "pomme de terre cuite au four": 152.22222222222223, "pomme de terre frite non salée": 82.3529411764706, "pomme de terre cuite à l'eau": 157.61363636363637}}}