{"p\u00e2tisseries et g\u00e2teaux": {"p\u00e2tisseries et tartes": {"tarte ou tartelette aux pommes": 176.85185185185185, "p\u00e2tisserie orientale aux amandes et au sirop": 140.0, "p\u00e2tisserie sans pr\u00e9cision": 80.625, "crumble aux pommes": 172.0, "millefeuille": 43.0, "tarte \u00e0 la cr\u00e8me": 180.0, "tarte ou tartelette aux fruits": 156.3709677419355, "chouquette artisanale": 76.0, "macaron moelleux fourr\u00e9 \u00e0 la confiture ou \u00e0 la cr\u00e8me artisanal": 68.25, "autre p\u00e2tisserie": 180.0, "\u00e9clair": 87.66666666666667}, "g\u00e2teaux": {"g\u00e2teau moelleux fourr\u00e9 au chocolat ou aux p\u00e9pites de chocolat noir ou au lait": 48.55, "pain d'\u00e9pices": 76.66666666666667, "autre g\u00e2teau": 88.08333333333333, "g\u00e2teau au chocolat": 93.09375, "g\u00e2teau moelleux fourr\u00e9 au chocolat multicouches type napolitain lu ou kinder d\u00e9l": 42.0, "muffin": 75.0, "galette des rois feuillet\u00e9e fourr\u00e9e \u00e0 la frangipane": 152.1951219512195, "g\u00e2teau moelleux g\u00e9noise fourr\u00e9e \u00e0 l'orange enrob\u00e9e de chocolat type pim's": 45.0, "cake aux fruits": 68.92307692307692, "g\u00e2teau au fromage blanc": 128.92857142857142, "quatre-quarts fabrication industrielle": 91.92307692307692, "g\u00e2teau breton ou far aux pruneau": 55.0, "g\u00e2teau de savoie": 105.0, "madeleine": 67.40298507462687, "g\u00e2teau \u00e0 la cr\u00e8me": 130.27272727272728, "g\u00e2teau sans pr\u00e9cision": 86.05263157894737, "g\u00e2teau mousse aux fruits sur g\u00e9noise type miroir aux fruits rouges de picard": 105.9090909090909, "brownie au chocolat": 79.58333333333333, "g\u00e2teau moelleux fourr\u00e9 aux fruits type mini roul\u00e9 fraise captain choc": 33.4}, "beignets, cr\u00eapes et gaufres": {"cr\u00eape au froment fourr\u00e9e au chocolat ou ou \u00e0 la p\u00e2te \u00e0 tartiner chocolat et nois": 93.55555555555556, "gaufre bruxelloise ou li\u00e9geoise avec ou sans chocolat pr\u00e9emball\u00e9e": 74.5, "blinis": 140.0, "cr\u00eape au froment sucr\u00e9e non fourr\u00e9e": 176.0, "beignet fourr\u00e9 aux fruits": 50.0, "cr\u00eape au froment nature": 117.6953125, "beignet fourr\u00e9 \u00e0 la confiture": 35.0, "pain perdu": 100.0, "beignet sucr\u00e9 nature": 49.166666666666664, "cr\u00eape ou galette bretonne au bl\u00e9 noir ou sarrasin": 103.97058823529412, "cr\u00eape au froment fourr\u00e9e \u00e0 la confiture": 160.0}}}