{"viennoiserie": {"sans": {"croissant au beurre artisanal": 67.27272727272727, "croissant sans précision": 82.6, "brioche sans précision": 44.91525423728814, "pain aux raisins": 45.0, "pain au chocolat feuilleté artisanal": 59.78611111111111, "brioche industrielle préemballée": 47.3416149068323, "autre viennoiserie": 55.0, "chausson aux pommes": 113.57142857142857, "pain au lait artisanal": 89.32432432432432, "croissant ordinaire artisanal": 62.857142857142854}}}