{"p\u00e2tes": {"p\u00e2tes alimentaires": {"p\u00e2tes alimentaires aux oeufs cuites": 150.0, "p\u00e2tes alimentaires au bl\u00e9 complet cuites": 183.33333333333334, "p\u00e2tes alimentaires cuites": 153.54324324324324}}}