{"volaille et gibier": {"volailles et lapins": {"poule viande bouillie": 80.0, "blanc de poulet cuit": 100.08928571428571, "poulet cuisse rôtie viande et peau": 140.5, "dinde viande rôtie": 95.76923076923077, "lapin en ragoût": 180.0, "lapin viande cuite": 130.0, "pigeon viande rôtie": 125.0, "brochette de volaille": 173.33333333333334, "dinde ou autre volaille escalope sautée": 92.55319148936171, "volaille cuite sans précision": 210.0, "canard viande rôtie": 96.66666666666667, "canard magret cuit à la poêle": 86.85714285714286, "autre volaille cuite": 106.45454545454545, "poulet rôti viande et peau": 116.58309859154929}}}