{"margarine": {"sans": {"margarine au tournesol  70% ou 80% m.g. ajout\u00e9e \u00e0 la cuisson": 9.53125, "margarine \u00e0 l'huile d'olive  60% m.g. ajout\u00e9ee \u00e0 la cuisson": 9.166666666666666, "mati\u00e8re grasse compos\u00e9e all\u00e9g\u00e9e 60% m.g. type le fleurier ou tartine et cuisine": 8.071428571428571, "margarine au tournesol 60% m.g. ajout\u00e9e au service": 9.0, "margarine de cuisine 80% m.g.": 6.25, "mati\u00e8re grasse all\u00e9g\u00e9e 60% m.g.": 8.24074074074074, "margarine proactiv de fruit d'or ajout\u00e9e \u00e0 la cuisson": 9.838709677419354, "margarine type primev\u00e8re 60% m.g. ajout\u00e9e \u00e0 la cuisson": 9.130434782608695, "mati\u00e8re grasse all\u00e9g\u00e9e 55-60% m.g. riche en om\u00e9ga 3 et 6": 6.368421052631579, "margarine ordinaire  60% m.g. ajout\u00e9e \u00e0 la cuisson": 10.0, "margarine all\u00e9g\u00e9e  40% m.g. ajout\u00e9e \u00e0 la cuisson": 10.0, "margarine type primev\u00e8re 60% m.g. ajout\u00e9e au service": 7.333333333333333, "mati\u00e8re grasse l\u00e9g\u00e8re 38-41% m.g. \u00e0 tartiner": 14.166666666666666, "mati\u00e8re grasse l\u00e9g\u00e8re 38-41% m.g. demi-sel tartiner": 6.25, "margarine au tournesol  60% m.g. ajout\u00e9e \u00e0 la cuisson": 10.0, "margarine au tournesol en barquette 80% m.g. type fruit d'or": 8.833333333333334, "margarine proactiv de fruit d'or ajout\u00e9e au service": 6.4, "margarine ordinaire  70% ou 80% m.g. ajout\u00e9e \u00e0 la cuisson": 10.0}}}