{"huile": {"sans": {"huile de tournesol ajout\u00e9e \u00e0 la cuisson": 9.452054794520548, "huile v\u00e9g\u00e9tale sans pr\u00e9cision": 14.621212121212121, "huile de colza": 7.74, "autre huile v\u00e9g\u00e9tale": 40.0, "huile d'arachide": 7.2, "huile de p\u00e9pins de raisin": 10.428571428571429, "huile d'arachide ajout\u00e9e \u00e0 la cuisson": 12.0, "huile m\u00e9lang\u00e9e (type isio 4) ajout\u00e9e au service": 10.0, "huile de p\u00e9pin de raisins ajout\u00e9e \u00e0 la cuisson": 9.272727272727273, "huile m\u00e9lang\u00e9e \u00e9quilibr\u00e9e type isio 4": 7.166666666666667, "huile de colza ajout\u00e9e au service": 10.0, "huile d'olive ajout\u00e9e au service": 9.833333333333334, "huile de tournesol ajout\u00e9e au service": 8.444444444444445, "huile de colza ajout\u00e9e \u00e0 la cuisson": 6.0, "huile m\u00e9lang\u00e9e (type isio 4) ajout\u00e9e \u00e0 la cuisson": 9.857142857142858, "huile de p\u00e9pin de raisins ajout\u00e9e au service": 10.0, "huile d'arachide ajout\u00e9e au service": 6.0, "huile d'olive ajout\u00e9e \u00e0 la cuisson": 11.165562913907285, "huile d'olive vierge": 10.209375, "huile de noix": 10.0, "huile de tournesol": 9.057692307692308}}}