{"fruits": {"sans": {"fruit sans précision": 173.33333333333334, "ananas frais": 106.875, "litchi frais": 15.0, "cerise fraîche": 109.16666666666667, "framboise fraîche": 118.75, "pamplemousse frais": 167.85714285714286, "raisin noir frais": 172.1904761904762, "salade de fruits frais": 141.66666666666666, "pastèque fraîche": 376.6666666666667, "abricot frais": 165.02083333333334, "banane fraîche": 181.10795454545453, "kiwi frais": 125.01851851851852, "figue fraîche": 50.0, "mangue fraîche": 200.0, "raisin blanc frais": 140.375, "fraise fraîche": 136.8421052631579, "nectarine non pelée fraîche": 137.5, "melon frais": 202.45454545454547, "orange fraîche": 174.45454545454547, "poire non pelée fraîche": 156.3671875, "citron frais": 23.333333333333332, "prune reine-claude fraîche": 128.8235294117647, "clémentine ou mandarine fraîche": 127.89473684210526, "pomme non pelée fraîche": 191.48692810457516, "pêche non pelée fraîche": 109.46969696969697, "pêche pelée fraîche": 75.0}}}