{"region_4_partitions_foodgrp_31": {"eaux": {"eau minérale plate": {"vittel eau plate": 317.5, "courmayeur eau plate": 257.6923076923077, "saint amand vauban eau plate": 155.0, "évian eau plate": 414.8333333333333, "hépar eau plate": 394.81481481481484, "contrex eau plate": 332.7027027027027, "thonon eau plate": 560.0, "volvic eau plate": 311.5068493150685, "amanda eau plate": 460.0, "chambon eau plate": 280.0}, "eau du robinet": {"eau du robinet": 307.4197860962567}, "eau minérale gazeuse": {"san pellegrino eau gazeuse": 1000.0, "eau gazeuse sans précision": 725.0, "perrier eau gazeuse": 297.5, "quézac eau gazeuse": 200.0, "badoit eau gazeuse": 271.53846153846155, "vichy célestins eau gazeuse": 300.0, "sainte marguerite eau gazeuse": 212.5}, "eau de source": {"eau de source": 302.4862068965517}, "autre eau": {"eau minérale sans précision": 379.64285714285717, "eau minérale ou non faiblement minéralisée": 240.07142857142858}}}}