{"pain et panification s\u00e8che": {"biscottes et panification s\u00e8che": {"autre biscotte": 35.0, "tartine extrud\u00e9e fourr\u00e9e au chocolat ou aux fruits type craquinette de lu": 37.333333333333336, "pain grill\u00e9 au froment type tranches pain grill\u00e9 pelletier lu braisotte jacquet": 21.25, "biscotte compl\u00e8te ou riche en fibres": 5.0, "biscotte multic\u00e9r\u00e9ales type heudebert aux six c\u00e9r\u00e9ales": 27.0, "biscotte sans adjonction de sel": 24.0, "biscotte classique type heudebert lu": 29.761904761904763}, "autres produits de panification": {"chapelure ou panure": 11.2, "cro\u00fbtons": 45.0, "fougasse garnie": 187.5}, "pain": {"pain grill\u00e9 maison": 54.53846153846154, "pain aux c\u00e9r\u00e9ales artisanal": 61.69642857142857, "pain courant fran\u00e7ais boule \u00e0 la levure": 70.65714285714286, "pain de seigle et froment": 29.4, "pain brioch\u00e9 ou viennois": 41.81818181818182, "pain complet ou int\u00e9gral artisanal": 48.064516129032256, "pain type poil\u00e2ne": 64.0, "autre pain": 48.81578947368421, "pain de mie": 90.66666666666667, "pain baguette": 60.34213836477988, "pain de campagne ou bis": 67.46987951807229}}}