{"condiments et sauces": {"condiments d'assaisonnement": {"ail frais": 3.575, "vinaigre": 7.161061946902655, "cube pour bouillon de b\u0153uf": 34.333333333333336, "concentr\u00e9 de tomate": 23.291666666666668}, "condiments d'accompagnement": {"c\u00e2pres": 8.0, "olive verte en saumure": 33.5, "olive noire en saumure": 3.0, "moutarde": 10.37037037037037, "cornichon au vinaigre": 34.18181818181818, "ketchup": 37.391304347826086}, "herbes aromatiques": {"basilic frais": 1.6, "persil frais": 7.716216216216216, "menthe fra\u00eeche": 4.15, "thym sec": 4.0, "ciboule ou ciboulette fra\u00eeche": 7.25, "herbes aromatiques fra\u00eeches": 1.1428571428571428}, "sauces": {"mayonnaise \u00e0 l'huile de tournesol": 5.0, "sauce au yaourt": 22.5, "vinaigrette ajout\u00e9e au service": 20.0, "sauce tomate sans viande": 35.9375, "sauce pesto": 14.0, "vinaigrette sans pr\u00e9cision": 18.042105263157893, "sauce \u00e0 la cr\u00e8me aux herbes": 22.5, "sauce \u00e0 la cr\u00e8me": 23.125, "sauce au vin rouge": 30.0, "sauce barbecue": 7.5, "mayonnaise ajout\u00e9e au service": 15.0, "sauce aux champignons": 50.0, "sauce au fromage": 97.5, "vinaigrette all\u00e9g\u00e9e ajout\u00e9e au service": 20.0, "mayonnaise": 12.884615384615385, "sauce b\u00e9arnaise": 15.0, "sauce au beurre": 17.5, "vinaigrette all\u00e9g\u00e9e": 17.37037037037037, "sauce au curry": 10.0, "sauce tomate \u00e0 la viande ou bolognaise type panzani ou buitoni": 56.666666666666664, "sauce \u00e0 la cr\u00e8me aux \u00e9pices": 17.0, "autre sauce": 30.0, "vinaigrette \u00e0 l'huile d'olive": 18.375, "sauce b\u00e9chamel en brique": 29.0625}, "sel et \u00e9pices": {"sel de mer": 6.0, "sel fin ou gros": 2.0466666666666664, "poivre noir moulu": 1.0166666666666666, "\u00e9pices sans pr\u00e9cision": 1.746875}}}