{"eaux": {"eau min\u00e9rale plate": {"vittel eau plate": 317.5, "courmayeur eau plate": 257.6923076923077, "saint amand vauban eau plate": 155.0, "\u00e9vian eau plate": 414.8333333333333, "h\u00e9par eau plate": 394.81481481481484, "contrex eau plate": 332.7027027027027, "thonon eau plate": 560.0, "volvic eau plate": 311.5068493150685, "amanda eau plate": 460.0, "chambon eau plate": 280.0}, "eau du robinet": {"eau du robinet": 307.4197860962567}, "eau min\u00e9rale gazeuse": {"san pellegrino eau gazeuse": 1000.0, "eau gazeuse sans pr\u00e9cision": 725.0, "perrier eau gazeuse": 297.5, "qu\u00e9zac eau gazeuse": 200.0, "badoit eau gazeuse": 271.53846153846155, "vichy c\u00e9lestins eau gazeuse": 300.0, "sainte marguerite eau gazeuse": 212.5}, "eau de source": {"eau de source": 302.4862068965517}, "autre eau": {"eau min\u00e9rale sans pr\u00e9cision": 379.64285714285717, "eau min\u00e9rale ou non faiblement min\u00e9ralis\u00e9e": 240.07142857142858}}}