{"aliments destin\u00e9s \u00e0 une alimentation particuli\u00e8re": {"sans": {"barre c\u00e9r\u00e9ali\u00e8re di\u00e9t\u00e9tique hypocalorique type gerlin\u00e9a nesvital nutrition & san": 120.0, "\u00e9dulcorant \u00e0 l'aspartame": 0.7411111111111112, "petit d\u00e9jeuner pour b\u00e9b\u00e9 \u00e0 base de lait + c\u00e9r\u00e9ales ou farine type bl\u00e9di dej": 134.76923076923077, "substitut de repas hypocalorique \u00e0 boire poudre reconstitu\u00e9e avec lait \u00e9cr\u00e9m\u00e9 to": 222.5, "\u00e9dulcorant ajout\u00e9 au service": 0.09100000000000001, "levure alimentaire": 5.0}}}