{"lait": {"lait aromatis\u00e9": {"lait demi-\u00e9cr\u00e9m\u00e9 aromatis\u00e9 \u00e0 la fraise": 200.0, "lait demi-\u00e9cr\u00e9m\u00e9 aromatis\u00e9 au chocolat": 250.0}, "lait concentr\u00e9 ou en poudre": {"lait entier concentr\u00e9 non sucr\u00e9": 40.0, "lait entier concentr\u00e9 sucr\u00e9": 35.0}, "lait en bouteille ou en brique": {"lait demi-\u00e9cr\u00e9m\u00e9 pasteuris\u00e9": 350.0, "lait demi-\u00e9cr\u00e9m\u00e9 uht \u00e0 teneur garantie en vitamines": 300.0, "lait \u00e9cr\u00e9m\u00e9 uht": 205.16666666666666, "lait entier uht": 191.94444444444446, "lait de croissance infantile": 268.75, "lait demi-\u00e9cr\u00e9m\u00e9 uht": 194.30709534368071, "lait \u00e9cr\u00e9m\u00e9 uht \u00e0 teneur garantie en vitamines": 175.25}, "autre lait": {"autre lait": 250.83333333333334}}}