{"viande": {"autre viande": {"autre viande": 127.5, "cheval viande r\u00f4tie": 165.0, "brochette mixte de viande": 70.0, "viande cuite sans pr\u00e9cision": 117.91666666666667}, "b\u0153uf en pi\u00e8ces ou hach\u00e9": {"steak hach\u00e9 20% m.g. cuit": 100.0, "b\u0153uf boulettes cuites": 85.71428571428571, "b\u0153uf faux-filet grill\u00e9": 175.0, "brochette de b\u0153uf": 270.0, "steak hach\u00e9 5% m.g. cuit": 111.66666666666667, "steak hach\u00e9 15% m.g. cuit": 119.16847826086956, "fondue bourguignonne": 200.0, "boeuf bifteck grill\u00e9": 128.08510638297872, "b\u0153uf \u00e0 bourguignon cuit": 98.33333333333333, "b\u0153uf entrec\u00f4te grill\u00e9e": 188.0, "b\u0153uf rosbif r\u00f4ti": 117.27272727272727}, "porc": {"porc c\u00f4telette grill\u00e9e": 137.8918918918919, "porc filet r\u00f4ti maigre cuit": 109.16666666666667, "porc \u00e9chine r\u00f4tie": 223.33333333333334, "porc r\u00f4ti cuit": 101.61290322580645}, "agneau": {"agneau \u00e9paule r\u00f4tie": 130.0, "agneau c\u00f4telette grill\u00e9e": 112.66666666666667, "agneau gigot r\u00f4ti": 158.21428571428572}, "veau": {"veau c\u00f4te cuite": 180.0, "veau r\u00f4ti": 127.0, "veau mijot\u00e9": 145.0, "veau escalope cuite": 86.66666666666667, "veau escalope pan\u00e9e": 100.0}}}