{"ultra-frais laitier": {"cr\u00e8me fra\u00eeche": {"sp\u00e9cialit\u00e9 \u00e0 base de cr\u00e8me l\u00e9g\u00e8re 8% m.g. type cr\u00e8me fluide ou \u00e9paisse": 30.0, "cr\u00e8me fra\u00eeche ou cr\u00e8me de lait sans pr\u00e9cision": 18.952380952380953, "cr\u00e8me fra\u00eeche all\u00e9g\u00e9e ajout\u00e9e \u00e0 la cuisson": 15.0, "cr\u00e8me fra\u00eeche non all\u00e9g\u00e9e ajout\u00e9e \u00e0 la cuisson": 20.0, "cr\u00e8me fra\u00eeche ou cr\u00e8me de lait \u00e9paisse au moins 30% m.g. rayon frais": 42.916666666666664, "cr\u00e8me fra\u00eeche non all\u00e9g\u00e9e ajout\u00e9e au service": 16.704545454545453, "cr\u00e8me fra\u00eeche all\u00e9g\u00e9e ajout\u00e9e au service": 16.428571428571427, "cr\u00e8me chantilly sucr\u00e9e sous pression uht": 31.666666666666668, "cr\u00e8me fra\u00eeche ou cr\u00e8me de lait fluide all\u00e9g\u00e9e 15 \u00e0 20% m.g. uht": 15.652173913043478, "cr\u00e8me fra\u00eeche ou cr\u00e8me de lait fluide au moins 30% m.g. rayon frais": 11.5}, "yaourts et assimil\u00e9s": {"yaourt brass\u00e9 nature au lait entier type danone velout\u00e9 nature": 136.36363636363637, "yaourt bulgare ou velout\u00e9 \u00e0 la pulpe de fruits au lait entier": 132.35294117647058, "sp\u00e9cialit\u00e9 laiti\u00e8re type yaourt au lait entier au bifidus et aux fruits sucr\u00e9e": 125.0, "sp\u00e9cialit\u00e9 laiti\u00e8re type yaourt 0% aux fruits aux \u00e9dulcorants type panier de yop": 125.0, "yaourt aux fruits au lait entier sucr\u00e9 type danone recette cr\u00e9meuse aux fruits o": 146.05263157894737, "yaourt ou sp\u00e9cialit\u00e9 laiti\u00e8re nature": 128.125, "yaourt nature au lait entier": 125.0, "sp\u00e9cialit\u00e9 laiti\u00e8re type yaourt 0% aux fruits sucr\u00e9e type sveltesse aux fruits p": 133.92857142857142, "yaourt nature au lait entier sucr\u00e9": 137.5, "sp\u00e9cialit\u00e9 laiti\u00e8re aux fruits \u00e0 base de fromage blanc enrichie en cr\u00e8me type ge": 100.0, "lait ferment\u00e9 \u00e0 boire maigre nature type lait ribot ou lact\u00e9or l'ben": 100.0, "yaourt aromatis\u00e9 au lait entier sucr\u00e9": 111.47058823529412, "lait ferment\u00e9 au bifidus nature au lait entier type danone activa": 189.47368421052633, "yaourt ou sp\u00e9cialit\u00e9 laiti\u00e8re aux fruits sans pr\u00e9cision": 138.92857142857142, "yaourt \u00e0 boire aromatis\u00e9 au lait demi-\u00e9cr\u00e9m\u00e9 sucr\u00e9 type yopi": 145.5, "yaourt ou sp\u00e9cialit\u00e9 laiti\u00e8re sans pr\u00e9cision": 139.1891891891892, "yaourt aux fruits au lait demi-\u00e9cr\u00e9m\u00e9 sucr\u00e9 type panier de yoplait": 125.0, "yaourt aux c\u00e9r\u00e9ales ou au muesli au lait entier": 125.0, "sp\u00e9cialit\u00e9 laiti\u00e8re nature \u00e0 base de fromage blanc enrichie en cr\u00e8me type fjord": 107.14285714285714, "yaourt nature 0% m.g. type taillefine nature 0% danone yoplait silhouette": 125.0, "yaourt nature au lait demi-\u00e9cr\u00e9m\u00e9": 125.0, "lait ferment\u00e9 \u00e0 boire au lait demi-\u00e9cr\u00e9m\u00e9 nature type actimel": 93.42105263157895, "yaourt nature au lait demi-\u00e9cr\u00e9m\u00e9 sucr\u00e9": 133.71212121212122, "yaourt aromatis\u00e9 au lait demi-\u00e9cr\u00e9m\u00e9 sucr\u00e9": 131.75}, "fromage blanc et petits suisses": {"petit-suisse nature 20% m.g. type gervais petit vitalit\u00e9": 150.0, "fromage blanc sans pr\u00e9cision": 125.0, "petit suisse aux fruits au lait demi-\u00e9cr\u00e9m\u00e9 type petits filous": 127.83333333333333, "fromage blanc type petit suisse 20% mg/ms, aromatis\u00e9 vanille ou chocolat": 100.0, "fromage blanc battu nature 40% m.g. type danone jockey 40% ou yoplait calin 40%": 100.0, "fromage blanc battu aux fruits 0% m.g. aux \u00e9dulcorants type yoplait c\u00e2lin 0% sur": 100.0, "petit-suisse nature 40% m.g.": 145.0, "fromage blanc battu 20% m.g. nature": 108.82352941176471, "fromage blanc de campagne nature 40% m.g. type senoble fromage frais 43% campagn": 90.0, "fromage blanc sucr\u00e9 aromatis\u00e9 ou aux fruits sans pr\u00e9cision": 200.0, "fromage blanc de campagne nature 0% m.g.": 100.0, "fromage blanc battu nature 30% m.g.": 100.0, "autre fromage blanc": 100.0, "fromage blanc battu nature 0% m.g.": 121.42857142857143}}}