{"autres boissons chaudes": {"th\u00e9 et infusions": {"tisane infus\u00e9e non sucr\u00e9e": 248.93617021276594, "th\u00e9 infus\u00e9 non sucr\u00e9": 293.77252252252254}, "cacao, poudres et boissons cacaot\u00e9es": {"poudre cacaot\u00e9e sucr\u00e9e enrichie pour boisson": 16.571428571428573, "poudre cacaot\u00e9e et sucr\u00e9e pour boisson au chocolat": 13.007874015748031, "boisson instantan\u00e9e cacaot\u00e9e sucr\u00e9e reconstitu\u00e9e": 255.26315789473685}, "chicor\u00e9e et poudre malt\u00e9e": {"poudre soluble \u00e0 base de chicor\u00e9e et de caf\u00e9 type ricor\u00e9": 2.3333333333333335, "chicor\u00e9e en poudre soluble type leroux": 4.0}}}