{"beurre": {"sans": {"beurre doux l\u00e9ger 39-41% m.g.": 6.304347826086956, "beurre sal\u00e9 sel > 3%": 10.333333333333334, "beurre l\u00e9ger 39-41% m.g. demi-sel": 20.625, "mati\u00e8re grasse laiti\u00e8re l\u00e9g\u00e8re 25% m.g. \u00e0 tartiner type bridelight": 6.870967741935484, "beurre doux": 11.29646017699115, "beurre all\u00e9g\u00e9 sans pr\u00e9cision": 8.333333333333334, "beurre sal\u00e9 non all\u00e9g\u00e9 ajout\u00e9 \u00e0 la cuisson": 9.0625, "beurre all\u00e9g\u00e9 ajout\u00e9 au service": 7.829787234042553, "beurre all\u00e9g\u00e9 ajout\u00e9 \u00e0 la cuisson": 9.473684210526315, "beurre sal\u00e9 non all\u00e9g\u00e9 ajout\u00e9e au service": 8.733333333333333, "beurre demi-sel sel maxi 3%": 13.833333333333334, "beurre doux non all\u00e9g\u00e9 ajout\u00e9 \u00e0 la cuisson": 8.577777777777778, "beurre doux non all\u00e9g\u00e9 ajout\u00e9e au service": 8.64}}}