{"boissons alcoolis\u00e9es": {"cidre": {"cidre brut": 227.14285714285714, "cidre": 306.0, "cidre traditionnel": 450.0, "cidre doux": 225.0}, "spiritueux et vins cuits": {"eau-de-vie": 40.0, "cognac armagnac": 40.0, "rhum": 30.0, "porto": 76.64285714285714, "ap\u00e9ritif \u00e0 base de vin ou vermouth type martini": 80.71428571428571, "ap\u00e9ritif \u00e0 la gentiane": 56.5, "vin doux naturel ou vin mut\u00e9 autre que porto type muscat banyuls ou maury": 26.428571428571427, "gin": 27.5, "liqueurs": 100.0, "whisky": 74.54545454545455}, "vin": {"vin sans pr\u00e9cision": 138.84615384615384, "vin rouge 11\u00b0": 143.33333333333334, "vin blanc 11\u00b0": 166.26315789473685, "vin rouge 12\u00b0": 211.86046511627907, "vin rouge 10\u00b0": 264.2857142857143, "vin blanc mousseux": 450.0, "champagne": 118.18181818181819, "vin ros\u00e9 11\u00b0": 238.46153846153845}, "cocktails et m\u00e9langes": {"kir": 114.28571428571429, "cocktail type punch planteur": 120.0, "sangria": 300.0, "pastis pr\u00eat \u00e0 boire (1+5)": 192.48, "cocktail alcoolis\u00e9": 500.0, "kir royal": 100.0}, "bi\u00e8re": {"bi\u00e8re de sp\u00e9cialit\u00e9s ou d'abbaye r\u00e9gionales ou de brasserie degr\u00e9 d'alcool varia": 250.0, "bi\u00e8re sp\u00e9ciale \u00e0 5-6\u00b0 d'alcool type 1664 pelforth ambr\u00e9e ou fischer heineken": 300.0, "bi\u00e8re c\u0153ur de march\u00e9 \u00e0 4-5\u00b0 d'alcool type kronenbourg ou 33 export": 355.55555555555554}}}