{"pommes de terre et apparent\u00e9s": {"sans": {"pur\u00e9e de pomme de terre avec lait et beurre non sal\u00e9e": 176.15384615384616, "pomme de terre rissol\u00e9e surgel\u00e9e": 138.80597014925374, "pur\u00e9e de pomme de terre \u00e0 base de flocons reconstitu\u00e9e au lait demi-\u00e9cr\u00e9m\u00e9": 189.1304347826087, "pomme de terre dauphine cuite": 112.0, "gnocchis de pommes de terre": 200.0, "pomme de terre frite surgel\u00e9e cuite": 80.68181818181819, "pomme de terre cuite \u00e0 la vapeur": 201.75, "pomme noisette pr\u00e9cuite surgel\u00e9e": 82.14285714285714, "pomme de terre cuite au four": 170.0, "pomme de terre frite non sal\u00e9e": 72.76119402985074, "pomme de terre cuite \u00e0 l'eau": 190.3943661971831}}}