{"caf\u00e9": {"sans": {"caf\u00e9 soluble d\u00e9caf\u00e9in\u00e9 reconstitu\u00e9 pr\u00eat \u00e0 boire non sucr\u00e9": 250.0, "caf\u00e9 soluble en poudre": 1.4285714285714286, "caf\u00e9 au lait ou caf\u00e9 cr\u00e8me ou cappuccino non sucr\u00e9": 270.3205128205128, "caf\u00e9 soluble reconstitu\u00e9 pr\u00eat \u00e0 boire non sucr\u00e9": 168.46153846153845, "caf\u00e9 expresso non sucr\u00e9": 129.83870967741936, "caf\u00e9 noir pr\u00eat \u00e0 boire non sucr\u00e9": 238.27319587628867, "caf\u00e9 d\u00e9caf\u00e9in\u00e9 pr\u00eat \u00e0 boire non sucr\u00e9": 159.46428571428572}}}