{"charcuterie": {"pâtés, terrines, rillettes et foie gras": {"foie gras en conserve": 39.0, "pâté de tête ou fromage de tête": 62.5, "pâté de campagne": 37.275862068965516, "galantine": 37.5, "mousse de foie": 75.0, "pâté de foie de porc": 47.23076923076923, "rillettes pur porc": 37.666666666666664, "pâté de lapin": 44.0, "rillettes": 38.5, "pâté en croûte": 75.0, "terrine de canard": 25.0}, "autre charcuterie ou charcuterie  sans précision": {"charcuterie sans précision": 25.0, "autre charcuterie": 50.57142857142857}, "saucisses, saucissons, andouilles et boudins": {"saucisse de morteau cuite": 75.0, "mortadelle": 25.0, "andouille réchauffée": 56.5, "chorizo sec": 29.333333333333332, "saucisse sèche": 41.888888888888886, "merguez de bœuf et de mouton cuite": 106.66666666666667, "saucisse de francfort": 87.5, "boudin noir cuit": 129.28571428571428, "saucisse alsacienne fumée ou gendarme": 125.33333333333333, "saucisse cocktail": 37.5, "rosette ou fuseau": 25.5, "saucisson sec": 38.9, "chair à saucisse": 80.0, "salami": 38.25, "chipolata cuite": 70.83333333333333, "andouillette réchauffée": 129.16666666666666, "boudin blanc cuit": 115.38461538461539, "saucisson à l'ail": 42.53846153846154, "saucisse de toulouse cuite": 150.0, "cervelas": 30.0, "saucisse sans précision": 81.73684210526316, "saucisse de strasbourg": 77.93548387096774}, "jambons et charcuteries en pièces": {"jambon cuit supérieur dd (découenné dégraissé)": 40.0, "jambon cuit": 53.931372549019606, "poitrine de porc fumée": 107.5, "lardon nature cuit": 25.97222222222222, "jambon cuit supérieur": 30.0, "jambon cru fumé": 56.666666666666664, "jambon cuit dd (découenné dégraissé)": 46.0, "jambon sec dd (découenné dégraissé)": 46.42857142857143, "jambon cru": 70.0, "jambonneau cuit": 75.0, "bacon filet cuit": 46.666666666666664}}}