{"p\u00e2tes": {"p\u00e2tes alimentaires": {"p\u00e2tes alimentaires aux oeufs cuites": 167.85714285714286, "p\u00e2tes alimentaires cuites": 157.03917050691246}, "p\u00e2tes pour p\u00e2tisserie pr\u00eates \u00e0 l'emploi": {"p\u00e2te feuillet\u00e9e cuite": 25.0}}}