{"fruits secs et graines ol\u00e9agineuses": {"ol\u00e9agineux et graines": {"cacahu\u00e8te ou arachide": 22.5, "pistache r\u00f4tie sal\u00e9e": 26.666666666666668, "noix de cajou sal\u00e9e": 22.666666666666668, "cacahu\u00e8te grill\u00e9e sal\u00e9e": 23.333333333333332, "noix": 55.333333333333336, "amande": 8.666666666666666}, "fruits secs et ch\u00e2taignes": {"abricot sec": 16.0, "ch\u00e2taigne cuite \u00e0 l'eau": 75.0, "datte s\u00e8che": 14.0, "pruneau sec": 31.375, "figue s\u00e8che": 30.0}, "m\u00e9langes": {"fruits secs ou s\u00e9ch\u00e9s et graines ol\u00e9agineuses sans pr\u00e9cision": 50.0}}}