{"fromages": {"fromages affin\u00e9s": {"fromage et mini fromage type bonbel-babybel": 35.0, "bleu et mini bleu de bresse fromage \u00e0 p\u00e2te persill\u00e9e 45% m.g.": 20.0, "comt\u00e9 fromage \u00e0 p\u00e2te press\u00e9e cuite 45% m.g.": 40.0, "emmental all\u00e9g\u00e9": 30.0, "reblochon fromage \u00e0 p\u00e2te press\u00e9e non cuite 45% m.g.": 33.75, "brie fromage \u00e0 p\u00e2te molle \u00e0 cro\u00fbte fleurie 45% m.g.": 32.64705882352941, "morbier fromage \u00e0 p\u00e2te press\u00e9e non cuite 45% m.g.": 30.0, "fourme d'ambert fromage \u00e0 p\u00e2te persill\u00e9e 50% m.g.": 40.0, "port salut fromage \u00e0 p\u00e2te press\u00e9e non cuite \u00e0 cro\u00fbte lav\u00e9e 50% m.g.": 50.0, "fromage de ch\u00e8vre affin\u00e9 au lait pasteuris\u00e9 ou cru": 41.81818181818182, "coulommiers fromage \u00e0 p\u00e2te molle \u00e0 cro\u00fbte fleurie 40-45% m.g.": 40.0, "caprice des dieux fromage \u00e0 p\u00e2te molle 60% m.g.": 37.72727272727273, "tomme de montagne ou tomme de savoie": 20.0, "livarot fromage \u00e0 p\u00e2te molle \u00e0 cro\u00fbte lav\u00e9e 40% m.g.": 15.0, "parmesan fromage \u00e0 p\u00e2te press\u00e9e cuite 45% m.g.": 11.2, "fromage \u00e0 cuire pan\u00e9 au jambon type menu fromage": 100.0, "fromage de ch\u00e8vre mi-sec": 29.736842105263158, "emmental fromage \u00e0 p\u00e2te press\u00e9e cuite 45% m.g.": 30.75, "tome ou tomme fromage \u00e0 p\u00e2te press\u00e9e non cuite 45% m.g.": 36.25, "leerdammer fromage \u00e0 p\u00e2te press\u00e9e demi-cuite \u00e0 trous 45% m.g.": 30.0, "saint-nectaire fromage \u00e0 p\u00e2te press\u00e9e non cuite 45% m.g.": 33.0, "camembert et apparent\u00e9s 50% m.g.": 30.0, "raclette fromage \u00e0 p\u00e2te press\u00e9e non cuite 45% m.g.": 90.0, "mimolette fromage \u00e0 p\u00e2te press\u00e9e non cuite 45% m.g.": 22.857142857142858, "fromage sans pr\u00e9cision": 37.42424242424242, "gruy\u00e8re fromage \u00e0 p\u00e2te press\u00e9e cuite 45% m.g.": 26.78205128205128, "roquefort fromage de brebis \u00e0 p\u00e2te persill\u00e9e 52% m.g.": 29.736842105263158, "fromage \u00e0 p\u00e2te molle \u00e0 cro\u00fbte fleurie genre camembert all\u00e9g\u00e9 20-30% m.g.": 38.57142857142857, "camembert sans pr\u00e9cision": 38.18518518518518, "saint albray fromage \u00e0 p\u00e2te molle 50% m.g.": 60.0, "rouy fromage \u00e0 p\u00e2te molle \u00e0 cro\u00fbte lav\u00e9e 40% m.g.": 30.0, "neufch\u00e2tel fromage \u00e0 p\u00e2te molle \u00e0 cro\u00fbte fleurie 45% m.g.": 29.375, "autre fromage \u00e0 p\u00e2te molle \u00e0 cro\u00fbte lav\u00e9e": 22.5, "fromage \u00e0 p\u00e2te press\u00e9e non cuite 40-50% m.g.": 30.833333333333332, "fromage de ch\u00e8vre sec": 40.0, "autre fromage \u00e0 p\u00e2te press\u00e9e cuite": 26.666666666666668, "gorgonzola fromage \u00e0 p\u00e2te molle persill\u00e9e 45% m.g.": 35.0, "maroilles fromage \u00e0 p\u00e2te molle \u00e0 cro\u00fbte lav\u00e9e 45% m.g.": 30.0, "fromage de ch\u00e8vre p\u00e2te molle": 40.0, "pav\u00e9 d'affinois fromage \u00e0 p\u00e2te molle 45% m.g.": 27.5, "fol \u00e9pi fromage \u00e0 p\u00e2te press\u00e9e cuite \u00e0 trous 50% m.g.": 30.0, "\u00e9dam fromage \u00e0 p\u00e2te press\u00e9e non cuite 40-45% m.g.": 40.0, "fromage des pyr\u00e9n\u00e9es au lait de brebis": 20.0, "fromage \u00e0 p\u00e2te press\u00e9e non cuite all\u00e9g\u00e9 20-30% m.g.": 36.666666666666664, "boursault fromage \u00e0 p\u00e2te molle double cr\u00e8me": 37.5, "bleu au lait de vache fromage \u00e0 p\u00e2te persill\u00e9e sans pr\u00e9cision": 20.0, "crottin fromage de ch\u00e8vre": 36.0, "pont l'\u00e9v\u00eaque fromage \u00e0 p\u00e2te molle \u00e0 cro\u00fbte lav\u00e9e 45% m.g.": 45.0, "camembert fromage \u00e0 p\u00e2te molle \u00e0 cro\u00fbte fleurie 45% m.g.": 34.25}, "autres fromages ou fromage sans pr\u00e9cision": {"autre fromage": 27.5}, "fromages fondus": {"p'tit louis fromage fondu 65% m.g.": 36.0, "fromage de ch\u00e8vre fondu \u00e0 tartiner nature type cabrette ou chavroux": 25.0, "vache qui rit fromage fondu 50% m.g.": 21.785714285714285, "fromage fondu en portions ou en cubes 45-50% m.g.": 33.142857142857146, "ap\u00e9ricube fromage fondu 50% m.g.": 21.666666666666668, "saint-moret all\u00e9g\u00e9 fromage fondu demi-sel 20% m.g.": 17.0, "fromage fondu 25% m.g. type sylphide ou vache qui rit \u00e9quilibre et ligne": 17.35, "kiri cr\u00e8me fromage fondu double cr\u00e8me 70% m.g.": 20.0}, "fromages frais non affin\u00e9s": {"f\u00e9ta de brebis": 27.22222222222222, "boursin fromage frais sal\u00e9 aromatis\u00e9 70% m.g.": 23.875, "fromage de ch\u00e8vre frais": 40.0, "tartare fromage frais aromatis\u00e9 sal\u00e9 70% m.g.": 17.4, "carr\u00e9 frais fromage \u00e0 tartiner 40% m.g.": 20.0, "fromage frais \u00e0 tartiner \u00e0 plus de 60% m.g.": 40.0, "mozzarella": 35.0, "fromage frais \u00e0 tartiner 40-60% m.g": 20.0}}}