{"beurre": {"sans": {"beurre doux léger 39-41% m.g.": 6.304347826086956, "beurre salé sel > 3%": 10.333333333333334, "beurre léger 39-41% m.g. demi-sel": 20.625, "matière grasse laitière légère 25% m.g. à tartiner type bridelight": 6.870967741935484, "beurre doux": 11.29646017699115, "beurre allégé sans précision": 8.333333333333334, "beurre salé non allégé ajouté à la cuisson": 9.0625, "beurre allégé ajouté au service": 7.829787234042553, "beurre allégé ajouté à la cuisson": 9.473684210526315, "beurre salé non allégé ajoutée au service": 8.733333333333333, "beurre demi-sel sel maxi 3%": 13.833333333333334, "beurre doux non allégé ajouté à la cuisson": 8.577777777777778, "beurre doux non allégé ajoutée au service": 8.64}}}