{"oeufs et d\u00e9riv\u00e9s": {"sans": {"omelette aux lardons": 150.0, "omelette nature cuite au beurre": 138.21428571428572, "oeuf dur": 76.92424242424242, "oeuf poch\u00e9": 120.0, "jaune d'\u0153uf cuit": 30.0, "oeuf au plat sal\u00e9": 120.0, "omelette aux champignons": 200.0, "oeuf \u00e0 la coque": 90.0, "oeufs brouill\u00e9s au beurre": 120.0, "blanc d'\u0153uf dur": 60.0}}}