{"l\u00e9gumes (hors pommes de terre)": {"champignons": {"champignon tout type cru sans pr\u00e9cision": 104.33333333333333, "champignon tout type en conserve": 86.0, "champignon de paris en conserve": 182.5, "champignon de paris saut\u00e9": 83.33333333333333}, "m\u00e9langes de l\u00e9gumes, l\u00e9gumes pr\u00e9par\u00e9s et autres l\u00e9gumes": {"ratatouille ni\u00e7oise": 139.1304347826087, "l\u00e9gume en pur\u00e9e hors pomme de terre non sal\u00e9": 100.0, "crudit\u00e9s vinaigrette sans pr\u00e9cision": 56.25, "c\u00e9leri r\u00e9moulade": 41.666666666666664, "pulpe de tomate en conserve": 6.0, "petits pois et carottes en conserve": 84.375, "champignons \u00e0 la grecque": 300.0, "l\u00e9gumes cuits sans pr\u00e9cision": 169.57142857142858, "guacamole industriel": 120.0, "autre l\u00e9gume frais ou crudit\u00e9, sans assaisonnement": 143.33333333333334, "mac\u00e9doine de l\u00e9gumes en conserve": 118.05, "l\u00e9gumes m\u00e9lang\u00e9s surgel\u00e9s": 120.71428571428571, "terrine ou mousse de l\u00e9gumes": 125.0, "choucroute sans garniture": 133.33333333333334}, "choux": {"chou-fleur cuit": 167.44117647058823, "chou vert cuit": 34.375, "chou blanc cru": 50.0, "chou rouge cru": 45.0, "brocoli cuit": 155.625, "chou de bruxelles cuit": 138.0}, "l\u00e9gumes tiges": {"artichaut cuit": 262.5, "germe ou pousse de soja en conserve": 62.5, "c\u00e9leri branche cuit": 100.0, "poireau cuit": 78.125, "fenouil cuit \u00e0 l'eau": 50.0, "c\u0153ur de palmier en conserve": 96.0, "asperge en conserve": 61.111111111111114, "fenouil cru": 100.0}, "haricots verts et petits pois (l\u00e9gumes potagers)": {"haricot vert surgel\u00e9 cuit": 122.88888888888889, "haricot beurre en conserve": 175.0, "petit pois cuit": 114.28571428571429, "petit pois en conserve": 125.23333333333333, "haricot vert cuit": 105.11111111111111, "haricot vert en conserve \u00e9goutt\u00e9": 112.171875}, "l\u00e9gumes racines, tubercules ou bulbes": {"oignon cuit": 25.232758620689655, "salsifis en conserve": 100.0, "oignon cru": 12.5, "carotte en conserve": 75.0, "radis rouge cru": 60.833333333333336, "\u00e9chalote crue": 5.9411764705882355, "betterave rouge cuite": 64.28571428571429, "radis noir cru": 75.0, "navet cuit": 350.0, "c\u00e9leri-rave cru": 67.3076923076923, "carotte cuite": 106.3913043478261, "carotte crue": 71.75324675324676}, "l\u00e9gumes fruits": {"tomate cerise crue": 31.875, "poivron vert jaune ou rouge cru": 25.0, "ma\u00efs doux en conserve": 61.666666666666664, "aubergine cuite": 138.0, "poivron vert jaune ou rouge cuit": 58.285714285714285, "poivron vert cru": 180.0, "poivron rouge cuit": 45.833333333333336, "tomate pel\u00e9e en conserve": 98.33333333333333, "concombre cru pulpe": 83.33333333333333, "tomate crue": 84.95535714285714, "avocat frais": 99.04545454545455, "poivron vert cuit": 101.25, "courgette cuite": 92.34782608695652}, "l\u00e9gumes feuilles": {"scarole crue": 60.0, "endive cuite": 232.33333333333334, "chicor\u00e9e fris\u00e9e crue": 33.75, "salade verte sans assaisonnement sans pr\u00e9cision": 36.4, "oseille cuite \u00e0 l'eau": 20.0, "autre salade sans assaisonnement": 35.23809523809524, "laitue crue": 33.72093023255814, "\u00e9pinard cuit": 148.68421052631578, "m\u00e2che crue": 36.31578947368421, "endive crue": 34.11764705882353}}}