{"fruits": {"sans": {"fruit sans pr\u00e9cision": 173.33333333333334, "ananas frais": 106.875, "litchi frais": 15.0, "cerise fra\u00eeche": 109.16666666666667, "framboise fra\u00eeche": 118.75, "pamplemousse frais": 167.85714285714286, "raisin noir frais": 172.1904761904762, "salade de fruits frais": 141.66666666666666, "past\u00e8que fra\u00eeche": 376.6666666666667, "abricot frais": 165.02083333333334, "banane fra\u00eeche": 181.10795454545453, "kiwi frais": 125.01851851851852, "figue fra\u00eeche": 50.0, "mangue fra\u00eeche": 200.0, "raisin blanc frais": 140.375, "fraise fra\u00eeche": 136.8421052631579, "nectarine non pel\u00e9e fra\u00eeche": 137.5, "melon frais": 202.45454545454547, "orange fra\u00eeche": 174.45454545454547, "poire non pel\u00e9e fra\u00eeche": 156.3671875, "citron frais": 23.333333333333332, "prune reine-claude fra\u00eeche": 128.8235294117647, "cl\u00e9mentine ou mandarine fra\u00eeche": 127.89473684210526, "pomme non pel\u00e9e fra\u00eeche": 191.48692810457516, "p\u00eache non pel\u00e9e fra\u00eeche": 109.46969696969697, "p\u00eache pel\u00e9e fra\u00eeche": 75.0}}}