{"charcuterie": {"p\u00e2t\u00e9s, terrines, rillettes et foie gras": {"foie gras en conserve": 39.0, "p\u00e2t\u00e9 de t\u00eate ou fromage de t\u00eate": 62.5, "p\u00e2t\u00e9 de campagne": 37.275862068965516, "galantine": 37.5, "mousse de foie": 75.0, "p\u00e2t\u00e9 de foie de porc": 47.23076923076923, "rillettes pur porc": 37.666666666666664, "p\u00e2t\u00e9 de lapin": 44.0, "rillettes": 38.5, "p\u00e2t\u00e9 en cro\u00fbte": 75.0, "terrine de canard": 25.0}, "autre charcuterie ou charcuterie  sans pr\u00e9cision": {"charcuterie sans pr\u00e9cision": 25.0, "autre charcuterie": 50.57142857142857}, "saucisses, saucissons, andouilles et boudins": {"saucisse de morteau cuite": 75.0, "mortadelle": 25.0, "andouille r\u00e9chauff\u00e9e": 56.5, "chorizo sec": 29.333333333333332, "saucisse s\u00e8che": 41.888888888888886, "saucisse de francfort": 87.5, "boudin noir cuit": 129.28571428571428, "saucisse alsacienne fum\u00e9e ou gendarme": 125.33333333333333, "saucisse cocktail": 37.5, "rosette ou fuseau": 25.5, "saucisson sec": 38.9, "chair \u00e0 saucisse": 80.0, "salami": 38.25, "chipolata cuite": 70.83333333333333, "andouillette r\u00e9chauff\u00e9e": 129.16666666666666, "merguez de b\u0153uf et de mouton cuite": 106.66666666666667, "boudin blanc cuit": 115.38461538461539, "saucisson \u00e0 l'ail": 42.53846153846154, "saucisse de toulouse cuite": 150.0, "cervelas": 30.0, "saucisse sans pr\u00e9cision": 81.73684210526316, "saucisse de strasbourg": 77.93548387096774}, "jambons et charcuteries en pi\u00e8ces": {"jambon cuit sup\u00e9rieur dd (d\u00e9couenn\u00e9 d\u00e9graiss\u00e9)": 40.0, "jambon cuit": 53.931372549019606, "poitrine de porc fum\u00e9e": 107.5, "lardon nature cuit": 25.97222222222222, "jambon cuit sup\u00e9rieur": 30.0, "jambon cru fum\u00e9": 56.666666666666664, "jambon cuit dd (d\u00e9couenn\u00e9 d\u00e9graiss\u00e9)": 46.0, "jambon sec dd (d\u00e9couenn\u00e9 d\u00e9graiss\u00e9)": 46.42857142857143, "jambon cru": 70.0, "jambonneau cuit": 75.0, "bacon filet cuit": 46.666666666666664}}}