{"café": {"sans": {"café soluble décaféiné reconstitué prêt à boire non sucré": 250.0, "café soluble en poudre": 1.4285714285714286, "café au lait ou café crème ou cappuccino non sucré": 270.3205128205128, "café soluble reconstitué prêt à boire non sucré": 168.46153846153845, "café expresso non sucré": 129.83870967741936, "café noir prêt à boire non sucré": 238.27319587628867, "café décaféiné prêt à boire non sucré": 159.46428571428572}}}