{"volaille et gibier": {"volailles et lapins": {"poule viande bouillie": 80.0, "blanc de poulet cuit": 100.08928571428571, "poulet cuisse r\u00f4tie viande et peau": 140.5, "dinde viande r\u00f4tie": 95.76923076923077, "lapin en rago\u00fbt": 180.0, "lapin viande cuite": 130.0, "pigeon viande r\u00f4tie": 125.0, "brochette de volaille": 173.33333333333334, "dinde ou autre volaille escalope saut\u00e9e": 92.55319148936171, "volaille cuite sans pr\u00e9cision": 210.0, "canard viande r\u00f4tie": 96.66666666666667, "canard magret cuit \u00e0 la po\u00eale": 86.85714285714286, "autre volaille cuite": 106.45454545454545, "poulet r\u00f4ti viande et peau": 116.58309859154929}}}