{"viennoiserie": {"sans": {"palmier artisanal": 80.0, "croissant au beurre artisanal": 68.75, "croissant sans pr\u00e9cision": 69.13793103448276, "brioche sans pr\u00e9cision": 45.75, "pain aux raisins": 50.833333333333336, "pain au chocolat feuillet\u00e9 artisanal": 66.78571428571429, "brioche industrielle pr\u00e9emball\u00e9e": 50.93023255813954, "chausson aux pommes": 55.0, "pain au lait artisanal": 67.16666666666667, "croissant aux amandes artisanal": 65.0, "croissant ordinaire artisanal": 82.5}}}