{"viande": {"bœuf en pièces ou haché": {"steak haché 20% m.g. cuit": 100.0, "bœuf boulettes cuites": 85.71428571428571, "bœuf faux-filet grillé": 175.0, "steak haché 5% m.g. cuit": 111.66666666666667, "brochette de bœuf": 270.0, "steak haché 15% m.g. cuit": 119.16847826086956, "fondue bourguignonne": 200.0, "boeuf bifteck grillé": 128.08510638297872, "bœuf à bourguignon cuit": 98.33333333333333, "bœuf rosbif rôti": 117.27272727272727, "bœuf entrecôte grillée": 188.0}, "autre viande": {"autre viande": 127.5, "cheval viande rôtie": 165.0, "brochette mixte de viande": 70.0, "viande cuite sans précision": 117.91666666666667}, "porc": {"porc côtelette grillée": 137.8918918918919, "porc filet rôti maigre cuit": 109.16666666666667, "porc échine rôtie": 223.33333333333334, "porc rôti cuit": 101.61290322580645}, "agneau": {"agneau épaule rôtie": 130.0, "agneau côtelette grillée": 112.66666666666667, "agneau gigot rôti": 158.21428571428572}, "veau": {"veau côte cuite": 180.0, "veau rôti": 127.0, "veau mijoté": 145.0, "veau escalope cuite": 86.66666666666667, "veau escalope panée": 100.0}}}