{"sucres et d\u00e9riv\u00e9s": {"confiserie": {"bonbons g\u00e9lifi\u00e9s": 13.0, "confiserie drag\u00e9ifi\u00e9e au chocolat type smarties": 14.6, "p\u00e2te d'amande fabrication industrielle": 25.0, "meringue": 14.0, "chewing-gum sucr\u00e9": 6.285714285714286, "confiserie \u00e0 base de cacahu\u00e8tes drag\u00e9ifi\u00e9es enrob\u00e9es de chocolat type m&ms cacah": 39.0, "bonbons tout type sauf g\u00e9lifi\u00e9s": 17.738095238095237, "chewing-gum sans sucre": 4.75}, "confiture et miel": {"miel": 10.268292682926829, "confiture ajout\u00e9e au service": 9.418604651162791, "confiture d'orange": 20.625, "confiture de fraise": 27.692307692307693, "confiture d'abricot": 29.0, "confiture ou marmelade tout type": 24.065420560747665, "confiture all\u00e9g\u00e9e": 18.928571428571427}, "sucre et assimil\u00e9s": {"sucre roux": 7.858974358974359, "sucre blanc": 8.154462242562929, "sucre blanc ajout\u00e9 au service": 6.3175675675675675}}}