{"boissons alcoolisées": {"cidre": {"cidre brut": 227.14285714285714, "cidre": 306.0, "cidre traditionnel": 450.0, "cidre doux": 225.0}, "spiritueux et vins cuits": {"eau-de-vie": 40.0, "cognac armagnac": 40.0, "rhum": 30.0, "porto": 76.64285714285714, "apéritif à base de vin ou vermouth type martini": 80.71428571428571, "apéritif à la gentiane": 56.5, "vin doux naturel ou vin muté autre que porto type muscat banyuls ou maury": 26.428571428571427, "gin": 27.5, "liqueurs": 100.0, "whisky": 74.54545454545455}, "vin": {"vin sans précision": 138.84615384615384, "vin rouge 11°": 143.33333333333334, "vin blanc 11°": 166.26315789473685, "vin rouge 12°": 211.86046511627907, "vin rouge 10°": 264.2857142857143, "vin blanc mousseux": 450.0, "champagne": 118.18181818181819, "vin rosé 11°": 238.46153846153845}, "cocktails et mélanges": {"kir": 114.28571428571429, "cocktail type punch planteur": 120.0, "sangria": 300.0, "pastis prêt à boire (1+5)": 192.48, "cocktail alcoolisé": 500.0, "kir royal": 100.0}, "bière": {"bière cœur de marché à 4-5° d'alcool type kronenbourg ou 33 export": 355.55555555555554, "bière spéciale à 5-6° d'alcool type 1664 pelforth ambrée ou fischer heineken": 300.0, "bière de spécialités ou d'abbaye régionales ou de brasserie degré d'alcool varia": 250.0}}}