{"lait": {"lait aromatis\u00e9": {"lait demi-\u00e9cr\u00e9m\u00e9 aromatis\u00e9": 200.0, "lait demi-\u00e9cr\u00e9m\u00e9 aromatis\u00e9 \u00e0 la fraise": 200.0, "lait demi-\u00e9cr\u00e9m\u00e9 aromatis\u00e9 au chocolat": 230.0}, "lait en bouteille ou en brique": {"lait demi-\u00e9cr\u00e9m\u00e9 pasteuris\u00e9": 174.375, "lait demi-\u00e9cr\u00e9m\u00e9 uht \u00e0 teneur garantie en vitamines": 231.2, "lait demi-\u00e9cr\u00e9m\u00e9 en poudre": 4.0, "lait demi-\u00e9cr\u00e9m\u00e9 uht \u00e0 teneur garantie en prot\u00e9ines et vitamines enrichi en min\u00e9": 120.0, "lait entier uht": 186.11764705882354, "lait entier pasteuris\u00e9": 250.0, "lait \u00e9cr\u00e9m\u00e9 uht": 162.5, "lait demi-\u00e9cr\u00e9m\u00e9 uht": 197.47641509433961}, "autre lait": {"autre lait": 301.57894736842104}}}