{"oeufs et d\u00e9riv\u00e9s": {"sans": {"omelette aux lardons": 133.33333333333334, "omelette nature cuite au beurre": 138.23529411764707, "oeuf entier cru": 10.0, "oeuf dur": 68.02083333333333, "jaune d'\u0153uf cuit": 15.0, "oeuf au plat sal\u00e9": 104.0, "omelette aux fines herbes": 200.0, "omelette aux champignons": 150.0, "oeuf \u00e0 la coque": 96.0, "oeufs brouill\u00e9s au beurre": 150.0, "omelette au fromage": 200.0, "blanc d'\u0153uf dur": 20.0}}}