{"boissons alcoolis\u00e9es": {"cidre": {"cidre brut": 300.0, "cidre": 1200.0, "cidre doux": 325.0}, "spiritueux et vins cuits": {"eau-de-vie": 140.0, "cognac armagnac": 51.25, "rhum": 40.0, "porto": 50.0, "ap\u00e9ritif \u00e0 base de vin ou vermouth type martini": 171.11111111111111, "ap\u00e9ritif \u00e0 la gentiane": 203.33333333333334, "vin doux naturel ou vin mut\u00e9 autre que porto type muscat banyuls ou maury": 75.0, "gin": 10.0, "liqueurs": 28.0, "whisky": 66.66666666666667}, "vin": {"vin sans pr\u00e9cision": 205.68965517241378, "vin rouge 11\u00b0": 243.33333333333334, "vin blanc 11\u00b0": 161.48936170212767, "vin rouge 12\u00b0": 198.84615384615384, "vin rouge 10\u00b0": 217.88888888888889, "vin blanc mousseux": 195.3846153846154, "champagne": 165.9090909090909, "vin ros\u00e9 11\u00b0": 231.8421052631579, "vin rouge 13\u00b0 et plus": 225.0}, "cocktails et m\u00e9langes": {"cocktail alcoolis\u00e9": 490.0, "sangria": 300.0, "panach\u00e9": 300.0, "pastis pr\u00eat \u00e0 boire (1+5)": 152.72727272727272, "p\u00e9tillant de fruits": 60.0, "kir": 176.66666666666666, "kir royal": 133.33333333333334}, "bi\u00e8re": {"bi\u00e8re sp\u00e9ciale \u00e0 5-6\u00b0 d'alcool type 1664 pelforth ambr\u00e9e ou fischer heineken": 471.6666666666667, "bi\u00e8re de sp\u00e9cialit\u00e9s ou d'abbaye r\u00e9gionales ou de brasserie degr\u00e9 d'alcool varia": 276.6666666666667, "bi\u00e8re brune": 165.0, "bi\u00e8re forte \u00e0 plus de 8\u00b0 d'alcool type duvel bavaria 8.6 ou leffe triple": 207.5, "bi\u00e8re c\u0153ur de march\u00e9 \u00e0 4-5\u00b0 d'alcool type kronenbourg ou 33 export": 378.49056603773585}}}