{"beurre": {"sans": {"beurre all\u00e9g\u00e9 60-62 % m.g.": 5.0, "beurre doux l\u00e9ger 39-41% m.g.": 10.0, "mati\u00e8re grasse laiti\u00e8re l\u00e9g\u00e8re 25% m.g. \u00e0 tartiner type bridelight": 12.380952380952381, "beurre doux": 12.097560975609756, "beurre all\u00e9g\u00e9 sans pr\u00e9cision": 14.375, "beurre sal\u00e9 non all\u00e9g\u00e9 ajout\u00e9 \u00e0 la cuisson": 7.5, "beurre all\u00e9g\u00e9 ajout\u00e9 au service": 7.722222222222222, "beurre all\u00e9g\u00e9 ajout\u00e9 \u00e0 la cuisson": 9.214285714285714, "beurre sal\u00e9 non all\u00e9g\u00e9 ajout\u00e9e au service": 9.666666666666666, "beurre demi-sel sel maxi 3%": 14.117647058823529, "beurre doux non all\u00e9g\u00e9 ajout\u00e9 \u00e0 la cuisson": 8.88888888888889, "beurre doux non all\u00e9g\u00e9 ajout\u00e9e au service": 9.148148148148149}}}