{"fruits": {"sans": {"ananas frais": 126.875, "litchi frais": 25.0, "cerise fra\u00eeche": 183.33333333333334, "pamplemousse frais": 105.0, "salade de fruits frais": 100.0, "past\u00e8que fra\u00eeche": 218.33333333333334, "abricot frais": 139.71428571428572, "mirabelle fra\u00eeche": 204.0, "banane fra\u00eeche": 153.63636363636363, "kiwi frais": 118.26666666666667, "figue fra\u00eeche": 40.0, "mangue fra\u00eeche": 350.0, "raisin blanc frais": 185.0, "fraise fra\u00eeche": 158.06451612903226, "nectarine non pel\u00e9e fra\u00eeche": 185.0, "melon frais": 269.77272727272725, "orange fra\u00eeche": 176.25, "poire non pel\u00e9e fra\u00eeche": 149.11764705882354, "citron frais": 12.5, "prune reine-claude fra\u00eeche": 215.95238095238096, "cl\u00e9mentine ou mandarine fra\u00eeche": 94.71830985915493, "myrtille fra\u00eeche": 25.0, "pomme non pel\u00e9e fra\u00eeche": 203.2377049180328, "p\u00eache non pel\u00e9e fra\u00eeche": 96.66666666666667, "p\u00eache pel\u00e9e fra\u00eeche": 165.0}}}