{"charcuterie": {"p\u00e2t\u00e9s, terrines, rillettes et foie gras": {"foie gras en conserve": 57.285714285714285, "p\u00e2t\u00e9 de t\u00eate ou fromage de t\u00eate": 105.0, "p\u00e2t\u00e9 de campagne": 54.63636363636363, "galantine": 200.0, "mousse de foie": 43.25, "p\u00e2t\u00e9 de foie de porc": 50.0, "rillettes pur porc": 68.75, "rillettes": 62.5, "p\u00e2t\u00e9 en cro\u00fbte": 153.84615384615384, "foie gras de canard entier en conserve": 29.75, "terrine de canard": 50.0}, "autre charcuterie ou charcuterie  sans pr\u00e9cision": {"charcuterie sans pr\u00e9cision": 52.6, "autre charcuterie": 36.5}, "saucisses, saucissons, andouilles et boudins": {"saucisse de toulouse cuite": 50.0, "saucisse s\u00e8che": 39.666666666666664, "saucisson sec pur porc": 37.0, "cervelas": 58.36363636363637, "saucisse de montb\u00e9liard": 150.0, "saucisson sec": 59.416666666666664, "saucisse de francfort": 140.0, "chair \u00e0 saucisse": 20.0, "salami": 30.11111111111111, "chipolata cuite": 79.16666666666667, "andouillette r\u00e9chauff\u00e9e": 75.0, "merguez de b\u0153uf et de mouton cuite": 93.47826086956522, "saucisson \u00e0 l'ail": 52.6, "boudin noir cuit": 115.0, "mortadelle": 50.0, "saucisse alsacienne fum\u00e9e ou gendarme": 53.333333333333336, "saucisse cocktail": 88.0, "saucisse sans pr\u00e9cision": 88.65217391304348, "chorizo sec": 25.0, "saucisse de strasbourg": 66.81818181818181}, "jambons et charcuteries en pi\u00e8ces": {"jambon cuit dd (d\u00e9couenn\u00e9 d\u00e9graiss\u00e9)": 74.0, "jambon cuit": 54.625, "poitrine de porc fum\u00e9e": 160.0, "coppa": 15.0, "lardon nature cuit": 35.47222222222222, "jambon cuit sup\u00e9rieur": 57.0, "jambon cru fum\u00e9": 47.5, "pancetta ou poitrine roul\u00e9e s\u00e8che": 15.0, "jambon sec dd (d\u00e9couenn\u00e9 d\u00e9graiss\u00e9)": 60.0, "jambon cru": 59.0, "jambonneau cuit": 130.0, "bacon filet cuit": 20.75}}}