{"eaux": {"eau min\u00e9rale plate": {"vittel eau plate": 247.875, "beckerich eau plate": 693.0434782608696, "wattwiller eau plate": 318.64406779661016, "saint amand vauban eau plate": 395.0, "luchon eau plate": 175.0, "\u00e9vian eau plate": 276.9230769230769, "h\u00e9par eau plate": 200.0, "eau min\u00e9rale plate sans pr\u00e9cision": 598.8888888888889, "contrex eau plate": 322.14285714285717, "volvic eau plate": 312.9166666666667, "valvert eau plate": 187.5, "celtic eau plate": 354.54545454545456}, "eau du robinet": {"eau du robinet": 317.3051948051948}, "eau min\u00e9rale gazeuse": {"saint alban antonin eau gazeuse": 130.0, "san pellegrino eau gazeuse": 216.66666666666666, "eau gazeuse sans pr\u00e9cision": 360.9375, "salvetat eau gazeuse": 162.5, "saint yorre eau gazeuse": 500.0, "perrier eau gazeuse": 331.3636363636364, "qu\u00e9zac eau gazeuse": 150.0, "badoit eau gazeuse": 366.6666666666667, "arcens eau gazeuse": 150.0, "ch\u00e2teauneuf eau gazeuse": 342.0, "la verni\u00e8re eau gazeuse": 299.375}, "eau de source": {"eau de source": 325.2294685990338}, "autre eau": {"eau min\u00e9rale sans pr\u00e9cision": 232.59259259259258, "autre eau min\u00e9rale": 257.58620689655174, "eau min\u00e9rale ou non faiblement min\u00e9ralis\u00e9e": 366.25}}}