{"huile": {"sans": {"huile de tournesol ajout\u00e9e \u00e0 la cuisson": 10.119402985074627, "huile v\u00e9g\u00e9tale sans pr\u00e9cision": 9.4, "huile de colza": 14.2, "huile d'arachide": 3.0, "huile de p\u00e9pins de raisin": 30.0, "huile d'arachide ajout\u00e9e \u00e0 la cuisson": 10.5, "huile m\u00e9lang\u00e9e (type isio 4) ajout\u00e9e au service": 8.823529411764707, "huile de p\u00e9pin de raisins ajout\u00e9e \u00e0 la cuisson": 12.0, "huile m\u00e9lang\u00e9e \u00e9quilibr\u00e9e type isio 4": 15.088235294117647, "huile de colza ajout\u00e9e au service": 10.0, "huile d'olive ajout\u00e9e au service": 9.533333333333333, "huile de tournesol ajout\u00e9e au service": 9.555555555555555, "huile de colza ajout\u00e9e \u00e0 la cuisson": 12.0, "huile m\u00e9lang\u00e9e (type isio 4) ajout\u00e9e \u00e0 la cuisson": 10.952380952380953, "huile de p\u00e9pin de raisins ajout\u00e9e au service": 10.0, "huile d'arachide ajout\u00e9e au service": 15.0, "huile d'olive ajout\u00e9e \u00e0 la cuisson": 10.716417910447761, "huile d'olive vierge": 9.485714285714286, "huile de noix": 6.230769230769231, "huile de ma\u00efs": 16.666666666666668, "huile de tournesol": 16.814814814814813}}}