{"volaille et gibier": {"gibier": {"chevreuil r\u00f4ti": 94.0, "sanglier r\u00f4ti": 158.0, "li\u00e8vre en rago\u00fbt": 100.0}, "volailles et lapins": {"blanc de poulet cuit": 82.33333333333333, "poulet cuisse r\u00f4tie viande et peau": 265.8333333333333, "dinde viande r\u00f4tie": 80.0, "lapin viande cuite": 172.85714285714286, "confit de canard": 250.0, "brochette de volaille": 200.0, "dinde ou autre volaille escalope saut\u00e9e": 114.6875, "canard viande r\u00f4tie": 113.75, "canard magret cuit \u00e0 la po\u00eale": 80.0909090909091, "autre volaille cuite": 153.04166666666666, "poulet r\u00f4ti viande et peau": 182.06938775510204}}}