{"boissons alcoolisées": {"cidre": {"cidre brut": 300.0, "cidre": 1200.0, "cidre doux": 325.0}, "spiritueux et vins cuits": {"eau-de-vie": 140.0, "cognac armagnac": 51.25, "rhum": 40.0, "porto": 50.0, "apéritif à base de vin ou vermouth type martini": 171.11111111111111, "apéritif à la gentiane": 203.33333333333334, "vin doux naturel ou vin muté autre que porto type muscat banyuls ou maury": 75.0, "gin": 10.0, "liqueurs": 28.0, "whisky": 66.66666666666667}, "vin": {"vin sans précision": 205.68965517241378, "vin rouge 11°": 243.33333333333334, "vin blanc 11°": 161.48936170212767, "vin rouge 12°": 198.84615384615384, "vin rouge 10°": 217.88888888888889, "vin blanc mousseux": 195.3846153846154, "champagne": 165.9090909090909, "vin rosé 11°": 231.8421052631579, "vin rouge 13° et plus": 225.0}, "cocktails et mélanges": {"cocktail alcoolisé": 490.0, "sangria": 300.0, "panaché": 300.0, "pastis prêt à boire (1+5)": 152.72727272727272, "pétillant de fruits": 60.0, "kir": 176.66666666666666, "kir royal": 133.33333333333334}, "bière": {"bière cœur de marché à 4-5° d'alcool type kronenbourg ou 33 export": 378.49056603773585, "bière spéciale à 5-6° d'alcool type 1664 pelforth ambrée ou fischer heineken": 471.6666666666667, "bière brune": 165.0, "bière forte à plus de 8° d'alcool type duvel bavaria 8.6 ou leffe triple": 207.5, "bière de spécialités ou d'abbaye régionales ou de brasserie degré d'alcool varia": 276.6666666666667}}}