{"eaux": {"eau minérale plate": {"vittel eau plate": 247.875, "beckerich eau plate": 693.0434782608696, "wattwiller eau plate": 318.64406779661016, "saint amand vauban eau plate": 395.0, "luchon eau plate": 175.0, "évian eau plate": 276.9230769230769, "hépar eau plate": 200.0, "eau minérale plate sans précision": 598.8888888888889, "contrex eau plate": 322.14285714285717, "volvic eau plate": 312.9166666666667, "valvert eau plate": 187.5, "celtic eau plate": 354.54545454545456}, "eau du robinet": {"eau du robinet": 317.3051948051948}, "eau minérale gazeuse": {"saint alban antonin eau gazeuse": 130.0, "san pellegrino eau gazeuse": 216.66666666666666, "eau gazeuse sans précision": 360.9375, "salvetat eau gazeuse": 162.5, "saint yorre eau gazeuse": 500.0, "perrier eau gazeuse": 331.3636363636364, "quézac eau gazeuse": 150.0, "badoit eau gazeuse": 366.6666666666667, "arcens eau gazeuse": 150.0, "châteauneuf eau gazeuse": 342.0, "la vernière eau gazeuse": 299.375}, "eau de source": {"eau de source": 325.2294685990338}, "autre eau": {"eau minérale sans précision": 232.59259259259258, "autre eau minérale": 257.58620689655174, "eau minérale ou non faiblement minéralisée": 366.25}}}