{"region_10_partitions_foodgrp_26": {"fruits": {"sans": {"ananas frais": 126.875, "litchi frais": 25.0, "cerise fraîche": 183.33333333333334, "pamplemousse frais": 105.0, "salade de fruits frais": 100.0, "pastèque fraîche": 218.33333333333334, "abricot frais": 139.71428571428572, "mirabelle fraîche": 204.0, "banane fraîche": 153.63636363636363, "kiwi frais": 118.26666666666667, "figue fraîche": 40.0, "mangue fraîche": 350.0, "raisin blanc frais": 185.0, "fraise fraîche": 158.06451612903226, "nectarine non pelée fraîche": 185.0, "melon frais": 269.77272727272725, "orange fraîche": 176.25, "poire non pelée fraîche": 149.11764705882354, "citron frais": 12.5, "prune reine-claude fraîche": 215.95238095238096, "clémentine ou mandarine fraîche": 94.71830985915493, "myrtille fraîche": 25.0, "pomme non pelée fraîche": 203.2377049180328, "pêche non pelée fraîche": 96.66666666666667, "pêche pelée fraîche": 165.0}}}}