{"aliments destin\u00e9s \u00e0 une alimentation particuli\u00e8re": {"sans": {"\u00e9dulcorant \u00e0 l'aspartame": 0.22887323943661966, "levure alimentaire": 21.6, "\u00e9dulcorant ajout\u00e9 au service": 0.07291666666666667}}}