{"légumes (hors pommes de terre)": {"champignons": {"champignon tout type cru sans précision": 50.0, "champignon tout type en conserve": 78.47368421052632, "champignon de paris en conserve": 85.625, "champignon de paris sauté": 75.0}, "mélanges de légumes, légumes préparés et autres légumes": {"ratatouille niçoise": 142.0, "légume en purée hors pomme de terre non salé": 133.07142857142858, "crudités vinaigrette sans précision": 118.75, "céleri rémoulade": 73.28571428571429, "autre légume frais ou crudité, sans assaisonnement": 40.0, "champignons à la grecque": 166.66666666666666, "purée de tomate": 30.0, "petits pois et carottes en conserve": 110.47058823529412, "légumes cuits sans précision": 178.2, "macédoine de légumes en conserve": 103.57142857142857, "légumes mélangés surgelés": 139.1818181818182, "terrine ou mousse de légumes": 100.0, "choucroute sans garniture": 35.0}, "choux": {"chou-fleur cuit": 145.8125, "chou vert cuit": 162.6, "chou blanc cru": 37.142857142857146, "chou rouge cru": 93.0, "chou rouge cuit à l'eau": 108.33333333333333, "brocoli cuit": 115.53846153846153, "chou de bruxelles cuit": 147.22222222222223}, "légumes tiges": {"asperge cuite": 133.59375, "artichaut cuit": 232.85714285714286, "germe ou pousse de soja en conserve": 36.666666666666664, "céleri branche cuit": 175.0, "germe ou pousse de soja cru": 23.333333333333332, "poireau cuit": 63.75, "fenouil cuit à l'eau": 175.0, "asperge en conserve": 37.5}, "haricots verts et petits pois (légumes potagers)": {"haricot vert surgelé cuit": 88.58333333333333, "haricot beurre en conserve": 50.0, "petit pois cuit": 69.0909090909091, "petit pois en conserve": 86.0, "haricot vert cuit": 110.72, "haricot vert en conserve égoutté": 111.88235294117646}, "légumes racines, tubercules ou bulbes": {"oignon cuit": 22.97596153846154, "salsifis en conserve": 129.33333333333334, "oignon cru": 18.75, "carotte en conserve": 87.5, "radis rouge cru": 53.57142857142857, "échalote crue": 4.318181818181818, "céleri-rave cuit": 138.0, "betterave rouge cuite": 122.5, "navet cuit": 25.0, "céleri-rave cru": 68.33333333333333, "carotte cuite": 91.3974358974359, "carotte crue": 61.726190476190474}, "légumes fruits": {"tomate cerise crue": 47.857142857142854, "courgette crue": 50.0, "poivron vert jaune ou rouge cru": 20.0, "potiron cuit": 200.0, "maïs doux en conserve": 55.357142857142854, "aubergine cuite": 210.0, "poivron vert jaune ou rouge cuit": 56.0, "maïs doux en épis cuit": 120.0, "poivron rouge cuit": 123.75, "tomate pelée en conserve": 100.0, "concombre cru pulpe": 87.91666666666667, "tomate crue": 84.67213114754098, "avocat frais": 111.82352941176471, "poivron vert cuit": 137.5, "courgette cuite": 118.55}, "légumes feuilles": {"scarole crue": 62.5, "endive cuite": 103.3, "épinard cru": 20.0, "chicorée frisée crue": 26.666666666666668, "mâche crue": 29.285714285714285, "autre salade sans assaisonnement": 45.666666666666664, "laitue crue": 36.666666666666664, "épinard cuit": 150.0, "cresson": 20.0, "salade verte sans assaisonnement sans précision": 36.484375, "bette ou blette cuite": 70.0, "pissenlit cru": 30.0, "endive crue": 27.105263157894736}}}