{"region_10_partitions_foodgrp_13": {"beurre": {"sans": {"beurre allégé 60-62 % m.g.": 5.0, "beurre doux léger 39-41% m.g.": 10.0, "matière grasse laitière légère 25% m.g. à tartiner type bridelight": 12.380952380952381, "beurre doux": 12.097560975609756, "beurre allégé sans précision": 14.375, "beurre salé non allégé ajouté à la cuisson": 7.5, "beurre allégé ajouté au service": 7.722222222222222, "beurre allégé ajouté à la cuisson": 9.214285714285714, "beurre salé non allégé ajoutée au service": 9.666666666666666, "beurre demi-sel sel maxi 3%": 14.117647058823529, "beurre doux non allégé ajouté à la cuisson": 8.88888888888889, "beurre doux non allégé ajoutée au service": 9.148148148148149}}}}