{"region_10_partitions_foodgrp_34": {"café": {"sans": {"café soluble en poudre": 1.0666666666666667, "café au lait ou café crème ou cappuccino non sucré": 243.79310344827587, "café soluble reconstitué prêt à boire non sucré": 263.7142857142857, "café expresso non sucré": 94.34210526315789, "café noir prêt à boire non sucré": 199.8404255319149, "café décaféiné prêt à boire non sucré": 446.1111111111111}}}}