{"region_10_partitions_foodgrp_4": {"riz et blé dur ou concassé": {"riz": {"riz blanc cuit": 135.62142857142857, "riz blanc étuvé cuit": 116.66666666666667, "riz complet cuit": 66.66666666666667}, "blé": {"couscous (graine seule) semoule cuite": 175.0, "blé dur précuit nature type ebly": 100.76923076923077}}}}