{"viande": {"bœuf en pièces ou haché": {"steak haché 20% m.g. cuit": 80.0, "bœuf boulettes cuites": 82.77777777777777, "bœuf faux-filet grillé": 149.0909090909091, "brochette de bœuf": 200.0, "steak haché 5% m.g. cuit": 110.0, "steak haché 5% m.g. cru": 166.66666666666666, "steak haché 15% m.g. cuit": 132.59259259259258, "bœuf à pot-au-feu cuit": 106.66666666666667, "boeuf bifteck grillé": 127.41935483870968, "steak haché 10% m.g. cuit": 130.0, "fondue bourguignonne": 113.33333333333333, "bœuf à bourguignon cuit": 137.5, "bœuf braisé": 190.0, "bœuf rosbif rôti": 113.07692307692308, "bœuf entrecôte grillée": 156.25}, "autre viande": {"autre viande": 80.0, "brochette mixte de viande": 70.0, "viande cuite sans précision": 115.71428571428571}, "porc": {"porc côtelette grillée": 139.25, "porc filet rôti maigre cuit": 117.6086956521739, "porc travers braisé": 143.75, "porc échine rôtie": 150.0, "porc rôti cuit": 123.4090909090909}, "agneau": {"brochette d'agneau": 130.0, "agneau côtelette grillée": 197.14285714285714, "agneau gigot rôti": 120.45454545454545}, "veau": {"veau côte cuite": 127.85714285714286, "veau rôti": 101.25, "veau mijoté": 70.0, "veau filet rôti": 143.33333333333334, "veau escalope cuite": 102.27272727272727}}}