{"pommes de terre et apparentés": {"sans": {"purée de pomme de terre avec lait et beurre non salée": 166.16666666666666, "pomme de terre rissolée surgelée": 153.0612244897959, "purée de pomme de terre à base de flocons reconstituée au lait demi-écrémé": 179.7826086956522, "pomme de terre dauphine cuite": 110.71428571428571, "gnocchis de pommes de terre": 83.33333333333333, "pomme de terre frite surgelée cuite": 71.91780821917808, "pomme de terre cuite à la vapeur": 209.25925925925927, "pomme noisette précuite surgelée": 50.0, "pomme de terre cuite au four": 123.57142857142857, "pomme de terre frite non salée": 83.33333333333333, "pomme de terre cuite à l'eau": 184.28571428571428}}}