{"viande": {"autre viande": {"autre viande": 80.0, "brochette mixte de viande": 70.0, "viande cuite sans pr\u00e9cision": 115.71428571428571}, "b\u0153uf en pi\u00e8ces ou hach\u00e9": {"b\u0153uf \u00e0 pot-au-feu cuit": 106.66666666666667, "steak hach\u00e9 20% m.g. cuit": 80.0, "b\u0153uf boulettes cuites": 82.77777777777777, "b\u0153uf faux-filet grill\u00e9": 149.0909090909091, "brochette de b\u0153uf": 200.0, "steak hach\u00e9 5% m.g. cuit": 110.0, "steak hach\u00e9 10% m.g. cuit": 130.0, "steak hach\u00e9 15% m.g. cuit": 132.59259259259258, "b\u0153uf brais\u00e9": 190.0, "fondue bourguignonne": 113.33333333333333, "boeuf bifteck grill\u00e9": 127.41935483870968, "b\u0153uf \u00e0 bourguignon cuit": 137.5, "b\u0153uf entrec\u00f4te grill\u00e9e": 156.25, "b\u0153uf rosbif r\u00f4ti": 113.07692307692308, "steak hach\u00e9 5% m.g. cru": 166.66666666666666}, "porc": {"porc c\u00f4telette grill\u00e9e": 139.25, "porc filet r\u00f4ti maigre cuit": 117.6086956521739, "porc travers brais\u00e9": 143.75, "porc \u00e9chine r\u00f4tie": 150.0, "porc r\u00f4ti cuit": 123.4090909090909}, "agneau": {"brochette d'agneau": 130.0, "agneau c\u00f4telette grill\u00e9e": 197.14285714285714, "agneau gigot r\u00f4ti": 120.45454545454545}, "veau": {"veau c\u00f4te cuite": 127.85714285714286, "veau r\u00f4ti": 101.25, "veau mijot\u00e9": 70.0, "veau filet r\u00f4ti": 143.33333333333334, "veau escalope cuite": 102.27272727272727}}}