{"condiments et sauces": {"condiments d'assaisonnement": {"ail frais": 3.8392857142857144, "vinaigre": 11.761971830985916, "cube pour bouillon de b\u0153uf": 15.416666666666666, "concentr\u00e9 de tomate": 7.0, "sauce de soja": 16.25}, "condiments d'accompagnement": {"c\u00e2pres": 14.285714285714286, "olive verte en saumure": 30.5, "olive noire en saumure": 12.5, "moutarde": 11.10897435897436, "cornichon au vinaigre": 36.42307692307692, "tapenade d'olives": 22.0, "ketchup": 34.80769230769231}, "herbes aromatiques": {"basilic frais": 1.0222222222222224, "persil frais": 5.645161290322581, "menthe fra\u00eeche": 5.0, "thym sec": 4.0, "ciboule ou ciboulette fra\u00eeche": 5.576923076923077, "cerfeuil frais": 5.0, "herbes aromatiques fra\u00eeches": 1.7000000000000002}, "sauces": {"sauce hollandaise": 20.0, "vinaigrette all\u00e9g\u00e9e ajout\u00e9e au service": 20.0, "sauce au yaourt": 23.40909090909091, "vinaigrette ajout\u00e9e au service": 20.0, "sauce tomate sans viande": 40.77272727272727, "sauce sans pr\u00e9cision": 30.0, "sauce \u00e0 la cr\u00e8me aux \u00e9pices": 20.625, "sauce blanche ajout\u00e9e au service": 20.0, "vinaigrette sans pr\u00e9cision": 28.088607594936708, "sauce \u00e0 la cr\u00e8me aux herbes": 30.0, "sauce \u00e0 la cr\u00e8me": 44.107142857142854, "sauce au vin rouge": 32.5, "sauce barbecue": 15.0, "mayonnaise ajout\u00e9e au service": 15.0, "sauce aux champignons": 60.416666666666664, "sauce au fromage": 30.0, "sauce aigre-douce": 30.0, "mayonnaise": 13.75, "sauce b\u00e9arnaise": 15.0, "sauce au beurre": 36.42857142857143, "mayonnaise all\u00e9g\u00e9e": 5.0, "vinaigrette all\u00e9g\u00e9e": 25.571428571428573, "sauce au curry": 35.0, "sauce tomate \u00e0 la viande ou bolognaise type panzani ou buitoni": 79.28571428571429, "sauce moutarde": 20.625, "sauce pesto": 5.833333333333333, "autre sauce": 23.75, "vinaigrette \u00e0 l'huile d'olive": 23.272727272727273, "sauce b\u00e9chamel en brique": 41.111111111111114}, "sel et \u00e9pices": {"curry en poudre": 1.75, "poivre noir moulu": 1.7947368421052632, "gingembre moulu": 10.5, "sel fin ou gros": 2.8688524590163933, "cannelle": 3.0, "\u00e9pices sans pr\u00e9cision": 2.1458333333333335, "sel de mer": 2.5, "coriandre en graines": 3.0}}}