{"region_10_partitions_foodgrp_43": {"condiments et sauces": {"condiments d'assaisonnement": {"ail frais": 3.8392857142857144, "cube pour bouillon de bœuf": 15.416666666666666, "vinaigre": 11.761971830985916, "sauce de soja": 16.25, "concentré de tomate": 7.0}, "condiments d'accompagnement": {"câpres": 14.285714285714286, "olive verte en saumure": 30.5, "olive noire en saumure": 12.5, "moutarde": 11.10897435897436, "cornichon au vinaigre": 36.42307692307692, "tapenade d'olives": 22.0, "ketchup": 34.80769230769231}, "herbes aromatiques": {"basilic frais": 1.0222222222222224, "persil frais": 5.645161290322581, "menthe fraîche": 5.0, "thym sec": 4.0, "ciboule ou ciboulette fraîche": 5.576923076923077, "cerfeuil frais": 5.0, "herbes aromatiques fraîches": 1.7000000000000002}, "sauces": {"sauce hollandaise": 20.0, "vinaigrette allégée ajoutée au service": 20.0, "sauce au yaourt": 23.40909090909091, "vinaigrette ajoutée au service": 20.0, "sauce tomate sans viande": 40.77272727272727, "sauce sans précision": 30.0, "sauce à la crème aux épices": 20.625, "sauce blanche ajoutée au service": 20.0, "vinaigrette sans précision": 28.088607594936708, "sauce à la crème aux herbes": 30.0, "sauce à la crème": 44.107142857142854, "sauce au vin rouge": 32.5, "sauce barbecue": 15.0, "mayonnaise ajoutée au service": 15.0, "sauce aux champignons": 60.416666666666664, "sauce au fromage": 30.0, "sauce aigre-douce": 30.0, "mayonnaise": 13.75, "sauce béarnaise": 15.0, "sauce au beurre": 36.42857142857143, "mayonnaise allégée": 5.0, "vinaigrette allégée": 25.571428571428573, "sauce au curry": 35.0, "sauce tomate à la viande ou bolognaise type panzani ou buitoni": 79.28571428571429, "sauce moutarde": 20.625, "sauce pesto": 5.833333333333333, "autre sauce": 23.75, "vinaigrette à l'huile d'olive": 23.272727272727273, "sauce béchamel en brique": 41.111111111111114}, "sel et épices": {"curry en poudre": 1.75, "poivre noir moulu": 1.7947368421052632, "gingembre moulu": 10.5, "sel fin ou gros": 2.8688524590163933, "cannelle": 3.0, "épices sans précision": 2.1458333333333335, "sel de mer": 2.5, "coriandre en graines": 3.0}}}}