{"sucres et dérivés": {"confiserie": {"confiserie à base de cacahuètes dragéifiées enrobées de chocolat type m&ms cacah": 26.25, "pâte de fruits": 48.75, "pâte d'amande fabrication industrielle": 30.0, "chewing-gum sucré": 8.681818181818182, "meringue": 18.0, "bonbons tout type sauf gélifiés": 26.035714285714285, "chewing-gum sans sucre": 6.857142857142857, "nougat ou touron": 32.5}, "confiture et miel": {"miel": 14.572368421052632, "confiture de cerise": 30.0, "confiture ajoutée au service": 6.666666666666667, "confiture d'orange": 21.818181818181817, "confiture de fraise": 28.095238095238095, "confiture d'abricot": 30.0, "confiture ou marmelade tout type": 28.991803278688526, "confiture allégée": 33.57142857142857}, "sucre et assimilés": {"sucre roux": 9.785714285714286, "sucre blanc": 9.275528169014084, "sucre blanc ajouté au service": 5.745614035087719, "sucre allégé type tutti free": 7.7}}}