{"riz et bl\u00e9 dur ou concass\u00e9": {"riz": {"riz blanc cuit": 135.62142857142857, "riz blanc \u00e9tuv\u00e9 cuit": 116.66666666666667, "riz complet cuit": 66.66666666666667}, "bl\u00e9": {"couscous (graine seule) semoule cuite": 175.0, "bl\u00e9 dur pr\u00e9cuit nature type ebly": 100.76923076923077}}}