{"caf\u00e9": {"sans": {"caf\u00e9 soluble en poudre": 1.0666666666666667, "caf\u00e9 au lait ou caf\u00e9 cr\u00e8me ou cappuccino non sucr\u00e9": 243.79310344827587, "caf\u00e9 soluble reconstitu\u00e9 pr\u00eat \u00e0 boire non sucr\u00e9": 263.7142857142857, "caf\u00e9 expresso non sucr\u00e9": 94.34210526315789, "caf\u00e9 noir pr\u00eat \u00e0 boire non sucr\u00e9": 199.8404255319149, "caf\u00e9 d\u00e9caf\u00e9in\u00e9 pr\u00eat \u00e0 boire non sucr\u00e9": 446.1111111111111}}}