{"sucres et d\u00e9riv\u00e9s": {"confiserie": {"confiserie \u00e0 base de cacahu\u00e8tes drag\u00e9ifi\u00e9es enrob\u00e9es de chocolat type m&ms cacah": 26.25, "p\u00e2te de fruits": 48.75, "p\u00e2te d'amande fabrication industrielle": 30.0, "chewing-gum sucr\u00e9": 8.681818181818182, "meringue": 18.0, "bonbons tout type sauf g\u00e9lifi\u00e9s": 26.035714285714285, "chewing-gum sans sucre": 6.857142857142857, "nougat ou touron": 32.5}, "confiture et miel": {"miel": 14.572368421052632, "confiture de cerise": 30.0, "confiture ajout\u00e9e au service": 6.666666666666667, "confiture d'orange": 21.818181818181817, "confiture de fraise": 28.095238095238095, "confiture d'abricot": 30.0, "confiture ou marmelade tout type": 28.991803278688526, "confiture all\u00e9g\u00e9e": 33.57142857142857}, "sucre et assimil\u00e9s": {"sucre roux": 9.785714285714286, "sucre blanc": 9.275528169014084, "sucre blanc ajout\u00e9 au service": 5.745614035087719, "sucre all\u00e9g\u00e9 type tutti free": 7.7}}}