{"l\u00e9gumes (hors pommes de terre)": {"champignons": {"champignon tout type cru sans pr\u00e9cision": 50.0, "champignon tout type en conserve": 78.47368421052632, "champignon de paris en conserve": 85.625, "champignon de paris saut\u00e9": 75.0}, "m\u00e9langes de l\u00e9gumes, l\u00e9gumes pr\u00e9par\u00e9s et autres l\u00e9gumes": {"ratatouille ni\u00e7oise": 142.0, "l\u00e9gume en pur\u00e9e hors pomme de terre non sal\u00e9": 133.07142857142858, "crudit\u00e9s vinaigrette sans pr\u00e9cision": 118.75, "c\u00e9leri r\u00e9moulade": 73.28571428571429, "autre l\u00e9gume frais ou crudit\u00e9, sans assaisonnement": 40.0, "champignons \u00e0 la grecque": 166.66666666666666, "pur\u00e9e de tomate": 30.0, "petits pois et carottes en conserve": 110.47058823529412, "l\u00e9gumes cuits sans pr\u00e9cision": 178.2, "mac\u00e9doine de l\u00e9gumes en conserve": 103.57142857142857, "l\u00e9gumes m\u00e9lang\u00e9s surgel\u00e9s": 139.1818181818182, "terrine ou mousse de l\u00e9gumes": 100.0, "choucroute sans garniture": 35.0}, "choux": {"chou-fleur cuit": 145.8125, "chou vert cuit": 162.6, "chou blanc cru": 37.142857142857146, "chou rouge cru": 93.0, "chou rouge cuit \u00e0 l'eau": 108.33333333333333, "brocoli cuit": 115.53846153846153, "chou de bruxelles cuit": 147.22222222222223}, "l\u00e9gumes tiges": {"asperge cuite": 133.59375, "artichaut cuit": 232.85714285714286, "germe ou pousse de soja en conserve": 36.666666666666664, "c\u00e9leri branche cuit": 175.0, "germe ou pousse de soja cru": 23.333333333333332, "poireau cuit": 63.75, "fenouil cuit \u00e0 l'eau": 175.0, "asperge en conserve": 37.5}, "haricots verts et petits pois (l\u00e9gumes potagers)": {"haricot vert surgel\u00e9 cuit": 88.58333333333333, "haricot beurre en conserve": 50.0, "petit pois cuit": 69.0909090909091, "petit pois en conserve": 86.0, "haricot vert cuit": 110.72, "haricot vert en conserve \u00e9goutt\u00e9": 111.88235294117646}, "l\u00e9gumes racines, tubercules ou bulbes": {"oignon cuit": 22.97596153846154, "salsifis en conserve": 129.33333333333334, "oignon cru": 18.75, "carotte en conserve": 87.5, "radis rouge cru": 53.57142857142857, "\u00e9chalote crue": 4.318181818181818, "c\u00e9leri-rave cuit": 138.0, "betterave rouge cuite": 122.5, "navet cuit": 25.0, "c\u00e9leri-rave cru": 68.33333333333333, "carotte cuite": 91.3974358974359, "carotte crue": 61.726190476190474}, "l\u00e9gumes fruits": {"tomate cerise crue": 47.857142857142854, "courgette crue": 50.0, "poivron vert jaune ou rouge cru": 20.0, "potiron cuit": 200.0, "ma\u00efs doux en conserve": 55.357142857142854, "aubergine cuite": 210.0, "poivron vert jaune ou rouge cuit": 56.0, "ma\u00efs doux en \u00e9pis cuit": 120.0, "poivron rouge cuit": 123.75, "tomate pel\u00e9e en conserve": 100.0, "concombre cru pulpe": 87.91666666666667, "tomate crue": 84.67213114754098, "avocat frais": 111.82352941176471, "poivron vert cuit": 137.5, "courgette cuite": 118.55}, "l\u00e9gumes feuilles": {"scarole crue": 62.5, "endive cuite": 103.3, "\u00e9pinard cru": 20.0, "chicor\u00e9e fris\u00e9e crue": 26.666666666666668, "m\u00e2che crue": 29.285714285714285, "autre salade sans assaisonnement": 45.666666666666664, "laitue crue": 36.666666666666664, "\u00e9pinard cuit": 150.0, "cresson": 20.0, "salade verte sans assaisonnement sans pr\u00e9cision": 36.484375, "bette ou blette cuite": 70.0, "pissenlit cru": 30.0, "endive crue": 27.105263157894736}}}