{"fromages": {"fromages affin\u00e9s": {"fromage et mini fromage type bonbel-babybel": 43.333333333333336, "bleu et mini bleu de bresse fromage \u00e0 p\u00e2te persill\u00e9e 45% m.g.": 64.0, "comt\u00e9 fromage \u00e0 p\u00e2te press\u00e9e cuite 45% m.g.": 32.17391304347826, "emmental all\u00e9g\u00e9": 40.0, "reblochon fromage \u00e0 p\u00e2te press\u00e9e non cuite 45% m.g.": 48.0, "brie fromage \u00e0 p\u00e2te molle \u00e0 cro\u00fbte fleurie 45% m.g.": 38.333333333333336, "morbier fromage \u00e0 p\u00e2te press\u00e9e non cuite 45% m.g.": 50.0, "fourme d'ambert fromage \u00e0 p\u00e2te persill\u00e9e 50% m.g.": 30.0, "port salut fromage \u00e0 p\u00e2te press\u00e9e non cuite \u00e0 cro\u00fbte lav\u00e9e 50% m.g.": 40.0, "fromage de ch\u00e8vre affin\u00e9 au lait pasteuris\u00e9 ou cru": 33.0, "coulommiers fromage \u00e0 p\u00e2te molle \u00e0 cro\u00fbte fleurie 40-45% m.g.": 30.714285714285715, "caprice des dieux fromage \u00e0 p\u00e2te molle 60% m.g.": 29.25, "fromage \u00e0 cuire pan\u00e9 nature type crousti'cho de pr\u00e9sident": 60.0, "cantal salers ou laguiole fromages \u00e0 p\u00e2te press\u00e9e non cuite 45% m.g.": 20.0, "parmesan fromage \u00e0 p\u00e2te press\u00e9e cuite 45% m.g.": 17.5, "fromage \u00e0 cuire pan\u00e9 au jambon type menu fromage": 150.0, "fromage de ch\u00e8vre mi-sec": 25.0, "emmental fromage \u00e0 p\u00e2te press\u00e9e cuite 45% m.g.": 22.6875, "tome ou tomme fromage \u00e0 p\u00e2te press\u00e9e non cuite 45% m.g.": 26.5, "leerdammer fromage \u00e0 p\u00e2te press\u00e9e demi-cuite \u00e0 trous 45% m.g.": 40.0, "saint-nectaire fromage \u00e0 p\u00e2te press\u00e9e non cuite 45% m.g.": 28.333333333333332, "camembert et apparent\u00e9s 50% m.g.": 23.333333333333332, "raclette fromage \u00e0 p\u00e2te press\u00e9e non cuite 45% m.g.": 144.28571428571428, "pav\u00e9 d'affinois fromage \u00e0 p\u00e2te molle 45% m.g.": 59.0, "mimolette fromage \u00e0 p\u00e2te press\u00e9e non cuite 45% m.g.": 42.5, "gruy\u00e8re fromage \u00e0 p\u00e2te press\u00e9e cuite 45% m.g.": 36.295081967213115, "roquefort fromage de brebis \u00e0 p\u00e2te persill\u00e9e 52% m.g.": 42.0, "bleu d'auvergne fromage \u00e0 p\u00e2te persill\u00e9e 50% m.g.": 30.0, "fromage \u00e0 p\u00e2te molle \u00e0 cro\u00fbte fleurie genre camembert all\u00e9g\u00e9 20-30% m.g.": 30.0, "camembert sans pr\u00e9cision": 42.859154929577464, "beaufort fromage \u00e0 p\u00e2te press\u00e9e cuite 45% m.g.": 30.0, "rouy fromage \u00e0 p\u00e2te molle \u00e0 cro\u00fbte lav\u00e9e 40% m.g.": 45.0, "autre fromage \u00e0 p\u00e2te molle \u00e0 cro\u00fbte lav\u00e9e": 30.0, "fromage sans pr\u00e9cision": 47.90625, "chaumes fromage \u00e0 p\u00e2te molle \u00e0 cro\u00fbte lav\u00e9e 50% m.g.": 60.0, "crottin fromage de ch\u00e8vre": 35.0, "autre fromage \u00e0 p\u00e2te press\u00e9e cuite": 12.0, "gorgonzola fromage \u00e0 p\u00e2te molle persill\u00e9e 45% m.g.": 30.0, "tomme de montagne ou tomme de savoie": 36.666666666666664, "cheddar fromage \u00e0 p\u00e2te press\u00e9e non cuite 45% m.g.": 40.0, "chaource fromage \u00e0 p\u00e2te molle \u00e0 cro\u00fbte fleurie 50% m.g.": 20.0, "camembert fromage \u00e0 p\u00e2te molle \u00e0 cro\u00fbte fleurie 45% m.g.": 39.6875, "fromage des pyr\u00e9n\u00e9es au lait de brebis": 33.333333333333336, "boursault fromage \u00e0 p\u00e2te molle double cr\u00e8me": 35.833333333333336, "gouda fromage \u00e0 p\u00e2te press\u00e9e non cuite 30-40% m.g.": 30.0, "munster fromage \u00e0 p\u00e2te molle \u00e0 cro\u00fbte lav\u00e9e 45-50% m.g.": 58.888888888888886}, "autres fromages ou fromage sans pr\u00e9cision": {"autre fromage": 97.66666666666667}, "fromages fondus": {"p'tit louis fromage fondu 65% m.g.": 23.4, "saint-moret fromage fondu demi-sel 30% m.g.": 20.0, "fromage de ch\u00e8vre fondu \u00e0 tartiner nature type cabrette ou chavroux": 30.0, "vache qui rit fromage fondu 50% m.g.": 19.22222222222222, "fromage fondu en portions ou en cubes 45-50% m.g.": 86.66666666666667, "ap\u00e9ricube fromage fondu 50% m.g.": 65.0, "samos 99 fromage fondu double cr\u00e8me 70% m.g.": 100.0, "saint-moret all\u00e9g\u00e9 fromage fondu demi-sel 20% m.g.": 83.33333333333333, "snack pour enfants \u00e0 base de fromage fondu et gressins type pik et croq ou kiri": 30.0, "fromage fondu 25% m.g. type sylphide ou vache qui rit \u00e9quilibre et ligne": 23.666666666666668, "kiri cr\u00e8me fromage fondu double cr\u00e8me 70% m.g.": 24.285714285714285}, "fromages frais non affin\u00e9s": {"sp\u00e9cialit\u00e9 fromag\u00e8re non affin\u00e9e double cr\u00e8me 70% m.g.": 32.0, "f\u00e9ta de brebis": 28.75, "boursin fromage frais sal\u00e9 aromatis\u00e9 70% m.g.": 26.214285714285715, "fromage de ch\u00e8vre frais": 20.0, "tartare fromage frais aromatis\u00e9 sal\u00e9 70% m.g.": 63.0, "carr\u00e9 frais fromage \u00e0 tartiner 40% m.g.": 31.25, "fromage frais \u00e0 tartiner \u00e0 plus de 60% m.g.": 47.666666666666664, "mozzarella": 35.0, "fromage frais \u00e0 tartiner 40-60% m.g": 50.0}}}