{"pain et panification s\u00e8che": {"biscottes et panification s\u00e8che": {"autre biscotte": 37.142857142857146, "tartine extrud\u00e9e fourr\u00e9e au chocolat ou aux fruits type craquinette de lu": 25.384615384615383, "pain grill\u00e9 au froment type tranches pain grill\u00e9 pelletier lu braisotte jacquet": 61.666666666666664, "biscotte compl\u00e8te ou riche en fibres": 30.0, "biscotte multic\u00e9r\u00e9ales type heudebert aux six c\u00e9r\u00e9ales": 8.0, "biscotte sans adjonction de sel": 32.0, "biscotte classique type heudebert lu": 20.181818181818183}, "autres produits de panification": {"chapelure ou panure": 5.375, "cro\u00fbtons": 35.0}, "pain": {"pain grill\u00e9 maison": 64.2, "pain aux c\u00e9r\u00e9ales artisanal": 77.05128205128206, "pain courant fran\u00e7ais boule \u00e0 la levure": 68.95714285714286, "pain sans pr\u00e9cision": 95.71428571428571, "pain de seigle et froment": 28.5, "pain brioch\u00e9 ou viennois": 57.5, "pain complet ou int\u00e9gral artisanal": 58.87931034482759, "autre pain": 61.62162162162162, "pain de mie": 62.15, "pain baguette": 83.05911330049261, "pain de campagne ou bis": 65.51282051282051}}}