{"pommes de terre et apparent\u00e9s": {"sans": {"pur\u00e9e de pomme de terre avec lait et beurre non sal\u00e9e": 166.16666666666666, "pomme de terre rissol\u00e9e surgel\u00e9e": 153.0612244897959, "pur\u00e9e de pomme de terre \u00e0 base de flocons reconstitu\u00e9e au lait demi-\u00e9cr\u00e9m\u00e9": 179.7826086956522, "pomme de terre dauphine cuite": 110.71428571428571, "gnocchis de pommes de terre": 83.33333333333333, "pomme de terre frite surgel\u00e9e cuite": 71.91780821917808, "pomme de terre cuite \u00e0 la vapeur": 209.25925925925927, "pomme noisette pr\u00e9cuite surgel\u00e9e": 50.0, "pomme de terre cuite au four": 123.57142857142857, "pomme de terre frite non sal\u00e9e": 83.33333333333333, "pomme de terre cuite \u00e0 l'eau": 184.28571428571428}}}