{"viennoiserie": {"sans": {"croissant au beurre artisanal": 47.916666666666664, "croissant sans pr\u00e9cision": 77.6470588235294, "brioche sans pr\u00e9cision": 55.95744680851064, "pain aux raisins": 46.53846153846154, "pain au chocolat feuillet\u00e9 artisanal": 52.07446808510638, "brioche industrielle pr\u00e9emball\u00e9e": 54.13636363636363, "autre viennoiserie": 70.0, "chausson aux pommes": 238.0, "pain au lait artisanal": 65.41666666666667, "croissant aux amandes artisanal": 66.66666666666667, "croissant ordinaire artisanal": 62.333333333333336}}}