{"sucres et d\u00e9riv\u00e9s": {"confiserie": {"bonbons g\u00e9lifi\u00e9s": 62.0, "p\u00e2te d'amande fabrication industrielle": 38.75, "chewing-gum sucr\u00e9": 3.888888888888889, "confiserie \u00e0 base de cacahu\u00e8tes drag\u00e9ifi\u00e9es enrob\u00e9es de chocolat type m&ms cacah": 31.0, "bonbons tout type sauf g\u00e9lifi\u00e9s": 17.82051282051282, "chewing-gum sans sucre": 3.4074074074074074, "nougat ou touron": 105.0}, "confiture et miel": {"miel": 15.21774193548387, "confiture de cerise": 20.0, "confiture ajout\u00e9e au service": 10.0, "confiture de fraise": 41.666666666666664, "confiture d'abricot": 14.705882352941176, "confiture ou marmelade tout type": 29.563758389261746, "confiture all\u00e9g\u00e9e": 16.666666666666668}, "sucre et assimil\u00e9s": {"sucre roux": 9.28125, "sucre blanc": 8.051507537688442, "sucre blanc ajout\u00e9 au service": 6.540697674418604, "sucre all\u00e9g\u00e9 type tutti free": 2.1420000000000003, "fructose": 6.0}}}