{"viande": {"autre viande": {"autre viande": 138.33333333333334, "brochette mixte de viande": 98.75, "viande cuite sans pr\u00e9cision": 130.0}, "b\u0153uf en pi\u00e8ces ou hach\u00e9": {"b\u0153uf \u00e0 pot-au-feu cuit": 195.0, "steak hach\u00e9 20% m.g. cuit": 63.75, "b\u0153uf boulettes cuites": 131.25, "b\u0153uf faux-filet grill\u00e9": 158.75, "brochette de b\u0153uf": 150.0, "steak hach\u00e9 5% m.g. cuit": 105.0, "carpaccio de boeuf": 130.0, "steak hach\u00e9 15% m.g. cuit": 134.84375, "boeuf bifteck grill\u00e9": 130.24528301886792, "b\u0153uf \u00e0 bourguignon cuit": 117.5, "b\u0153uf entrec\u00f4te grill\u00e9e": 138.125, "b\u0153uf rosbif r\u00f4ti": 106.42857142857143}, "porc": {"porc c\u00f4telette grill\u00e9e": 135.47619047619048, "porc filet r\u00f4ti maigre cuit": 85.0, "porc travers brais\u00e9": 186.66666666666666, "porc \u00e9chine r\u00f4tie": 100.0, "porc r\u00f4ti cuit": 112.90625}, "agneau": {"agneau c\u00f4telette grill\u00e9e": 124.0, "agneau gigot r\u00f4ti": 126.875}, "veau": {"veau escalope cuite": 91.5, "veau r\u00f4ti": 127.5, "veau filet r\u00f4ti": 240.0, "veau c\u00f4te cuite": 135.83333333333334, "veau mijot\u00e9": 96.25, "veau escalope pan\u00e9e": 130.0}}}