{"region_11_partitions_foodgrp_26": {"fruits": {"sans": {"mûre de ronce fraîche": 50.0, "fruit sans précision": 225.0, "ananas frais": 89.0, "litchi frais": 66.66666666666667, "cerise fraîche": 166.66666666666666, "framboise fraîche": 95.33333333333333, "pamplemousse frais": 136.38888888888889, "raisin noir frais": 201.66666666666666, "salade de fruits frais": 175.0, "pastèque fraîche": 320.0, "abricot frais": 101.85, "mirabelle fraîche": 305.0, "banane fraîche": 151.19266055045873, "kiwi frais": 99.0, "figue fraîche": 175.0, "mangue fraîche": 140.0, "raisin blanc frais": 128.3, "fraise fraîche": 175.0, "nectarine non pelée fraîche": 143.94736842105263, "melon frais": 214.04761904761904, "orange fraîche": 176.8939393939394, "poire non pelée fraîche": 135.19117647058823, "mûre noire de mûrier fraîche": 76.25, "citron frais": 9.5, "prune reine-claude fraîche": 75.0, "clémentine ou mandarine fraîche": 100.20833333333333, "groseille fraîche": 55.0, "pomme non pelée fraîche": 180.90490797546013, "pêche non pelée fraîche": 166.4}}}}