{"beurre": {"sans": {"beurre doux l\u00e9ger 39-41% m.g.": 14.454545454545455, "beurre sal\u00e9 sel > 3%": 12.0, "mati\u00e8re grasse laiti\u00e8re l\u00e9g\u00e8re 25% m.g. \u00e0 tartiner type bridelight": 6.0, "beurre doux": 11.592651757188499, "beurre all\u00e9g\u00e9 sans pr\u00e9cision": 14.045454545454545, "beurre sal\u00e9 non all\u00e9g\u00e9 ajout\u00e9 \u00e0 la cuisson": 8.75, "beurre all\u00e9g\u00e9 ajout\u00e9 au service": 7.896551724137931, "beurre all\u00e9g\u00e9 ajout\u00e9 \u00e0 la cuisson": 9.285714285714286, "beurre sal\u00e9 non all\u00e9g\u00e9 ajout\u00e9e au service": 6.4, "beurre demi-sel sel maxi 3%": 5.0, "beurre doux non all\u00e9g\u00e9 ajout\u00e9 \u00e0 la cuisson": 8.168316831683168, "beurre doux non all\u00e9g\u00e9 ajout\u00e9e au service": 9.15625}}}