{"p\u00e2tisseries et g\u00e2teaux": {"p\u00e2tisseries et tartes": {"tarte ou tartelette aux pommes": 188.28125, "p\u00e2tisserie orientale aux amandes et au sirop": 65.0, "p\u00e2tisserie sans pr\u00e9cision": 89.0, "crumble aux pommes": 99.75, "tarte \u00e0 la cr\u00e8me": 91.66666666666667, "tarte ou tartelette aux fruits": 139.390243902439, "macaron moelleux fourr\u00e9 \u00e0 la confiture ou \u00e0 la cr\u00e8me artisanal": 33.75, "autre p\u00e2tisserie": 158.33333333333334, "\u00e9clair": 95.0}, "g\u00e2teaux": {"g\u00e2teau moelleux fourr\u00e9 au chocolat ou aux p\u00e9pites de chocolat noir ou au lait": 40.0, "autre g\u00e2teau": 117.5, "g\u00e2teau au chocolat": 87.33333333333333, "g\u00e2teau moelleux fourr\u00e9 au chocolat multicouches type napolitain lu ou kinder d\u00e9l": 66.5, "muffin": 111.25, "g\u00e2teau \u00e0 la cr\u00e8me": 117.42857142857143, "galette des rois feuillet\u00e9e fourr\u00e9e \u00e0 la frangipane": 124.70588235294117, "g\u00e2teau moelleux g\u00e9noise fourr\u00e9e \u00e0 l'orange enrob\u00e9e de chocolat type pim's": 60.0, "charlotte aux fruits artisanale": 40.0, "cake aux fruits": 44.61904761904762, "g\u00e2teau au fromage blanc": 166.66666666666666, "quatre-quarts fabrication industrielle": 57.10526315789474, "g\u00e2teau de savoie": 105.0, "madeleine": 79.76190476190476, "g\u00e2teau moelleux g\u00e9noise fourr\u00e9e \u00e0 l'orange type chamonix": 20.0, "g\u00e2teau sans pr\u00e9cision": 77.38888888888889, "g\u00e2teau mousse aux fruits sur g\u00e9noise type miroir aux fruits rouges de picard": 108.57142857142857, "brownie au chocolat": 67.9, "g\u00e2teau moelleux fourr\u00e9 aux fruits type mini roul\u00e9 fraise captain choc": 66.66666666666667}, "beignets, cr\u00eapes et gaufres": {"cr\u00eape au froment fourr\u00e9e au chocolat ou ou \u00e0 la p\u00e2te \u00e0 tartiner chocolat et nois": 72.0, "beignet sucr\u00e9 nature": 49.44444444444444, "cr\u00eape au froment sucr\u00e9e non fourr\u00e9e": 80.14285714285714, "beignet fourr\u00e9 aux fruits": 35.0, "cr\u00eape au froment nature": 112.73214285714286, "beignet fourr\u00e9 \u00e0 la confiture": 35.0, "gaufre bruxelloise ou li\u00e9geoise avec ou sans chocolat pr\u00e9emball\u00e9e": 60.45454545454545, "cr\u00eape au froment fourr\u00e9e \u00e0 la confiture": 55.5}}}