{"region_11_partitions_foodgrp_31": {"eaux": {"eau minérale plate": {"vittel eau plate": 296.2068965517241, "wattwiller eau plate": 271.1111111111111, "saint amand vauban eau plate": 200.0, "évian eau plate": 178.54166666666666, "hépar eau plate": 548.8, "eau minérale plate sans précision": 230.0, "contrex eau plate": 347.89473684210526, "thonon eau plate": 340.74074074074076, "volvic eau plate": 241.625}, "eau du robinet": {"eau du robinet": 290.8693134822167}, "eau minérale gazeuse": {"eau gazeuse sans précision": 238.57142857142858, "saint yorre eau gazeuse": 200.0, "perrier eau gazeuse": 420.8333333333333, "quézac eau gazeuse": 368.8888888888889, "badoit eau gazeuse": 256.5625, "arvie eau gazeuse": 250.0, "la vernière eau gazeuse": 120.0}, "eau de source": {"eau de source": 284.96192893401013}, "autre eau": {"autre eau minérale": 377.39130434782606, "eau minérale sans précision": 286.969696969697}}}}