{"ultra-frais laitier": {"cr\u00e8me fra\u00eeche": {"cr\u00e8me chantilly sucr\u00e9e sous pression uht": 13.875, "cr\u00e8me fra\u00eeche ou cr\u00e8me de lait sans pr\u00e9cision": 21.235849056603772, "cr\u00e8me fra\u00eeche ou cr\u00e8me de lait fluide au moins 30% m.g. uht": 5.6, "cr\u00e8me fra\u00eeche all\u00e9g\u00e9e ajout\u00e9e \u00e0 la cuisson": 20.0, "cr\u00e8me fra\u00eeche ou cr\u00e8me de lait \u00e9paisse au moins 30% m.g. rayon frais": 18.785714285714285, "cr\u00e8me fra\u00eeche non all\u00e9g\u00e9e ajout\u00e9e au service": 20.0, "cr\u00e8me fra\u00eeche all\u00e9g\u00e9e ajout\u00e9e au service": 16.0, "sp\u00e9cialit\u00e9 \u00e0 base de cr\u00e8me l\u00e9g\u00e8re 8% m.g. type cr\u00e8me fluide ou \u00e9paisse": 45.0, "cr\u00e8me fra\u00eeche ou cr\u00e8me de lait fluide all\u00e9g\u00e9e 15 \u00e0 20% m.g. uht": 12.266666666666667, "cr\u00e8me fra\u00eeche ou cr\u00e8me de lait fluide au moins 30% m.g. rayon frais": 16.181818181818183}, "yaourts et assimil\u00e9s": {"yaourt brass\u00e9 nature au lait entier type danone velout\u00e9 nature": 128.7037037037037, "yaourt bulgare ou velout\u00e9 \u00e0 la pulpe de fruits au lait entier": 121.42857142857143, "sp\u00e9cialit\u00e9 laiti\u00e8re type yaourt au bifidus aromatis\u00e9 au lait entier sucr\u00e9e type": 125.0, "sp\u00e9cialit\u00e9 laiti\u00e8re type yaourt au lait entier au bifidus et aux fruits sucr\u00e9e": 125.0, "sp\u00e9cialit\u00e9 laiti\u00e8re type yaourt 0% aux fruits aux \u00e9dulcorants type panier de yop": 125.03703703703704, "yaourt aux fruits au lait entier sucr\u00e9 type danone recette cr\u00e9meuse aux fruits o": 131.16666666666666, "yaourt ou sp\u00e9cialit\u00e9 laiti\u00e8re nature": 122.43589743589743, "yaourt nature au lait entier": 133.33333333333334, "sp\u00e9cialit\u00e9 laiti\u00e8re type yaourt 0% aux fruits sucr\u00e9e type sveltesse aux fruits p": 125.0, "autre yaourt ou sp\u00e9cialit\u00e9 laiti\u00e8re nature ou aux fruit": 125.0, "lait ferment\u00e9 \u00e0 boire maigre nature type lait ribot ou lact\u00e9or l'ben": 93.0, "sp\u00e9cialit\u00e9 laiti\u00e8re type yaourt 0% aromatis\u00e9e sucr\u00e9e type weight watcher": 125.0, "yaourt aromatis\u00e9 au lait entier sucr\u00e9": 122.22222222222223, "lait ferment\u00e9 au bifidus nature au lait entier type danone activa": 126.73611111111111, "yaourt ou sp\u00e9cialit\u00e9 laiti\u00e8re aux fruits sans pr\u00e9cision": 121.34146341463415, "yaourt \u00e0 boire aromatis\u00e9 au lait demi-\u00e9cr\u00e9m\u00e9 sucr\u00e9 type yopi": 167.75, "yaourt ou sp\u00e9cialit\u00e9 laiti\u00e8re sans pr\u00e9cision": 131.6969696969697, "yaourt aux fruits au lait demi-\u00e9cr\u00e9m\u00e9 sucr\u00e9 type panier de yoplait": 148.33333333333334, "lait ferment\u00e9 \u00e0 boire au bifidus et aux fruits genre yaourt \u00e0 boire": 93.0, "yaourt aux c\u00e9r\u00e9ales ou au muesli au lait entier": 125.0, "sp\u00e9cialit\u00e9 laiti\u00e8re nature \u00e0 base de fromage blanc enrichie en cr\u00e8me type fjord": 141.66666666666666, "yaourt nature 0% m.g. type taillefine nature 0% danone yoplait silhouette": 127.63157894736842, "yaourt nature au lait demi-\u00e9cr\u00e9m\u00e9": 100.0, "lait ferment\u00e9 \u00e0 boire au lait demi-\u00e9cr\u00e9m\u00e9 nature type actimel": 100.0, "yaourt nature au lait demi-\u00e9cr\u00e9m\u00e9 sucr\u00e9": 142.85714285714286, "yaourt aromatis\u00e9 au lait demi-\u00e9cr\u00e9m\u00e9 sucr\u00e9": 129.31034482758622}, "fromage blanc et petits suisses": {"petit-suisse nature 20% m.g. type gervais petit vitalit\u00e9": 120.0, "fromage blanc sans pr\u00e9cision": 95.45454545454545, "petit suisse aux fruits au lait demi-\u00e9cr\u00e9m\u00e9 type petits filous": 85.9090909090909, "fromage blanc battu nature 40% m.g. type danone jockey 40% ou yoplait calin 40%": 70.14285714285714, "petit-suisse nature 40% m.g.": 97.5, "fromage blanc battu 20% m.g. nature": 111.53846153846153, "fromage blanc de campagne nature 40% m.g. type senoble fromage frais 43% campagn": 150.0, "fromage blanc aux fruits sucr\u00e9 30-40% m.g.": 50.0, "fromage blanc de campagne nature 0% m.g.": 250.0, "fromage blanc battu nature 30% m.g.": 100.0, "autre fromage blanc": 40.0, "fromage blanc battu nature 0% m.g.": 96.29629629629629}}}