{"l\u00e9gumes secs": {"l\u00e9gumes secs": {"pois cass\u00e9 cuit": 30.0, "haricot rouge cuit": 216.66666666666666, "haricot blanc cuit": 116.66666666666667, "haricot blanc en conserve": 125.0, "lentille cuite": 110.0, "pois chiche cuit": 30.0, "haricot flageolet en conserve": 134.6153846153846}, "l\u00e9gumes secs pr\u00e9par\u00e9s": {"lentille cuisin\u00e9e en conserve": 165.0}}}