{"margarine": {"sans": {"margarine type primev\u00e8re 60% m.g. ajout\u00e9e au service": 7.625, "margarine ordinaire  60% m.g. ajout\u00e9e \u00e0 la cuisson": 10.0, "mati\u00e8re grasse compos\u00e9e all\u00e9g\u00e9e 60% m.g. type le fleurier ou tartine et cuisine": 7.6, "mati\u00e8re grasse l\u00e9g\u00e8re 35% m.g. enrichie en st\u00e9rols/stanols type proactive tartin": 10.0, "margarine de cuisine 80% m.g.": 8.781818181818181, "mati\u00e8re grasse all\u00e9g\u00e9e 60% m.g.": 11.614285714285714, "margarine proactiv de fruit d'or ajout\u00e9e \u00e0 la cuisson": 8.571428571428571, "margarine type primev\u00e8re 60% m.g. ajout\u00e9e \u00e0 la cuisson": 9.516129032258064, "mati\u00e8re grasse all\u00e9g\u00e9e 55-60% m.g. riche en om\u00e9ga 3 et 6": 15.3625, "margarine all\u00e9g\u00e9e  40% m.g. ajout\u00e9e \u00e0 la cuisson": 10.0, "mati\u00e8re grasse 70% m.g. en pain type astra": 8.0, "mati\u00e8re grasse l\u00e9g\u00e8re 38-41% m.g. \u00e0 tartiner": 7.566666666666666, "margarine au tournesol en barquette 80% m.g. type fruit d'or": 6.25, "margarine au tournesol  60% m.g. ajout\u00e9e \u00e0 la cuisson": 10.0, "margarine au tournesol  70% ou 80% m.g. ajout\u00e9e \u00e0 la cuisson": 9.318181818181818, "margarine proactiv de fruit d'or ajout\u00e9e au service": 8.68421052631579, "margarine ordinaire  70% ou 80% m.g. ajout\u00e9e \u00e0 la cuisson": 10.0}}}