{"fruits": {"sans": {"m\u00fbre de ronce fra\u00eeche": 50.0, "fruit sans pr\u00e9cision": 225.0, "ananas frais": 89.0, "litchi frais": 66.66666666666667, "cerise fra\u00eeche": 166.66666666666666, "framboise fra\u00eeche": 95.33333333333333, "pamplemousse frais": 136.38888888888889, "raisin noir frais": 201.66666666666666, "salade de fruits frais": 175.0, "past\u00e8que fra\u00eeche": 320.0, "abricot frais": 101.85, "mirabelle fra\u00eeche": 305.0, "banane fra\u00eeche": 151.19266055045873, "kiwi frais": 99.0, "figue fra\u00eeche": 175.0, "mangue fra\u00eeche": 140.0, "raisin blanc frais": 128.3, "fraise fra\u00eeche": 175.0, "nectarine non pel\u00e9e fra\u00eeche": 143.94736842105263, "melon frais": 214.04761904761904, "orange fra\u00eeche": 176.8939393939394, "poire non pel\u00e9e fra\u00eeche": 135.19117647058823, "m\u00fbre noire de m\u00fbrier fra\u00eeche": 76.25, "citron frais": 9.5, "prune reine-claude fra\u00eeche": 75.0, "cl\u00e9mentine ou mandarine fra\u00eeche": 100.20833333333333, "groseille fra\u00eeche": 55.0, "pomme non pel\u00e9e fra\u00eeche": 180.90490797546013, "p\u00eache non pel\u00e9e fra\u00eeche": 166.4}}}