{"oeufs et d\u00e9riv\u00e9s": {"sans": {"omelette nature cuite au beurre": 148.84615384615384, "oeuf dur": 58.292682926829265, "oeuf poch\u00e9": 60.0, "oeuf au plat sal\u00e9": 92.22222222222223, "omelette aux fines herbes": 175.0, "omelette aux champignons": 50.0, "oeuf \u00e0 la coque": 90.0, "oeufs brouill\u00e9s au beurre": 80.0}}}