{"huile": {"sans": {"huile v\u00e9g\u00e9tale sans pr\u00e9cision": 10.472222222222221, "huile de colza": 14.310344827586206, "autre huile v\u00e9g\u00e9tale": 10.0, "huile d'arachide": 12.0, "huile de p\u00e9pins de raisin": 10.0, "huile d'arachide ajout\u00e9e \u00e0 la cuisson": 9.0, "huile m\u00e9lang\u00e9e (type isio 4) ajout\u00e9e au service": 10.0, "huile m\u00e9lang\u00e9e \u00e9quilibr\u00e9e type isio 4": 18.920454545454547, "huile de colza ajout\u00e9e au service": 10.0, "huile d'olive ajout\u00e9e au service": 10.818181818181818, "huile de tournesol ajout\u00e9e au service": 10.0, "huile m\u00e9lang\u00e9e (type isio 4) ajout\u00e9e \u00e0 la cuisson": 10.702702702702704, "huile de tournesol ajout\u00e9e \u00e0 la cuisson": 10.357142857142858, "huile d'arachide ajout\u00e9e au service": 10.0, "huile d'olive ajout\u00e9e \u00e0 la cuisson": 10.909090909090908, "huile d'olive vierge": 11.383928571428571, "huile de noix": 6.7, "huile de tournesol": 11.266666666666667}}}