{"condiments et sauces": {"condiments d'assaisonnement": {"ail frais": 3.2241379310344827, "vinaigre": 9.9, "cube pour bouillon de b\u0153uf": 5.857142857142857, "concentr\u00e9 de tomate": 14.8, "sauce de soja": 7.222222222222222}, "condiments d'accompagnement": {"olive verte en saumure": 13.076923076923077, "moutarde": 7.35, "c\u00e2pres": 7.666666666666667, "cornichon au vinaigre": 52.5, "ketchup": 39.375}, "herbes aromatiques": {"basilic frais": 2.1333333333333333, "persil frais": 7.647619047619047, "menthe fra\u00eeche": 2.576, "thym sec": 2.24, "ciboule ou ciboulette fra\u00eeche": 2.3850000000000002, "herbes aromatiques fra\u00eeches": 1.445263157894737}, "sauces": {"mayonnaise \u00e0 l'huile de tournesol": 45.0, "sauce au yaourt": 33.0, "vinaigrette ajout\u00e9e au service": 20.0, "sauce tomate sans viande": 29.85, "sauce sans pr\u00e9cision": 30.0, "vinaigrette sans pr\u00e9cision": 21.47586206896552, "sauce \u00e0 la cr\u00e8me aux herbes": 45.0, "sauce \u00e0 la cr\u00e8me": 25.714285714285715, "sauce au vin rouge": 22.03125, "mayonnaise ajout\u00e9e au service": 15.0, "sauce aux champignons": 28.333333333333332, "sauce au fromage": 30.0, "vinaigrette all\u00e9g\u00e9e ajout\u00e9e au service": 20.0, "sauce aigre-douce": 25.0, "mayonnaise": 13.666666666666666, "sauce b\u00e9arnaise": 10.0, "sauce au beurre": 26.25, "mayonnaise all\u00e9g\u00e9e": 15.0, "vinaigrette all\u00e9g\u00e9e": 26.55263157894737, "sauce au curry": 28.5, "sauce tomate \u00e0 la viande ou bolognaise type panzani ou buitoni": 37.46153846153846, "sauce moutarde": 11.666666666666666, "sauce au fromage blanc ajout\u00e9e au service": 20.0, "autre sauce": 30.0, "vinaigrette \u00e0 l'huile d'olive": 29.166666666666668, "sauce b\u00e9chamel en brique": 42.22222222222222}, "sel et \u00e9pices": {"curry en poudre": 2.0, "poivre noir moulu": 1.0916666666666666, "gingembre moulu": 6.0, "sel fin ou gros": 2.772727272727273, "cannelle": 2.25, "sel de mer": 7.428571428571429, "\u00e9pices sans pr\u00e9cision": 1.9}}}