{"autres boissons chaudes": {"th\u00e9 et infusions": {"tisane infus\u00e9e non sucr\u00e9e": 304.609375, "th\u00e9 infus\u00e9 non sucr\u00e9": 280.4032258064516}, "cacao, poudres et boissons cacaot\u00e9es": {"poudre cacaot\u00e9e sucr\u00e9e enrichie pour boisson": 16.8, "poudre cacaot\u00e9e et sucr\u00e9e pour boisson au chocolat": 9.612403100775193, "boisson instantan\u00e9e cacaot\u00e9e sucr\u00e9e reconstitu\u00e9e": 273.3333333333333, "boisson cacaot\u00e9e sucr\u00e9e au lait type cacolac": 200.0}, "chicor\u00e9e et poudre malt\u00e9e": {"poudre malt\u00e9e et sucr\u00e9e pour boisson": 2.3333333333333335, "poudre soluble \u00e0 base de chicor\u00e9e et de caf\u00e9 type ricor\u00e9": 1.9058823529411764, "chicor\u00e9e en poudre soluble type leroux": 9.555555555555555}}}