{"l\u00e9gumes (hors pommes de terre)": {"champignons": {"champignon tout type cru sans pr\u00e9cision": 20.0, "champignon tout type en conserve": 88.12, "champignon de paris en conserve": 107.5, "champignon de paris saut\u00e9": 87.5}, "m\u00e9langes de l\u00e9gumes, l\u00e9gumes pr\u00e9par\u00e9s et autres l\u00e9gumes": {"ratatouille ni\u00e7oise": 152.5, "l\u00e9gume en pur\u00e9e hors pomme de terre non sal\u00e9": 153.33333333333334, "crudit\u00e9s vinaigrette sans pr\u00e9cision": 123.33333333333333, "c\u00e9leri r\u00e9moulade": 83.33333333333333, "pulpe de tomate en conserve": 39.6, "champignons \u00e0 la grecque": 100.0, "pur\u00e9e de tomate": 240.0, "petits pois et carottes en conserve": 135.5, "l\u00e9gumes cuits sans pr\u00e9cision": 138.33333333333334, "autre l\u00e9gume frais ou crudit\u00e9, sans assaisonnement": 14.166666666666666, "mac\u00e9doine de l\u00e9gumes en conserve": 142.31578947368422, "l\u00e9gumes m\u00e9lang\u00e9s surgel\u00e9s": 110.75, "terrine ou mousse de l\u00e9gumes": 79.28571428571429}, "choux": {"chou-fleur cuit": 150.33333333333334, "chou vert cuit": 78.33333333333333, "chou blanc cru": 37.5, "chou rouge cru": 96.42857142857143, "brocoli cuit": 119.73913043478261, "chou de bruxelles cuit": 135.85714285714286}, "l\u00e9gumes tiges": {"asperge cuite": 101.85714285714286, "artichaut cuit": 257.5, "c\u00e9leri branche cuit": 112.6, "germe ou pousse de soja cru": 50.0, "poireau cuit": 79.375, "fenouil cuit \u00e0 l'eau": 160.71428571428572, "c\u0153ur de palmier en conserve": 37.5, "asperge en conserve": 100.0, "fenouil cru": 100.0}, "haricots verts et petits pois (l\u00e9gumes potagers)": {"haricot vert surgel\u00e9 cuit": 129.2, "haricot vert cuit": 106.68085106382979, "petit pois cuit": 121.42857142857143, "haricot vert en conserve \u00e9goutt\u00e9": 116.75675675675676, "petit pois en conserve": 135.32142857142858}, "l\u00e9gumes racines, tubercules ou bulbes": {"oignon cuit": 22.44871794871795, "salsifis en conserve": 100.0, "oignon cru": 25.0, "carotte en conserve": 94.0, "radis rouge cru": 56.81818181818182, "\u00e9chalote crue": 5.7631578947368425, "betterave rouge cuite": 71.92307692307692, "c\u00e9leri-rave cru": 60.3125, "carotte cuite": 122.4390243902439, "carotte crue": 66.51470588235294}, "l\u00e9gumes fruits": {"tomate cerise crue": 28.5, "courgette crue": 40.0, "potiron cuit": 100.0, "ma\u00efs doux en conserve": 57.8125, "aubergine cuite": 250.0, "poivron vert jaune ou rouge cuit": 65.45454545454545, "tomate pel\u00e9e en conserve": 50.0, "concombre cru pulpe": 79.76595744680851, "tomate crue": 103.97849462365592, "avocat frais": 98.13333333333334, "poivron vert cuit": 50.0, "courgette cuite": 126.3125}, "l\u00e9gumes feuilles": {"scarole crue": 50.0, "endive cuite": 164.66666666666666, "chicor\u00e9e fris\u00e9e crue": 20.0, "salade verte sans assaisonnement sans pr\u00e9cision": 39.333333333333336, "oseille cuite \u00e0 l'eau": 116.25, "autre salade sans assaisonnement": 42.121212121212125, "laitue crue": 27.0, "\u00e9pinard cuit": 143.42857142857142, "cresson": 60.0, "laitue romaine crue": 50.0, "m\u00e2che crue": 29.0, "endive crue": 34.54545454545455}}}