{"charcuterie": {"p\u00e2t\u00e9s, terrines, rillettes et foie gras": {"foie gras en conserve": 35.0, "p\u00e2t\u00e9 de t\u00eate ou fromage de t\u00eate": 87.66666666666667, "p\u00e2t\u00e9 de campagne": 57.875, "p\u00e2t\u00e9 en cro\u00fbte": 120.45454545454545, "mousse de foie": 13.5, "p\u00e2t\u00e9 de foie de porc": 34.5, "rillettes pur porc": 50.0, "p\u00e2t\u00e9 de lapin": 13.0, "rillettes": 20.0, "p\u00e2t\u00e9 de foie de volaille": 87.5, "terrine de canard": 100.0}, "autre charcuterie ou charcuterie  sans pr\u00e9cision": {"charcuterie sans pr\u00e9cision": 70.0, "autre charcuterie": 52.5}, "saucisses, saucissons, andouilles et boudins": {"saucisse cocktail": 38.0, "saucisse de morteau cuite": 53.04761904761905, "saucisson sec pur porc": 28.25, "cervelas": 36.583333333333336, "saucisse de montb\u00e9liard": 110.33333333333333, "saucisson sec": 33.28333333333333, "rosette ou fuseau": 19.166666666666668, "chair \u00e0 saucisse": 46.666666666666664, "salami": 25.0, "chipolata cuite": 55.0, "andouillette r\u00e9chauff\u00e9e": 137.66666666666666, "merguez de b\u0153uf et de mouton cuite": 85.41666666666667, "boudin blanc cuit": 100.0, "boudin noir cuit": 122.0, "mortadelle": 25.0, "saucisse s\u00e8che": 30.0, "saucisse alsacienne fum\u00e9e ou gendarme": 112.5, "saucisson \u00e0 l'ail": 39.1, "saucisse sans pr\u00e9cision": 85.57142857142857, "chorizo sec": 25.0, "saucisse de strasbourg": 61.233333333333334}, "jambons et charcuteries en pi\u00e8ces": {"jambon cuit sup\u00e9rieur dd (d\u00e9couenn\u00e9 d\u00e9graiss\u00e9)": 15.0, "jambon cuit": 52.794117647058826, "jambon cuit fum\u00e9": 27.5, "lardon nature cuit": 33.411764705882355, "jambon cuit sup\u00e9rieur": 38.888888888888886, "jambon cru fum\u00e9": 56.666666666666664, "jambon cuit dd (d\u00e9couenn\u00e9 d\u00e9graiss\u00e9)": 40.0, "pancetta ou poitrine roul\u00e9e s\u00e8che": 60.0, "jambon sec dd (d\u00e9couenn\u00e9 d\u00e9graiss\u00e9)": 30.0, "jambon cru": 45.23809523809524, "bacon filet cuit": 29.333333333333332}}}