{"pommes de terre et apparent\u00e9s": {"sans": {"pur\u00e9e de pomme de terre avec lait et beurre non sal\u00e9e": 169.58333333333334, "pomme de terre rissol\u00e9e surgel\u00e9e": 150.0, "pur\u00e9e de pomme de terre \u00e0 base de flocons reconstitu\u00e9e au lait demi-\u00e9cr\u00e9m\u00e9": 156.66666666666666, "pomme de terre dauphine cuite": 116.66666666666667, "gnocchis de pommes de terre": 83.33333333333333, "pomme de terre frite surgel\u00e9e cuite": 74.796875, "pomme de terre cuite \u00e0 la vapeur": 205.55555555555554, "pomme noisette pr\u00e9cuite surgel\u00e9e": 88.88888888888889, "pomme de terre cuite au four": 177.77777777777777, "pomme de terre frite non sal\u00e9e": 98.61111111111111, "pomme de terre cuite \u00e0 l'eau": 162.04819277108433}}}