{"caf\u00e9": {"sans": {"caf\u00e9 soluble en poudre": 1.7462686567164178, "caf\u00e9 au lait ou caf\u00e9 cr\u00e8me ou cappuccino non sucr\u00e9": 307.57142857142856, "caf\u00e9 soluble reconstitu\u00e9 pr\u00eat \u00e0 boire non sucr\u00e9": 354.3478260869565, "caf\u00e9 expresso non sucr\u00e9": 91.875, "caf\u00e9 noir pr\u00eat \u00e0 boire non sucr\u00e9": 223.19266055045873, "caf\u00e9 d\u00e9caf\u00e9in\u00e9 pr\u00eat \u00e0 boire non sucr\u00e9": 225.0}}}