{"riz et bl\u00e9 dur ou concass\u00e9": {"riz": {"riz blanc cuit": 119.39597315436242, "riz blanc \u00e9tuv\u00e9 cuit": 200.0, "riz complet cuit": 80.0}, "bl\u00e9": {"couscous (graine seule) semoule cuite": 103.07692307692308, "bl\u00e9 dur pr\u00e9cuit nature type ebly": 111.07142857142857}}}