{"condiments et sauces": {"condiments d'assaisonnement": {"ail frais": 3.2241379310344827, "cube pour bouillon de bœuf": 5.857142857142857, "vinaigre": 9.9, "sauce de soja": 7.222222222222222, "concentré de tomate": 14.8}, "condiments d'accompagnement": {"olive verte en saumure": 13.076923076923077, "moutarde": 7.35, "câpres": 7.666666666666667, "cornichon au vinaigre": 52.5, "ketchup": 39.375}, "herbes aromatiques": {"basilic frais": 2.1333333333333333, "persil frais": 7.647619047619047, "menthe fraîche": 2.576, "thym sec": 2.24, "ciboule ou ciboulette fraîche": 2.3850000000000002, "herbes aromatiques fraîches": 1.445263157894737}, "sauces": {"mayonnaise à l'huile de tournesol": 45.0, "sauce au yaourt": 33.0, "vinaigrette ajoutée au service": 20.0, "sauce tomate sans viande": 29.85, "sauce sans précision": 30.0, "vinaigrette sans précision": 21.47586206896552, "sauce à la crème aux herbes": 45.0, "sauce à la crème": 25.714285714285715, "sauce au vin rouge": 22.03125, "mayonnaise ajoutée au service": 15.0, "sauce aux champignons": 28.333333333333332, "sauce au fromage": 30.0, "vinaigrette allégée ajoutée au service": 20.0, "sauce aigre-douce": 25.0, "mayonnaise": 13.666666666666666, "sauce béarnaise": 10.0, "sauce au beurre": 26.25, "mayonnaise allégée": 15.0, "vinaigrette allégée": 26.55263157894737, "sauce au curry": 28.5, "sauce tomate à la viande ou bolognaise type panzani ou buitoni": 37.46153846153846, "sauce moutarde": 11.666666666666666, "sauce au fromage blanc ajoutée au service": 20.0, "autre sauce": 30.0, "vinaigrette à l'huile d'olive": 29.166666666666668, "sauce béchamel en brique": 42.22222222222222}, "sel et épices": {"curry en poudre": 2.0, "poivre noir moulu": 1.0916666666666666, "gingembre moulu": 6.0, "sel fin ou gros": 2.772727272727273, "cannelle": 2.25, "sel de mer": 7.428571428571429, "épices sans précision": 1.9}}}