{"boissons alcoolisées": {"cidre": {"cidre brut": 150.0, "cidre doux": 75.0}, "spiritueux et vins cuits": {"eau-de-vie": 126.66666666666667, "cognac armagnac": 40.0, "vodka": 195.0, "apéritif à base de vin ou vermouth type martini": 68.33333333333333, "apéritif à la gentiane": 100.0, "vin doux naturel ou vin muté autre que porto type muscat banyuls ou maury": 19.75, "liqueurs": 60.0, "whisky": 55.0}, "vin": {"vin sans précision": 108.06451612903226, "vin rouge 11°": 156.8181818181818, "vin blanc 11°": 164.42424242424244, "vin rouge 12°": 134.63235294117646, "vin rouge 10°": 179.52380952380952, "vin blanc mousseux": 162.0, "champagne": 130.0, "vin rosé 11°": 186.73076923076923, "vin rouge 13° et plus": 150.0}, "cocktails et mélanges": {"kir": 135.0, "cocktail type punch planteur": 150.0, "sangria": 350.0, "panaché": 250.0, "pastis prêt à boire (1+5)": 184.28571428571428, "cocktail alcoolisé": 301.25}, "bière": {"bière cœur de marché à 4-5° d'alcool type kronenbourg ou 33 export": 460.86206896551727, "bière spéciale à 5-6° d'alcool type 1664 pelforth ambrée ou fischer heineken": 251.25, "bière de spécialités ou d'abbaye régionales ou de brasserie degré d'alcool varia": 316.0}}}