{"region_11_partitions_foodgrp_24": {"pommes de terre et apparentés": {"sans": {"purée de pomme de terre avec lait et beurre non salée": 169.58333333333334, "pomme de terre rissolée surgelée": 150.0, "purée de pomme de terre à base de flocons reconstituée au lait demi-écrémé": 156.66666666666666, "pomme de terre dauphine cuite": 116.66666666666667, "gnocchis de pommes de terre": 83.33333333333333, "pomme de terre frite surgelée cuite": 74.796875, "pomme de terre cuite à la vapeur": 205.55555555555554, "pomme noisette précuite surgelée": 88.88888888888889, "pomme de terre cuite au four": 177.77777777777777, "pomme de terre frite non salée": 98.61111111111111, "pomme de terre cuite à l'eau": 162.04819277108433}}}}