{"region_11_partitions_foodgrp_6": {"viennoiserie": {"sans": {"croissant au beurre artisanal": 60.357142857142854, "croissant sans précision": 61.458333333333336, "brioche sans précision": 34.91379310344828, "pain aux raisins": 20.0, "pain au chocolat feuilleté artisanal": 61.285714285714285, "brioche industrielle préemballée": 52.35294117647059, "chausson aux pommes": 77.0, "pain au lait artisanal": 75.78947368421052, "croissant aux amandes artisanal": 55.0, "croissant ordinaire artisanal": 62.77777777777778}}}}