{"region_11_partitions_foodgrp_23": {"légumes (hors pommes de terre)": {"champignons": {"champignon tout type cru sans précision": 20.0, "champignon tout type en conserve": 88.12, "champignon de paris en conserve": 107.5, "champignon de paris sauté": 87.5}, "mélanges de légumes, légumes préparés et autres légumes": {"ratatouille niçoise": 152.5, "légume en purée hors pomme de terre non salé": 153.33333333333334, "crudités vinaigrette sans précision": 123.33333333333333, "céleri rémoulade": 83.33333333333333, "pulpe de tomate en conserve": 39.6, "champignons à la grecque": 100.0, "purée de tomate": 240.0, "petits pois et carottes en conserve": 135.5, "légumes cuits sans précision": 138.33333333333334, "autre légume frais ou crudité, sans assaisonnement": 14.166666666666666, "macédoine de légumes en conserve": 142.31578947368422, "légumes mélangés surgelés": 110.75, "terrine ou mousse de légumes": 79.28571428571429}, "choux": {"chou-fleur cuit": 150.33333333333334, "chou vert cuit": 78.33333333333333, "chou blanc cru": 37.5, "chou rouge cru": 96.42857142857143, "brocoli cuit": 119.73913043478261, "chou de bruxelles cuit": 135.85714285714286}, "légumes tiges": {"asperge cuite": 101.85714285714286, "cœur de palmier en conserve": 37.5, "artichaut cuit": 257.5, "céleri branche cuit": 112.6, "germe ou pousse de soja cru": 50.0, "poireau cuit": 79.375, "fenouil cuit à l'eau": 160.71428571428572, "asperge en conserve": 100.0, "fenouil cru": 100.0}, "haricots verts et petits pois (légumes potagers)": {"haricot vert surgelé cuit": 129.2, "haricot vert cuit": 106.68085106382979, "petit pois cuit": 121.42857142857143, "haricot vert en conserve égoutté": 116.75675675675676, "petit pois en conserve": 135.32142857142858}, "légumes racines, tubercules ou bulbes": {"oignon cuit": 22.44871794871795, "salsifis en conserve": 100.0, "oignon cru": 25.0, "carotte en conserve": 94.0, "radis rouge cru": 56.81818181818182, "échalote crue": 5.7631578947368425, "betterave rouge cuite": 71.92307692307692, "céleri-rave cru": 60.3125, "carotte cuite": 122.4390243902439, "carotte crue": 66.51470588235294}, "légumes fruits": {"tomate cerise crue": 28.5, "courgette crue": 40.0, "potiron cuit": 100.0, "maïs doux en conserve": 57.8125, "aubergine cuite": 250.0, "poivron vert jaune ou rouge cuit": 65.45454545454545, "tomate pelée en conserve": 50.0, "concombre cru pulpe": 79.76595744680851, "tomate crue": 103.97849462365592, "avocat frais": 98.13333333333334, "poivron vert cuit": 50.0, "courgette cuite": 126.3125}, "légumes feuilles": {"scarole crue": 50.0, "endive cuite": 164.66666666666666, "chicorée frisée crue": 20.0, "salade verte sans assaisonnement sans précision": 39.333333333333336, "oseille cuite à l'eau": 116.25, "autre salade sans assaisonnement": 42.121212121212125, "laitue crue": 27.0, "épinard cuit": 143.42857142857142, "cresson": 60.0, "laitue romaine crue": 50.0, "mâche crue": 29.0, "endive crue": 34.54545454545455}}}}