{"sucres et dérivés": {"confiserie": {"bonbons gélifiés": 62.0, "pâte d'amande fabrication industrielle": 38.75, "chewing-gum sucré": 3.888888888888889, "confiserie à base de cacahuètes dragéifiées enrobées de chocolat type m&ms cacah": 31.0, "bonbons tout type sauf gélifiés": 17.82051282051282, "chewing-gum sans sucre": 3.4074074074074074, "nougat ou touron": 105.0}, "confiture et miel": {"miel": 15.21774193548387, "confiture de cerise": 20.0, "confiture ajoutée au service": 10.0, "confiture de fraise": 41.666666666666664, "confiture d'abricot": 14.705882352941176, "confiture ou marmelade tout type": 29.563758389261746, "confiture allégée": 16.666666666666668}, "sucre et assimilés": {"sucre roux": 9.28125, "sucre blanc": 8.051507537688442, "sucre blanc ajouté au service": 6.540697674418604, "sucre allégé type tutti free": 2.1420000000000003, "fructose": 6.0}}}