{"boissons alcoolis\u00e9es": {"cidre": {"cidre brut": 150.0, "cidre doux": 75.0}, "spiritueux et vins cuits": {"eau-de-vie": 126.66666666666667, "cognac armagnac": 40.0, "vodka": 195.0, "ap\u00e9ritif \u00e0 base de vin ou vermouth type martini": 68.33333333333333, "ap\u00e9ritif \u00e0 la gentiane": 100.0, "vin doux naturel ou vin mut\u00e9 autre que porto type muscat banyuls ou maury": 19.75, "liqueurs": 60.0, "whisky": 55.0}, "vin": {"vin sans pr\u00e9cision": 108.06451612903226, "vin rouge 11\u00b0": 156.8181818181818, "vin blanc 11\u00b0": 164.42424242424244, "vin rouge 12\u00b0": 134.63235294117646, "vin rouge 10\u00b0": 179.52380952380952, "vin blanc mousseux": 162.0, "champagne": 130.0, "vin ros\u00e9 11\u00b0": 186.73076923076923, "vin rouge 13\u00b0 et plus": 150.0}, "cocktails et m\u00e9langes": {"kir": 135.0, "cocktail type punch planteur": 150.0, "sangria": 350.0, "panach\u00e9": 250.0, "pastis pr\u00eat \u00e0 boire (1+5)": 184.28571428571428, "cocktail alcoolis\u00e9": 301.25}, "bi\u00e8re": {"bi\u00e8re de sp\u00e9cialit\u00e9s ou d'abbaye r\u00e9gionales ou de brasserie degr\u00e9 d'alcool varia": 316.0, "bi\u00e8re sp\u00e9ciale \u00e0 5-6\u00b0 d'alcool type 1664 pelforth ambr\u00e9e ou fischer heineken": 251.25, "bi\u00e8re c\u0153ur de march\u00e9 \u00e0 4-5\u00b0 d'alcool type kronenbourg ou 33 export": 460.86206896551727}}}