{"fromages": {"fromages affin\u00e9s": {"fromage triple cr\u00e8me plus de 75% m.g. type brillat savarin": 32.0, "fromage et mini fromage type bonbel-babybel": 30.357142857142858, "bleu et mini bleu de bresse fromage \u00e0 p\u00e2te persill\u00e9e 45% m.g.": 30.555555555555557, "comt\u00e9 fromage \u00e0 p\u00e2te press\u00e9e cuite 45% m.g.": 37.757894736842104, "emmental all\u00e9g\u00e9": 20.0, "reblochon fromage \u00e0 p\u00e2te press\u00e9e non cuite 45% m.g.": 37.083333333333336, "brie fromage \u00e0 p\u00e2te molle \u00e0 cro\u00fbte fleurie 45% m.g.": 33.0, "morbier fromage \u00e0 p\u00e2te press\u00e9e non cuite 45% m.g.": 48.958333333333336, "pav\u00e9 d'affinois fromage \u00e0 p\u00e2te molle 45% m.g.": 20.0, "saint-paulin fromage \u00e0 p\u00e2te press\u00e9e non cuite 45-50% m.g.": 25.0, "fromage de ch\u00e8vre affin\u00e9 au lait pasteuris\u00e9 ou cru": 24.166666666666668, "coulommiers fromage \u00e0 p\u00e2te molle \u00e0 cro\u00fbte fleurie 40-45% m.g.": 48.77777777777778, "vacherin mont d'or fromage \u00e0 p\u00e2te molle \u00e0 cro\u00fbte lav\u00e9e au moins 45% m.g": 44.214285714285715, "caprice des dieux fromage \u00e0 p\u00e2te molle 60% m.g.": 27.0, "tomme de montagne ou tomme de savoie": 30.0, "cantal salers ou laguiole fromages \u00e0 p\u00e2te press\u00e9e non cuite 45% m.g.": 30.0, "parmesan fromage \u00e0 p\u00e2te press\u00e9e cuite 45% m.g.": 14.4, "fromage \u00e0 cuire pan\u00e9 au jambon type menu fromage": 200.0, "fromage de ch\u00e8vre mi-sec": 27.0, "emmental fromage \u00e0 p\u00e2te press\u00e9e cuite 45% m.g.": 37.529411764705884, "tome ou tomme fromage \u00e0 p\u00e2te press\u00e9e non cuite 45% m.g.": 41.25, "leerdammer fromage \u00e0 p\u00e2te press\u00e9e demi-cuite \u00e0 trous 45% m.g.": 40.0, "camembert et apparent\u00e9s 50% m.g.": 44.42307692307692, "raclette fromage \u00e0 p\u00e2te press\u00e9e non cuite 45% m.g.": 98.88888888888889, "mimolette fromage \u00e0 p\u00e2te press\u00e9e non cuite 45% m.g.": 40.0, "gruy\u00e8re fromage \u00e0 p\u00e2te press\u00e9e cuite 45% m.g.": 41.57142857142857, "roquefort fromage de brebis \u00e0 p\u00e2te persill\u00e9e 52% m.g.": 40.526315789473685, "bleu d'auvergne fromage \u00e0 p\u00e2te persill\u00e9e 50% m.g.": 30.0, "fromage \u00e0 p\u00e2te molle \u00e0 cro\u00fbte fleurie genre camembert all\u00e9g\u00e9 20-30% m.g.": 39.0, "camembert sans pr\u00e9cision": 37.171052631578945, "sainte-maure fromage de ch\u00e8vre": 20.0, "saint albray fromage \u00e0 p\u00e2te molle 50% m.g.": 17.5, "rouy fromage \u00e0 p\u00e2te molle \u00e0 cro\u00fbte lav\u00e9e 40% m.g.": 57.857142857142854, "autre fromage \u00e0 p\u00e2te molle \u00e0 cro\u00fbte lav\u00e9e": 30.0, "fromage sans pr\u00e9cision": 38.03448275862069, "crottin fromage de ch\u00e8vre": 33.333333333333336, "autre fromage \u00e0 p\u00e2te press\u00e9e cuite": 48.3, "gorgonzola fromage \u00e0 p\u00e2te molle persill\u00e9e 45% m.g.": 80.0, "maroilles fromage \u00e0 p\u00e2te molle \u00e0 cro\u00fbte lav\u00e9e 45% m.g.": 40.0, "saint-f\u00e9licien fromage \u00e0 p\u00e2te molle 60% m.g.": 26.666666666666668, "fromage de ch\u00e8vre p\u00e2te molle": 32.5, "camembert fromage \u00e0 p\u00e2te molle \u00e0 cro\u00fbte fleurie 45% m.g.": 37.5, "gruy\u00e8re r\u00e2p\u00e9 ajout\u00e9 au service": 20.0, "fromage des pyr\u00e9n\u00e9es au lait de brebis": 30.0, "fromage \u00e0 p\u00e2te press\u00e9e non cuite all\u00e9g\u00e9 20-30% m.g.": 46.666666666666664, "bleu au lait de vache fromage \u00e0 p\u00e2te persill\u00e9e sans pr\u00e9cision": 27.5, "gouda fromage \u00e0 p\u00e2te press\u00e9e non cuite 30-40% m.g.": 30.0, "pont l'\u00e9v\u00eaque fromage \u00e0 p\u00e2te molle \u00e0 cro\u00fbte lav\u00e9e 45% m.g.": 45.0, "munster fromage \u00e0 p\u00e2te molle \u00e0 cro\u00fbte lav\u00e9e 45-50% m.g.": 40.0}, "autres fromages ou fromage sans pr\u00e9cision": {"autre fromage": 62.0}, "fromages fondus": {"p'tit louis fromage fondu 65% m.g.": 20.0, "saint-moret fromage fondu demi-sel 30% m.g.": 20.0, "cancoillotte sp\u00e9cialit\u00e9 fromag\u00e8re fondue 40% m.g.": 30.8875, "fromage de ch\u00e8vre fondu \u00e0 tartiner nature type cabrette ou chavroux": 40.0, "fromage fondu 60-65% m.g. type six de savoie": 20.0, "vache qui rit fromage fondu 50% m.g.": 26.366666666666667, "fromage fondu aux noix type rambol": 30.0, "fromage fondu en portions ou en cubes 45-50% m.g.": 27.0, "ap\u00e9ricube fromage fondu 50% m.g.": 36.666666666666664, "saint-moret all\u00e9g\u00e9 fromage fondu demi-sel 20% m.g.": 17.0, "snack pour enfants \u00e0 base de fromage fondu et gressins type pik et croq ou kiri": 30.0, "fromage fondu 25% m.g. type sylphide ou vache qui rit \u00e9quilibre et ligne": 60.0, "kiri cr\u00e8me fromage fondu double cr\u00e8me 70% m.g.": 18.571428571428573}, "fromages frais non affin\u00e9s": {"f\u00e9ta de brebis": 34.0, "boursin fromage frais sal\u00e9 aromatis\u00e9 70% m.g.": 21.166666666666668, "fromage de ch\u00e8vre frais": 20.0, "tartare fromage frais aromatis\u00e9 sal\u00e9 70% m.g.": 27.5, "carr\u00e9 frais fromage \u00e0 tartiner 40% m.g.": 25.0, "fromage frais \u00e0 tartiner \u00e0 plus de 60% m.g.": 17.6, "mozzarella": 43.75}}}