{"charcuterie": {"p\u00e2t\u00e9s, terrines, rillettes et foie gras": {"foie gras en conserve": 49.233333333333334, "p\u00e2t\u00e9 de t\u00eate ou fromage de t\u00eate": 104.16666666666667, "p\u00e2t\u00e9 de campagne": 41.7, "p\u00e2t\u00e9 en cro\u00fbte": 130.0, "mousse de foie": 41.25, "p\u00e2t\u00e9 de foie de porc": 52.0, "rillettes pur porc": 40.55555555555556, "rillettes": 53.125, "p\u00e2t\u00e9 de foie de volaille": 59.5, "terrine de canard": 35.5}, "autre charcuterie ou charcuterie  sans pr\u00e9cision": {"charcuterie sans pr\u00e9cision": 55.0, "autre charcuterie": 46.90909090909091}, "saucisses, saucissons, andouilles et boudins": {"saucisse de morteau cuite": 131.5, "mortadelle": 18.666666666666668, "chorizo sec": 31.5, "saucisse s\u00e8che": 35.583333333333336, "saucisson sec pur porc": 25.0, "saucisse de francfort": 150.0, "boudin noir cuit": 131.11111111111111, "saucisse alsacienne fum\u00e9e ou gendarme": 62.875, "saucisse cocktail": 43.75, "rosette ou fuseau": 62.5, "saucisson sec": 39.68382352941177, "salami": 19.666666666666668, "chipolata cuite": 79.14285714285714, "andouillette r\u00e9chauff\u00e9e": 124.8, "merguez de b\u0153uf et de mouton cuite": 102.14285714285714, "boudin blanc cuit": 140.0, "saucisson \u00e0 l'ail": 39.666666666666664, "saucisse de toulouse cuite": 120.91666666666667, "cervelas": 21.35, "saucisse de montb\u00e9liard": 131.5, "saucisse sans pr\u00e9cision": 93.78947368421052, "saucisse de strasbourg": 62.53846153846154}, "jambons et charcuteries en pi\u00e8ces": {"jambon cuit sup\u00e9rieur dd (d\u00e9couenn\u00e9 d\u00e9graiss\u00e9)": 100.0, "jambon cuit": 56.955497382198956, "poitrine de porc fum\u00e9e": 36.666666666666664, "coppa": 44.0, "jambon cuit fum\u00e9": 75.0, "lardon nature cuit": 25.013953488372092, "jambon cuit sup\u00e9rieur": 61.666666666666664, "jambon cru fum\u00e9": 75.0, "jambon cuit dd (d\u00e9couenn\u00e9 d\u00e9graiss\u00e9)": 62.63157894736842, "jambon sec dd (d\u00e9couenn\u00e9 d\u00e9graiss\u00e9)": 46.875, "jambon cru": 41.52173913043478, "jambonneau cuit": 150.0, "bacon filet cuit": 60.0}}}