{"viande": {"autre viande": {"autre viande": 145.0, "cheval viande r\u00f4tie": 98.75, "brochette mixte de viande": 100.0, "viande cuite sans pr\u00e9cision": 94.1304347826087}, "b\u0153uf en pi\u00e8ces ou hach\u00e9": {"b\u0153uf \u00e0 pot-au-feu cuit": 113.33333333333333, "steak hach\u00e9 20% m.g. cuit": 50.0, "b\u0153uf boulettes cuites": 101.78571428571429, "b\u0153uf faux-filet grill\u00e9": 147.77777777777777, "brochette de b\u0153uf": 189.16666666666666, "steak hach\u00e9 5% m.g. cuit": 124.54545454545455, "steak hach\u00e9 10% m.g. cuit": 200.0, "carpaccio de boeuf": 105.0, "steak hach\u00e9 15% m.g. cuit": 134.3181818181818, "b\u0153uf brais\u00e9": 120.0, "boeuf bifteck grill\u00e9": 139.81967213114754, "b\u0153uf \u00e0 bourguignon cuit": 120.9375, "b\u0153uf entrec\u00f4te grill\u00e9e": 167.5, "b\u0153uf rosbif r\u00f4ti": 126.57894736842105, "steak hach\u00e9 5% m.g. cru": 200.0}, "porc": {"porc c\u00f4telette grill\u00e9e": 143.22448979591837, "porc filet r\u00f4ti maigre cuit": 111.25, "porc travers brais\u00e9": 141.11111111111111, "porc \u00e9chine r\u00f4tie": 130.0, "porc r\u00f4ti cuit": 107.5}, "agneau": {"agneau \u00e9paule r\u00f4tie": 90.0, "agneau c\u00f4telette grill\u00e9e": 121.0, "brochette d'agneau": 135.0, "agneau gigot r\u00f4ti": 93.48484848484848}, "veau": {"veau escalope cuite": 96.33333333333333, "veau r\u00f4ti": 94.5, "veau filet r\u00f4ti": 28.0, "veau c\u00f4te cuite": 150.0, "veau mijot\u00e9": 120.9090909090909, "veau escalope pan\u00e9e": 165.0}}}