{"boissons alcoolis\u00e9es": {"cidre": {"cidre": 200.0, "cidre traditionnel": 250.0, "cidre doux": 280.0}, "spiritueux et vins cuits": {"eau-de-vie": 43.333333333333336, "cognac armagnac": 40.0, "vodka": 40.0, "rhum": 35.0, "porto": 75.0, "ap\u00e9ritif \u00e0 base de vin ou vermouth type martini": 75.0, "pastis": 4.0, "ap\u00e9ritif \u00e0 la gentiane": 15.0, "vin doux naturel ou vin mut\u00e9 autre que porto type muscat banyuls ou maury": 133.33333333333334, "gin": 40.0, "liqueurs": 41.833333333333336, "whisky": 78.88888888888889}, "vin": {"vin sans pr\u00e9cision": 231.6216216216216, "vin rouge 11\u00b0": 194.28571428571428, "vin blanc 11\u00b0": 224.0, "vin rouge 12\u00b0": 208.85333333333332, "vin rouge 10\u00b0": 193.41758241758242, "vin blanc mousseux": 100.0, "champagne": 190.78947368421052, "vin ros\u00e9 11\u00b0": 203.92592592592592, "vin rouge 13\u00b0 et plus": 120.0}, "cocktails et m\u00e9langes": {"kir": 200.0, "cocktail type punch planteur": 200.0, "sangria": 241.42857142857142, "panach\u00e9": 150.0, "pastis pr\u00eat \u00e0 boire (1+5)": 203.70967741935485, "p\u00e9tillant de fruits": 50.0, "cocktail alcoolis\u00e9": 220.0, "kir royal": 100.0}, "bi\u00e8re": {"bi\u00e8re sp\u00e9ciale \u00e0 5-6\u00b0 d'alcool type 1664 pelforth ambr\u00e9e ou fischer heineken": 329.4117647058824, "bi\u00e8re de sp\u00e9cialit\u00e9s ou d'abbaye r\u00e9gionales ou de brasserie degr\u00e9 d'alcool varia": 267.77777777777777, "bi\u00e8re brune": 153.75, "bi\u00e8re c\u0153ur de march\u00e9 \u00e0 4-5\u00b0 d'alcool type kronenbourg ou 33 export": 374.14285714285717}}}