{"condiments et sauces": {"condiments d'assaisonnement": {"ail frais": 3.2244318181818183, "vinaigre": 6.7696969696969695, "cube pour bouillon de b\u0153uf": 7.5, "concentr\u00e9 de tomate": 19.4, "sauce de soja": 19.761904761904763}, "condiments d'accompagnement": {"raifort cru": 5.0, "c\u00e2pres": 10.0, "olive verte en saumure": 19.852941176470587, "olive noire en saumure": 20.428571428571427, "moutarde": 10.208333333333334, "cornichon au vinaigre": 30.625, "tapenade d'olives": 35.111111111111114, "ketchup": 38.74193548387097}, "herbes aromatiques": {"basilic frais": 3.43125, "persil frais": 7.315068493150685, "menthe fra\u00eeche": 2.466666666666667, "thym sec": 4.010526315789474, "ciboule ou ciboulette fra\u00eeche": 5.892857142857143, "herbes aromatiques fra\u00eeches": 1.8408695652173914}, "sauces": {"sauce hollandaise": 15.0, "mayonnaise \u00e0 l'huile de tournesol": 30.0, "sauce au yaourt": 20.416666666666668, "vinaigrette ajout\u00e9e au service": 19.87012987012987, "sauce tomate sans viande": 39.295212765957444, "sauce sans pr\u00e9cision": 14.285714285714286, "sauce \u00e0 la cr\u00e8me aux \u00e9pices": 31.666666666666668, "vinaigrette sans pr\u00e9cision": 21.871794871794872, "sauce \u00e0 la cr\u00e8me aux herbes": 8.75, "sauce \u00e0 la cr\u00e8me": 40.5, "sauce au vin rouge": 29.285714285714285, "sauce barbecue": 23.333333333333332, "mayonnaise ajout\u00e9e au service": 15.0, "sauce aux champignons": 40.0, "sauce au fromage": 53.333333333333336, "vinaigrette all\u00e9g\u00e9e ajout\u00e9e au service": 20.0, "sauce aigre-douce": 23.636363636363637, "mayonnaise": 16.041666666666668, "sauce b\u00e9arnaise": 30.0, "sauce au beurre": 27.857142857142858, "mayonnaise all\u00e9g\u00e9e": 21.25, "vinaigrette all\u00e9g\u00e9e": 33.391304347826086, "sauce au curry": 31.25, "sauce tomate \u00e0 la viande ou bolognaise type panzani ou buitoni": 40.0, "sauce moutarde": 53.75, "sauce pesto": 13.375, "autre sauce": 27.5, "vinaigrette \u00e0 l'huile d'olive": 22.075555555555553, "sauce b\u00e9chamel en brique": 28.857142857142858}, "sel et \u00e9pices": {"curry en poudre": 1.7, "poivre noir moulu": 1.877846153846154, "gingembre moulu": 2.7222222222222223, "cumin en graines": 1.5, "sel fin ou gros": 2.6975206611570246, "cannelle": 2.25, "\u00e9pices sans pr\u00e9cision": 1.6516666666666666, "sel de mer": 2.841025641025641, "coriandre en graines": 1.5}}}