{"boissons alcoolisées": {"cidre": {"cidre": 200.0, "cidre traditionnel": 250.0, "cidre doux": 280.0}, "spiritueux et vins cuits": {"eau-de-vie": 43.333333333333336, "cognac armagnac": 40.0, "vodka": 40.0, "rhum": 35.0, "porto": 75.0, "apéritif à base de vin ou vermouth type martini": 75.0, "pastis": 4.0, "apéritif à la gentiane": 15.0, "vin doux naturel ou vin muté autre que porto type muscat banyuls ou maury": 133.33333333333334, "gin": 40.0, "liqueurs": 41.833333333333336, "whisky": 78.88888888888889}, "vin": {"vin sans précision": 231.6216216216216, "vin rouge 11°": 194.28571428571428, "vin blanc 11°": 224.0, "vin rouge 12°": 208.85333333333332, "vin rouge 10°": 193.41758241758242, "vin blanc mousseux": 100.0, "champagne": 190.78947368421052, "vin rosé 11°": 203.92592592592592, "vin rouge 13° et plus": 120.0}, "cocktails et mélanges": {"kir": 200.0, "cocktail type punch planteur": 200.0, "sangria": 241.42857142857142, "panaché": 150.0, "pastis prêt à boire (1+5)": 203.70967741935485, "pétillant de fruits": 50.0, "cocktail alcoolisé": 220.0, "kir royal": 100.0}, "bière": {"bière cœur de marché à 4-5° d'alcool type kronenbourg ou 33 export": 374.14285714285717, "bière spéciale à 5-6° d'alcool type 1664 pelforth ambrée ou fischer heineken": 329.4117647058824, "bière brune": 153.75, "bière de spécialités ou d'abbaye régionales ou de brasserie degré d'alcool varia": 267.77777777777777}}}