{"oeufs et d\u00e9riv\u00e9s": {"sans": {"oeufs brouill\u00e9s au beurre": 78.75, "omelette nature cuite au beurre": 143.72881355932202, "oeuf entier cru": 30.0, "oeuf dur": 69.73255813953489, "jaune d'\u0153uf cuit": 26.25, "oeuf au plat sal\u00e9": 113.11111111111111, "omelette aux fines herbes": 200.0, "omelette aux champignons": 300.0, "oeuf \u00e0 la coque": 67.5, "oeuf poch\u00e9": 60.0, "omelette au fromage": 233.33333333333334, "blanc d'\u0153uf dur": 120.0}}}