{"soupes et bouillons": {"potages et soupes": {"soupe poireau pomme de terre type fait maison": 312.5, "soupe de poissons et/ou de crustac\u00e9s pr\u00e9emball\u00e9e \u00e0 r\u00e9chauffer": 288.8888888888889, "soupe \u00e0 la tomate pr\u00e9emball\u00e9e \u00e0 r\u00e9chauffer ou d\u00e9shydrat\u00e9e reconstitu\u00e9e": 316.6666666666667, "soupe aux l\u00e9gumes pr\u00e9emball\u00e9e \u00e0 r\u00e9chauffer": 379.72972972972974, "soupe au pistou pr\u00e9emball\u00e9e \u00e0 r\u00e9chauffer ou d\u00e9shydrat\u00e9e reconstitu\u00e9e": 400.0, "minestrone pr\u00e9emball\u00e9e \u00e0 r\u00e9chauffer ou d\u00e9shydrat\u00e9e reconstitu\u00e9e": 400.0, "soupe aux l\u00e9gumes type fait maison": 328.4246575342466, "soupe aux lentilles": 360.0, "soupe aux l\u00e9gumes d\u00e9shydrat\u00e9e reconstitu\u00e9e": 355.0, "soupe chinoise": 400.0, "soupe poireau pomme de terre pr\u00e9emball\u00e9e \u00e0 r\u00e9chauffer": 362.5, "soupe au potiron": 322.22222222222223, "soupe \u00e0 l'oignon": 225.0, "soupe \u00e0 la volaille et aux vermicelles pr\u00e9emball\u00e9e \u00e0 r\u00e9chauffer ou d\u00e9shydrat\u00e9e r": 353.57142857142856}, "bouillons": {"bouillon v\u00e9g\u00e9tal": 247.2, "bouillon de viande d\u00e9shydrat\u00e9 reconstitu\u00e9 type bouillon de b\u0153uf knorr": 180.0, "bouillon de viande et de l\u00e9gumes": 308.3333333333333, "bouillon de volaille d\u00e9shydrat\u00e9 reconstitu\u00e9 type bouillon de poule knorr": 192.46153846153845}}}