{"region_21_partitions_foodgrp_25": {"légumes secs": {"légumes secs": {"haricot rouge cuit": 66.66666666666667, "haricot blanc cuit": 100.0, "haricot blanc en conserve": 183.33333333333334, "lentille cuite": 189.58333333333334, "pois chiche cuit": 101.33333333333333, "haricot flageolet en conserve": 136.36363636363637, "fève cuite": 200.0}, "légumes secs préparés": {"lentille cuisinée en conserve": 178.94736842105263}}}}