{"region_21_partitions_foodgrp_26": {"fruits": {"sans": {"fruit sans précision": 167.5, "ananas frais": 75.55555555555556, "litchi frais": 29.0, "cerise fraîche": 97.58620689655173, "framboise fraîche": 63.23529411764706, "pamplemousse frais": 139.56521739130434, "raisin noir frais": 121.63636363636364, "salade de fruits frais": 166.66666666666666, "autre fruit": 120.0, "pastèque fraîche": 345.75, "abricot frais": 148.77142857142857, "grenade fraîche": 190.0, "banane fraîche": 161.98473282442748, "kiwi frais": 126.24074074074075, "figue fraîche": 169.66666666666666, "mangue fraîche": 172.875, "raisin blanc frais": 170.38095238095238, "fraise fraîche": 162.67857142857142, "nectarine non pelée fraîche": 186.25, "melon frais": 274.49074074074076, "orange fraîche": 169.07692307692307, "poire non pelée fraîche": 167.46478873239437, "citron frais": 18.26388888888889, "prune reine-claude fraîche": 99.75, "clémentine ou mandarine fraîche": 131.92446043165467, "myrtille fraîche": 50.0, "pomme non pelée fraîche": 195.50792452830188, "pêche non pelée fraîche": 167.81034482758622, "pêche pelée fraîche": 155.5}}}}