{"pain et panification s\u00e8che": {"biscottes et panification s\u00e8che": {"autre biscotte": 31.186956521739127, "tartine extrud\u00e9e fourr\u00e9e au chocolat ou aux fruits type craquinette de lu": 20.0, "pain grill\u00e9 au froment type tranches pain grill\u00e9 pelletier lu braisotte jacquet": 33.294210526315794, "biscotte compl\u00e8te ou riche en fibres": 39.54545454545455, "biscotte multic\u00e9r\u00e9ales type heudebert aux six c\u00e9r\u00e9ales": 15.666666666666666, "biscotte sans adjonction de sel": 17.833333333333332, "pain grill\u00e9 multic\u00e9r\u00e9ales type pain grill\u00e9 multic\u00e9r\u00e9ales heudebert lu": 30.0, "biscotte classique type heudebert lu": 25.14}, "autres produits de panification": {"chapelure ou panure": 5.142857142857143, "fougasse garnie": 76.15384615384616}, "pain": {"pain grill\u00e9 maison": 67.35164835164835, "pain baguette sans sel": 60.0, "pain aux c\u00e9r\u00e9ales artisanal": 47.58620689655172, "pain courant fran\u00e7ais boule \u00e0 la levure": 64.33333333333333, "pain sans pr\u00e9cision": 61.15384615384615, "pain de seigle et froment": 50.28125, "pain brioch\u00e9 ou viennois": 40.0, "pain complet ou int\u00e9gral artisanal": 65.83076923076923, "autre pain": 78.47826086956522, "pain de mie": 53.04081632653061, "pain baguette": 68.65884670487107, "pain de campagne ou bis": 67.41228070175438}}}