{"pommes de terre et apparent\u00e9s": {"sans": {"pur\u00e9e de pomme de terre avec lait et beurre non sal\u00e9e": 155.4878048780488, "pomme de terre rissol\u00e9e surgel\u00e9e": 132.69230769230768, "pur\u00e9e de pomme de terre \u00e0 base de flocons reconstitu\u00e9e au lait demi-\u00e9cr\u00e9m\u00e9": 175.68627450980392, "pomme de terre dauphine cuite": 104.16666666666667, "gnocchis de pommes de terre": 140.0, "pomme de terre frite surgel\u00e9e cuite": 74.74798387096774, "pomme de terre cuite \u00e0 la vapeur": 228.0, "pomme noisette pr\u00e9cuite surgel\u00e9e": 104.54545454545455, "pomme de terre cuite au four": 180.5, "pomme de terre frite non sal\u00e9e": 67.5, "pomme de terre cuite \u00e0 l'eau": 161.74528301886792}}}