{"volaille et gibier": {"gibier": {"chevreuil r\u00f4ti": 160.0, "sanglier r\u00f4ti": 106.66666666666667, "autre gibier": 200.0, "faisan viande r\u00f4tie": 400.0}, "volailles et lapins": {"blanc de poulet cuit": 105.0, "poulet cuisse r\u00f4tie viande et peau": 224.42592592592592, "dinde viande r\u00f4tie": 112.27272727272727, "lapin en rago\u00fbt": 160.0, "lapin viande cuite": 135.0, "volaille cuite sans pr\u00e9cision": 196.66666666666666, "confit de canard": 217.0, "brochette de volaille": 144.6, "dinde ou autre volaille escalope saut\u00e9e": 101.58333333333333, "canard viande r\u00f4tie": 184.75, "canard magret cuit \u00e0 la po\u00eale": 83.61538461538461, "autre volaille cuite": 182.85714285714286, "caille cuite viande et peau": 283.3333333333333, "poulet r\u00f4ti viande et peau": 137.75185185185185}}}