{"abats": {"sans": {"foie de volaille cuit": 109.0909090909091, "foie de g\u00e9nisse cuit": 130.0, "autre abat": 80.0, "foie d'agneau cuit": 87.5, "c\u0153ur de b\u0153uf cuit": 50.0, "canard g\u00e9sier confit \u00e9goutt\u00e9 et r\u00e9chauff\u00e9": 85.41666666666667, "foie de veau cuit": 147.5, "rognon d'agneau brais\u00e9": 175.0}}}