{"charcuterie": {"pâtés, terrines, rillettes et foie gras": {"foie gras en conserve": 49.233333333333334, "pâté de tête ou fromage de tête": 104.16666666666667, "pâté de campagne": 41.7, "pâté en croûte": 130.0, "mousse de foie": 41.25, "pâté de foie de porc": 52.0, "rillettes pur porc": 40.55555555555556, "rillettes": 53.125, "pâté de foie de volaille": 59.5, "terrine de canard": 35.5}, "autre charcuterie ou charcuterie  sans précision": {"charcuterie sans précision": 55.0, "autre charcuterie": 46.90909090909091}, "saucisses, saucissons, andouilles et boudins": {"saucisse de morteau cuite": 131.5, "mortadelle": 18.666666666666668, "chorizo sec": 31.5, "saucisse sèche": 35.583333333333336, "saucisson sec pur porc": 25.0, "merguez de bœuf et de mouton cuite": 102.14285714285714, "saucisse de francfort": 150.0, "boudin noir cuit": 131.11111111111111, "saucisse alsacienne fumée ou gendarme": 62.875, "saucisse cocktail": 43.75, "rosette ou fuseau": 62.5, "saucisson sec": 39.68382352941177, "salami": 19.666666666666668, "chipolata cuite": 79.14285714285714, "andouillette réchauffée": 124.8, "boudin blanc cuit": 140.0, "saucisson à l'ail": 39.666666666666664, "saucisse de toulouse cuite": 120.91666666666667, "cervelas": 21.35, "saucisse de montbéliard": 131.5, "saucisse sans précision": 93.78947368421052, "saucisse de strasbourg": 62.53846153846154}, "jambons et charcuteries en pièces": {"jambon cuit supérieur dd (découenné dégraissé)": 100.0, "jambon cuit": 56.955497382198956, "poitrine de porc fumée": 36.666666666666664, "coppa": 44.0, "jambon cuit fumé": 75.0, "lardon nature cuit": 25.013953488372092, "jambon cuit supérieur": 61.666666666666664, "jambon cru fumé": 75.0, "jambon cuit dd (découenné dégraissé)": 62.63157894736842, "jambon sec dd (découenné dégraissé)": 46.875, "jambon cru": 41.52173913043478, "jambonneau cuit": 150.0, "bacon filet cuit": 60.0}}}