{"p\u00e2tisseries et g\u00e2teaux": {"p\u00e2tisseries et tartes": {"tarte ou tartelette aux pommes": 181.28571428571428, "macaron moelleux fourr\u00e9 \u00e0 la confiture ou \u00e0 la cr\u00e8me artisanal": 43.0, "p\u00e2tisserie sans pr\u00e9cision": 102.16666666666667, "crumble aux pommes": 135.0, "millefeuille": 200.0, "chou \u00e0 la cr\u00e8me chantilly ou p\u00e2tissi\u00e8re": 93.33333333333333, "tarte \u00e0 la cr\u00e8me": 115.0, "tarte ou tartelette aux fruits": 164.03846153846155, "chouquette artisanale": 50.0, "autre p\u00e2tisserie": 60.0, "\u00e9clair": 100.0}, "g\u00e2teaux": {"g\u00e2teau moelleux fourr\u00e9 au chocolat ou aux p\u00e9pites de chocolat noir ou au lait": 56.714285714285715, "pain d'\u00e9pices": 100.28571428571429, "autre g\u00e2teau": 147.0, "g\u00e2teau au chocolat": 81.53846153846153, "g\u00e2teau moelleux fourr\u00e9 au chocolat multicouches type napolitain lu ou kinder d\u00e9l": 51.333333333333336, "muffin": 76.0, "g\u00e2teau \u00e0 la cr\u00e8me": 108.28571428571429, "galette des rois feuillet\u00e9e fourr\u00e9e \u00e0 la frangipane": 122.38095238095238, "madeleine fourr\u00e9e aux fruits type coqueline \u00e0 la fraise": 140.0, "g\u00e2teau au fromage blanc": 192.5, "g\u00e2teau moelleux fourr\u00e9 aux fruits type mini roul\u00e9 fraise captain choc": 87.5, "baba au rhum": 142.5, "cake aux fruits": 92.22222222222223, "madeleine": 84.64285714285714, "g\u00e2teau moelleux g\u00e9noise fourr\u00e9e \u00e0 l'orange type chamonix": 48.0, "g\u00e2teau sans pr\u00e9cision": 92.33333333333333, "g\u00e2teau mousse aux fruits sur g\u00e9noise type miroir aux fruits rouges de picard": 117.5, "brownie au chocolat": 90.0, "quatre-quarts fabrication industrielle": 55.0}, "beignets, cr\u00eapes et gaufres": {"cr\u00eape au froment fourr\u00e9e au chocolat ou ou \u00e0 la p\u00e2te \u00e0 tartiner chocolat et nois": 86.25, "cr\u00eape ou galette bretonne au bl\u00e9 noir ou sarrasin": 137.5, "blinis": 147.5, "cr\u00eape au froment sucr\u00e9e non fourr\u00e9e": 96.42857142857143, "cr\u00eape au froment nature": 148.30769230769232, "beignet sucr\u00e9 nature": 68.33333333333333, "gaufre bruxelloise ou li\u00e9geoise avec ou sans chocolat pr\u00e9emball\u00e9e": 69.66666666666667}}}