{"autres boissons chaudes": {"th\u00e9 et infusions": {"tisane infus\u00e9e non sucr\u00e9e": 346.4, "th\u00e9 infus\u00e9 non sucr\u00e9": 318.15584415584414}, "cacao, poudres et boissons cacaot\u00e9es": {"poudre cacaot\u00e9e et sucr\u00e9e pour boisson au chocolat": 11.948, "boisson cacaot\u00e9e sucr\u00e9e au lait type cacolac": 250.0, "boisson instantan\u00e9e cacaot\u00e9e enrichie en vitamines reconstitu\u00e9e": 150.0, "poudre cacaot\u00e9e sucr\u00e9e enrichie pour boisson": 16.545454545454547, "cacao en poudre non sucr\u00e9 type van houten": 6.666666666666667, "boisson instantan\u00e9e cacaot\u00e9e sucr\u00e9e reconstitu\u00e9e": 242.30769230769232}, "chicor\u00e9e et poudre malt\u00e9e": {"poudre malt\u00e9e et sucr\u00e9e pour boisson": 3.4285714285714284, "poudre soluble \u00e0 base de chicor\u00e9e et de caf\u00e9 type ricor\u00e9": 1.9941176470588236, "chicor\u00e9e en poudre soluble type leroux": 8.0}}}