{"l\u00e9gumes (hors pommes de terre)": {"champignons": {"champignon tout type cru sans pr\u00e9cision": 161.0, "champignon tout type en conserve": 65.48780487804878, "champignon de paris en conserve": 65.0, "champignon de paris saut\u00e9": 144.0}, "m\u00e9langes de l\u00e9gumes, l\u00e9gumes pr\u00e9par\u00e9s et autres l\u00e9gumes": {"ratatouille ni\u00e7oise": 146.9, "l\u00e9gume en pur\u00e9e hors pomme de terre non sal\u00e9": 151.78571428571428, "crudit\u00e9s vinaigrette sans pr\u00e9cision": 73.33333333333333, "c\u00e9leri r\u00e9moulade": 106.25, "pulpe de tomate en conserve": 57.333333333333336, "champignons \u00e0 la grecque": 175.0, "pur\u00e9e de tomate": 50.0, "petits pois et carottes en conserve": 141.8095238095238, "l\u00e9gumes cuits sans pr\u00e9cision": 126.92307692307692, "guacamole industriel": 40.0, "autre l\u00e9gume frais ou crudit\u00e9, sans assaisonnement": 180.0, "mac\u00e9doine de l\u00e9gumes en conserve": 96.63636363636364, "l\u00e9gumes m\u00e9lang\u00e9s surgel\u00e9s": 149.5, "terrine ou mousse de l\u00e9gumes": 137.66666666666666, "choucroute sans garniture": 100.0}, "choux": {"chou-fleur cuit": 127.70370370370371, "chou vert cuit": 109.0, "chou blanc cru": 65.625, "chou rouge cru": 87.5, "chou-fleur cru": 109.375, "brocoli cuit": 153.28571428571428, "chou de bruxelles cuit": 116.66666666666667}, "l\u00e9gumes tiges": {"asperge cuite": 92.5, "artichaut cuit": 317.94117647058823, "c\u00e9leri branche cru": 138.0, "c\u00e9leri branche cuit": 91.66666666666667, "asperge en conserve": 104.16666666666667, "germe ou pousse de soja cru": 54.166666666666664, "cardon cru": 30.0, "poireau cuit": 111.38461538461539, "fenouil cuit \u00e0 l'eau": 89.25, "c\u0153ur de palmier en conserve": 76.66666666666667, "artichaut cru": 460.0, "fenouil cru": 200.0}, "haricots verts et petits pois (l\u00e9gumes potagers)": {"haricot vert surgel\u00e9 cuit": 107.8, "haricot beurre en conserve": 50.0, "petit pois cuit": 82.94444444444444, "petit pois en conserve": 138.20967741935485, "haricot vert cuit": 106.67605633802818, "haricot vert en conserve \u00e9goutt\u00e9": 119.22131147540983}, "l\u00e9gumes racines, tubercules ou bulbes": {"oignon cuit": 22.356435643564357, "salsifis en conserve": 150.0, "oignon cru": 28.58, "carotte en conserve": 106.875, "radis rouge cru": 63.109756097560975, "\u00e9chalote crue": 10.194444444444445, "c\u00e9leri-rave cuit": 20.0, "betterave rouge cuite": 66.08695652173913, "navet cuit": 112.6, "c\u00e9leri-rave cru": 65.625, "carotte cuite": 99.88106796116504, "carotte crue": 92.54411764705883}, "l\u00e9gumes fruits": {"tomate cerise crue": 37.708333333333336, "courgette crue": 100.0, "poivron vert jaune ou rouge cru": 26.25, "potiron cuit": 96.0, "ma\u00efs doux en conserve": 53.8235294117647, "aubergine cuite": 120.64, "poivron vert jaune ou rouge cuit": 71.27272727272727, "ma\u00efs doux en \u00e9pis cuit": 90.0, "poivron rouge cuit": 50.114285714285714, "tomate pel\u00e9e en conserve": 83.33333333333333, "concombre cru pulpe": 69.7457627118644, "tomate crue": 95.07305194805195, "avocat frais": 124.04545454545455, "poivron vert cuit": 50.0, "courgette cuite": 122.61708860759494}, "l\u00e9gumes feuilles": {"endive cuite": 165.0, "chicor\u00e9e fris\u00e9e crue": 34.0625, "salade verte sans assaisonnement sans pr\u00e9cision": 35.70739549839228, "autre salade sans assaisonnement": 44.527027027027025, "laitue crue": 35.869565217391305, "\u00e9pinard cuit": 188.46153846153845, "bette ou blette cuite": 129.42857142857142, "m\u00e2che crue": 31.48148148148148, "endive crue": 37.12765957446808}}}