{"fromages": {"fromages affin\u00e9s": {"fromage triple cr\u00e8me plus de 75% m.g. type brillat savarin": 60.0, "fromage et mini fromage type bonbel-babybel": 29.166666666666668, "bleu et mini bleu de bresse fromage \u00e0 p\u00e2te persill\u00e9e 45% m.g.": 33.333333333333336, "comt\u00e9 fromage \u00e0 p\u00e2te press\u00e9e cuite 45% m.g.": 35.0, "emmental all\u00e9g\u00e9": 33.333333333333336, "reblochon fromage \u00e0 p\u00e2te press\u00e9e non cuite 45% m.g.": 35.76923076923077, "brie fromage \u00e0 p\u00e2te molle \u00e0 cro\u00fbte fleurie 45% m.g.": 37.5, "morbier fromage \u00e0 p\u00e2te press\u00e9e non cuite 45% m.g.": 60.0, "fourme d'ambert fromage \u00e0 p\u00e2te persill\u00e9e 50% m.g.": 40.0, "fromage des pyr\u00e9n\u00e9es au lait de vache": 60.0, "saint-paulin fromage \u00e0 p\u00e2te press\u00e9e non cuite 45-50% m.g.": 33.333333333333336, "fromage de ch\u00e8vre affin\u00e9 au lait pasteuris\u00e9 ou cru": 48.333333333333336, "coulommiers fromage \u00e0 p\u00e2te molle \u00e0 cro\u00fbte fleurie 40-45% m.g.": 42.75, "caprice des dieux fromage \u00e0 p\u00e2te molle 60% m.g.": 29.444444444444443, "tomme de montagne ou tomme de savoie": 31.25, "cantal salers ou laguiole fromages \u00e0 p\u00e2te press\u00e9e non cuite 45% m.g.": 38.57142857142857, "parmesan fromage \u00e0 p\u00e2te press\u00e9e cuite 45% m.g.": 19.05263157894737, "fromage de ch\u00e8vre mi-sec": 35.46511627906977, "emmental fromage \u00e0 p\u00e2te press\u00e9e cuite 45% m.g.": 33.27272727272727, "tome ou tomme fromage \u00e0 p\u00e2te press\u00e9e non cuite 45% m.g.": 34.76470588235294, "leerdammer fromage \u00e0 p\u00e2te press\u00e9e demi-cuite \u00e0 trous 45% m.g.": 35.833333333333336, "saint-nectaire fromage \u00e0 p\u00e2te press\u00e9e non cuite 45% m.g.": 15.0, "camembert et apparent\u00e9s 50% m.g.": 90.0, "raclette fromage \u00e0 p\u00e2te press\u00e9e non cuite 45% m.g.": 164.7058823529412, "pav\u00e9 d'affinois fromage \u00e0 p\u00e2te molle 45% m.g.": 40.0, "mimolette fromage \u00e0 p\u00e2te press\u00e9e non cuite 45% m.g.": 19.473684210526315, "fromage sans pr\u00e9cision": 42.68817204301075, "gruy\u00e8re fromage \u00e0 p\u00e2te press\u00e9e cuite 45% m.g.": 26.536231884057973, "roquefort fromage de brebis \u00e0 p\u00e2te persill\u00e9e 52% m.g.": 40.104166666666664, "bleu d'auvergne fromage \u00e0 p\u00e2te persill\u00e9e 50% m.g.": 35.0, "fromage \u00e0 p\u00e2te molle \u00e0 cro\u00fbte fleurie genre camembert all\u00e9g\u00e9 20-30% m.g.": 46.5, "camembert sans pr\u00e9cision": 47.01030927835052, "beaufort fromage \u00e0 p\u00e2te press\u00e9e cuite 45% m.g.": 46.0, "sainte-maure fromage de ch\u00e8vre": 27.5, "saint albray fromage \u00e0 p\u00e2te molle 50% m.g.": 25.0, "fromage \u00e0 cuire pan\u00e9 nature type crousti'cho de pr\u00e9sident": 92.5, "rouy fromage \u00e0 p\u00e2te molle \u00e0 cro\u00fbte lav\u00e9e 40% m.g.": 42.27272727272727, "autre fromage \u00e0 p\u00e2te molle \u00e0 cro\u00fbte lav\u00e9e": 40.0, "fromage \u00e0 p\u00e2te press\u00e9e non cuite 40-50% m.g.": 60.0, "vieux pan\u00e9 fromage \u00e0 p\u00e2te molle 50% m.g.": 22.5, "fromage de ch\u00e8vre sec": 30.0, "autre fromage \u00e0 p\u00e2te press\u00e9e cuite": 22.04, "gorgonzola fromage \u00e0 p\u00e2te molle persill\u00e9e 45% m.g.": 70.0, "maroilles fromage \u00e0 p\u00e2te molle \u00e0 cro\u00fbte lav\u00e9e 45% m.g.": 45.0, "saint-f\u00e9licien fromage \u00e0 p\u00e2te molle 60% m.g.": 60.0, "fromage de ch\u00e8vre p\u00e2te molle": 40.0, "crottin fromage de ch\u00e8vre": 43.333333333333336, "chaource fromage \u00e0 p\u00e2te molle \u00e0 cro\u00fbte fleurie 50% m.g.": 20.0, "fol \u00e9pi fromage \u00e0 p\u00e2te press\u00e9e cuite \u00e0 trous 50% m.g.": 40.0, "camembert fromage \u00e0 p\u00e2te molle \u00e0 cro\u00fbte fleurie 45% m.g.": 43.875, "\u00e9dam fromage \u00e0 p\u00e2te press\u00e9e non cuite 40-45% m.g.": 31.666666666666668, "fromage des pyr\u00e9n\u00e9es au lait de brebis": 48.5, "fromage \u00e0 p\u00e2te press\u00e9e non cuite all\u00e9g\u00e9 20-30% m.g.": 30.0, "chamois d'or fromage \u00e0 p\u00e2te molle 60% m.g.": 30.0, "bleu au lait de vache fromage \u00e0 p\u00e2te persill\u00e9e sans pr\u00e9cision": 40.0, "gouda fromage \u00e0 p\u00e2te press\u00e9e non cuite 30-40% m.g.": 38.333333333333336, "munster fromage \u00e0 p\u00e2te molle \u00e0 cro\u00fbte lav\u00e9e 45-50% m.g.": 35.0, "saint-marcellin fromage \u00e0 p\u00e2te molle \u00e0 cro\u00fbte naturelle 40-50% m.g.": 47.5}, "autres fromages ou fromage sans pr\u00e9cision": {"autre fromage": 28.0}, "fromages fondus": {"p'tit louis fromage fondu 65% m.g.": 28.0, "saint-moret fromage fondu demi-sel 30% m.g.": 28.675, "fromage de ch\u00e8vre fondu \u00e0 tartiner nature type cabrette ou chavroux": 22.0, "vache qui rit fromage fondu 50% m.g.": 19.642857142857142, "fromage fondu en portions ou en cubes 45-50% m.g.": 34.54545454545455, "ap\u00e9ricube fromage fondu 50% m.g.": 20.0, "samos 99 fromage fondu double cr\u00e8me 70% m.g.": 20.0, "saint-moret all\u00e9g\u00e9 fromage fondu demi-sel 20% m.g.": 22.666666666666668, "snack pour enfants \u00e0 base de fromage fondu et gressins type pik et croq ou kiri": 35.0, "fromage fondu 25% m.g. type sylphide ou vache qui rit \u00e9quilibre et ligne": 28.981818181818177, "kiri cr\u00e8me fromage fondu double cr\u00e8me 70% m.g.": 26.842105263157894}, "fromages frais non affin\u00e9s": {"f\u00e9ta de brebis": 16.666666666666668, "boursin fromage frais sal\u00e9 aromatis\u00e9 70% m.g.": 30.25, "fromage de ch\u00e8vre frais": 30.0, "tartare fromage frais aromatis\u00e9 sal\u00e9 70% m.g.": 20.75, "carr\u00e9 frais fromage \u00e0 tartiner 40% m.g.": 32.5, "ricotta": 100.0, "fromage frais \u00e0 tartiner \u00e0 plus de 60% m.g.": 30.2125, "mozzarella": 41.388888888888886, "fromage frais \u00e0 tartiner 40-60% m.g": 47.5}}}