{"fruits": {"sans": {"fruit sans pr\u00e9cision": 167.5, "ananas frais": 75.55555555555556, "litchi frais": 29.0, "cerise fra\u00eeche": 97.58620689655173, "framboise fra\u00eeche": 63.23529411764706, "pamplemousse frais": 139.56521739130434, "raisin noir frais": 121.63636363636364, "salade de fruits frais": 166.66666666666666, "autre fruit": 120.0, "past\u00e8que fra\u00eeche": 345.75, "abricot frais": 148.77142857142857, "grenade fra\u00eeche": 190.0, "banane fra\u00eeche": 161.98473282442748, "kiwi frais": 126.24074074074075, "figue fra\u00eeche": 169.66666666666666, "mangue fra\u00eeche": 172.875, "raisin blanc frais": 170.38095238095238, "fraise fra\u00eeche": 162.67857142857142, "nectarine non pel\u00e9e fra\u00eeche": 186.25, "melon frais": 274.49074074074076, "orange fra\u00eeche": 169.07692307692307, "poire non pel\u00e9e fra\u00eeche": 167.46478873239437, "citron frais": 18.26388888888889, "prune reine-claude fra\u00eeche": 99.75, "cl\u00e9mentine ou mandarine fra\u00eeche": 131.92446043165467, "myrtille fra\u00eeche": 50.0, "pomme non pel\u00e9e fra\u00eeche": 195.50792452830188, "p\u00eache non pel\u00e9e fra\u00eeche": 167.81034482758622, "p\u00eache pel\u00e9e fra\u00eeche": 155.5}}}