{"fruits secs et graines ol\u00e9agineuses": {"ol\u00e9agineux et graines": {"cacahu\u00e8te ou arachide": 23.0, "pistache r\u00f4tie sal\u00e9e": 48.5, "noix de cajou sal\u00e9e": 27.5, "cacahu\u00e8te grill\u00e9e sal\u00e9e": 30.0, "noix": 42.774193548387096, "pignon de pin": 14.0, "amande": 17.333333333333332, "noisette": 46.0}, "fruits secs et ch\u00e2taignes": {"abricot sec": 32.666666666666664, "datte s\u00e8che": 26.36842105263158, "figue s\u00e8che": 22.666666666666668, "pruneau sec": 33.65909090909091, "ch\u00e2taigne cuite \u00e0 l'eau": 76.25, "raisin sec": 7.0}, "m\u00e9langes": {"fruits secs ou s\u00e9ch\u00e9s et graines ol\u00e9agineuses sans pr\u00e9cision": 36.666666666666664}}}