{"region_21_partitions_foodgrp_13": {"beurre": {"sans": {"beurre allégé 60-62 % m.g.": 6.25, "beurre doux léger 39-41% m.g.": 19.448275862068964, "beurre salé sel > 3%": 12.5, "beurre léger 39-41% m.g. demi-sel": 7.8125, "matière grasse laitière légère 25% m.g. à tartiner type bridelight": 9.192982456140351, "beurre doux": 11.568720379146919, "beurre allégé sans précision": 13.3125, "beurre salé non allégé ajouté à la cuisson": 9.444444444444445, "beurre allégé ajouté au service": 9.075949367088608, "beurre allégé ajouté à la cuisson": 8.85, "beurre salé non allégé ajoutée au service": 9.2, "beurre demi-sel sel maxi 3%": 12.142857142857142, "beurre doux non allégé ajouté à la cuisson": 8.666666666666666, "beurre doux non allégé ajoutée au service": 9.762886597938145}}}}