{"huile": {"sans": {"huile végétale sans précision": 17.612903225806452, "huile de colza": 9.88888888888889, "autre huile végétale": 7.666666666666667, "huile d'arachide": 14.142857142857142, "huile de pépins de raisin": 15.75, "huile d'arachide ajoutée à la cuisson": 11.043478260869565, "huile mélangée (type isio 4) ajoutée au service": 11.625, "huile de pépin de raisins ajoutée à la cuisson": 12.0, "huile mélangée équilibrée type isio 4": 8.879032258064516, "huile de tournesol ajoutée à la cuisson": 11.029411764705882, "huile d'olive ajoutée au service": 9.41025641025641, "huile de tournesol ajoutée au service": 6.571428571428571, "huile de colza ajoutée à la cuisson": 12.0, "huile mélangée (type isio 4) ajoutée à la cuisson": 10.88, "huile d'arachide ajoutée au service": 6.0, "huile d'olive ajoutée à la cuisson": 10.677754677754677, "huile d'olive vierge": 11.711625, "huile de noix": 11.666666666666666, "huile de tournesol": 13.080379746835442}}}