{"riz et blé dur ou concassé": {"riz": {"riz blanc cuit": 132.92592592592592, "riz blanc étuvé cuit": 100.0, "riz complet cuit": 133.33333333333334}, "blé": {"couscous (graine seule) semoule cuite": 137.5, "blé dur précuit nature type ebly": 65.17241379310344}}}