{"condiments et sauces": {"condiments d'assaisonnement": {"ail frais": 3.2244318181818183, "cube pour bouillon de bœuf": 7.5, "vinaigre": 6.7696969696969695, "sauce de soja": 19.761904761904763, "concentré de tomate": 19.4}, "condiments d'accompagnement": {"raifort cru": 5.0, "câpres": 10.0, "olive verte en saumure": 19.852941176470587, "olive noire en saumure": 20.428571428571427, "moutarde": 10.208333333333334, "cornichon au vinaigre": 30.625, "tapenade d'olives": 35.111111111111114, "ketchup": 38.74193548387097}, "herbes aromatiques": {"basilic frais": 3.43125, "persil frais": 7.315068493150685, "menthe fraîche": 2.466666666666667, "thym sec": 4.010526315789474, "ciboule ou ciboulette fraîche": 5.892857142857143, "herbes aromatiques fraîches": 1.8408695652173914}, "sauces": {"sauce hollandaise": 15.0, "mayonnaise à l'huile de tournesol": 30.0, "sauce au yaourt": 20.416666666666668, "vinaigrette ajoutée au service": 19.87012987012987, "sauce tomate sans viande": 39.295212765957444, "sauce sans précision": 14.285714285714286, "sauce à la crème aux épices": 31.666666666666668, "vinaigrette sans précision": 21.871794871794872, "sauce à la crème aux herbes": 8.75, "sauce à la crème": 40.5, "sauce au vin rouge": 29.285714285714285, "sauce barbecue": 23.333333333333332, "mayonnaise ajoutée au service": 15.0, "sauce aux champignons": 40.0, "sauce au fromage": 53.333333333333336, "vinaigrette allégée ajoutée au service": 20.0, "sauce aigre-douce": 23.636363636363637, "mayonnaise": 16.041666666666668, "sauce béarnaise": 30.0, "sauce au beurre": 27.857142857142858, "mayonnaise allégée": 21.25, "vinaigrette allégée": 33.391304347826086, "sauce au curry": 31.25, "sauce tomate à la viande ou bolognaise type panzani ou buitoni": 40.0, "sauce moutarde": 53.75, "sauce pesto": 13.375, "autre sauce": 27.5, "vinaigrette à l'huile d'olive": 22.075555555555553, "sauce béchamel en brique": 28.857142857142858}, "sel et épices": {"curry en poudre": 1.7, "poivre noir moulu": 1.877846153846154, "gingembre moulu": 2.7222222222222223, "cumin en graines": 1.5, "sel fin ou gros": 2.6975206611570246, "cannelle": 2.25, "épices sans précision": 1.6516666666666666, "sel de mer": 2.841025641025641, "coriandre en graines": 1.5}}}