{"l\u00e9gumes secs": {"l\u00e9gumes secs": {"haricot rouge cuit": 66.66666666666667, "haricot blanc cuit": 100.0, "haricot blanc en conserve": 183.33333333333334, "lentille cuite": 189.58333333333334, "pois chiche cuit": 101.33333333333333, "haricot flageolet en conserve": 136.36363636363637, "f\u00e8ve cuite": 200.0}, "l\u00e9gumes secs pr\u00e9par\u00e9s": {"lentille cuisin\u00e9e en conserve": 178.94736842105263}}}