{"region_21_partitions_foodgrp_27": {"fruits secs et graines oléagineuses": {"oléagineux et graines": {"cacahuète ou arachide": 23.0, "pistache rôtie salée": 48.5, "noix de cajou salée": 27.5, "cacahuète grillée salée": 30.0, "noix": 42.774193548387096, "pignon de pin": 14.0, "amande": 17.333333333333332, "noisette": 46.0}, "fruits secs et châtaignes": {"abricot sec": 32.666666666666664, "datte sèche": 26.36842105263158, "figue sèche": 22.666666666666668, "pruneau sec": 33.65909090909091, "châtaigne cuite à l'eau": 76.25, "raisin sec": 7.0}, "mélanges": {"fruits secs ou séchés et graines oléagineuses sans précision": 36.666666666666664}}}}