{"entremets, cr\u00e8mes desserts et laits g\u00e9lifi\u00e9s": {"entremets": {"mousse au chocolat industrielle rayon frais": 107.93478260869566, "riz au lait rayon frais": 84.16666666666667, "\u00eele flottante ou \u0153ufs \u00e0 la neige": 107.14285714285714, "cr\u00e8me caramel type charles gervais": 102.91666666666667, "tiramisu": 126.42857142857143, "cr\u00e8me p\u00e2tissi\u00e8re": 54.0, "cr\u00e8me br\u00fbl\u00e9e": 233.33333333333334, "clafoutis aux fruits": 115.55555555555556, "flan p\u00e2tissier aux \u0153ufs ou \u00e0 la parisienne": 196.2, "g\u00e2teau de semoule au lait rayon frais": 95.0}, "cr\u00e8me dessert et lait g\u00e9lifi\u00e9": {"cr\u00e8me dessert rayon frais type danette": 128.03846153846155, "dessert au lait g\u00e9lifi\u00e9 aromatis\u00e9 napp\u00e9 de caramel type flanby": 143.47826086956522, "dessert au lait g\u00e9lifi\u00e9 aromatis\u00e9 au chocolat type dany": 114.0909090909091, "cr\u00e8me dessert rayon frais ou appertis\u00e9e sans pr\u00e9cision": 135.71428571428572, "chocolat viennois ou li\u00e9geois": 119.0625, "cr\u00e8me de marrons vanill\u00e9e en conserve": 57.375, "cr\u00e8me dessert \u00e0 la vanille enrichie en cr\u00e8me rayon frais type la laiti\u00e8re de nes": 90.0, "cr\u00e8me dessert all\u00e9g\u00e9e en mati\u00e8re grasse rayon frais type taillefine chocolat ou": 112.5, "cr\u00e8me dessert au soja nature rayon frais type sojasun nature": 110.9375, "cr\u00e8me dessert au soja aromatis\u00e9e rayon frais type sojasun chocolat": 133.33333333333334, "cr\u00e8me dessert au soja aux fruits rayon frais type sojad\u00e9lice aux pruneaux": 109.0909090909091, "cr\u00e8me dessert au chocolat industrielle type danette ou petits filous": 118.58974358974359}}}