{"eaux": {"eau min\u00e9rale plate": {"vittel eau plate": 356.02564102564105, "courmayeur eau plate": 352.04545454545456, "saint amand vauban eau plate": 200.0, "luchon eau plate": 400.0, "or\u00e9e du bois eau plate": 200.0, "\u00e9vian eau plate": 308.6829268292683, "h\u00e9par eau plate": 441.8, "eau min\u00e9rale plate sans pr\u00e9cision": 298.75, "mont roucous eau plate": 150.0, "contrex eau plate": 381.14285714285717, "thonon eau plate": 460.0, "volvic eau plate": 365.29411764705884, "amanda eau plate": 150.0}, "eau du robinet": {"eau du robinet": 331.8154138915319}, "eau min\u00e9rale gazeuse": {"san pellegrino eau gazeuse": 400.0, "saint yorre eau gazeuse": 428.57142857142856, "eau gazeuse sans pr\u00e9cision": 243.33333333333334, "salvetat eau gazeuse": 251.66666666666666, "saint di\u00e9ry eau gazeuse": 280.0, "perrier eau gazeuse": 326.3636363636364, "qu\u00e9zac eau gazeuse": 365.0, "badoit eau gazeuse": 577.5, "arcens eau gazeuse": 227.27272727272728, "ch\u00e2teauneuf eau gazeuse": 120.0, "la verni\u00e8re eau gazeuse": 120.0, "vichy c\u00e9lestins eau gazeuse": 200.0, "vals vivaraise eau gazeuse": 379.2307692307692, "vernet eau gazeuse": 354.2857142857143}, "eau de source": {"eau de source": 328.93238434163703}, "autre eau": {"eau min\u00e9rale sans pr\u00e9cision": 378.28125, "autre eau min\u00e9rale": 285.4, "eau min\u00e9rale ou non faiblement min\u00e9ralis\u00e9e": 313.0357142857143}}}