{"eaux": {"eau minérale plate": {"vittel eau plate": 356.02564102564105, "courmayeur eau plate": 352.04545454545456, "saint amand vauban eau plate": 200.0, "luchon eau plate": 400.0, "orée du bois eau plate": 200.0, "évian eau plate": 308.6829268292683, "hépar eau plate": 441.8, "eau minérale plate sans précision": 298.75, "mont roucous eau plate": 150.0, "contrex eau plate": 381.14285714285717, "thonon eau plate": 460.0, "volvic eau plate": 365.29411764705884, "amanda eau plate": 150.0}, "eau du robinet": {"eau du robinet": 331.8154138915319}, "eau minérale gazeuse": {"san pellegrino eau gazeuse": 400.0, "saint yorre eau gazeuse": 428.57142857142856, "eau gazeuse sans précision": 243.33333333333334, "salvetat eau gazeuse": 251.66666666666666, "saint diéry eau gazeuse": 280.0, "perrier eau gazeuse": 326.3636363636364, "quézac eau gazeuse": 365.0, "badoit eau gazeuse": 577.5, "arcens eau gazeuse": 227.27272727272728, "châteauneuf eau gazeuse": 120.0, "la vernière eau gazeuse": 120.0, "vichy célestins eau gazeuse": 200.0, "vals vivaraise eau gazeuse": 379.2307692307692, "vernet eau gazeuse": 354.2857142857143}, "eau de source": {"eau de source": 328.93238434163703}, "autre eau": {"eau minérale sans précision": 378.28125, "autre eau minérale": 285.4, "eau minérale ou non faiblement minéralisée": 313.0357142857143}}}