{"riz et bl\u00e9 dur ou concass\u00e9": {"riz": {"riz blanc cuit": 132.92592592592592, "riz blanc \u00e9tuv\u00e9 cuit": 100.0, "riz complet cuit": 133.33333333333334}, "bl\u00e9": {"couscous (graine seule) semoule cuite": 137.5, "bl\u00e9 dur pr\u00e9cuit nature type ebly": 65.17241379310344}}}