{"volaille et gibier": {"gibier": {"chevreuil rôti": 160.0, "sanglier rôti": 106.66666666666667, "autre gibier": 200.0, "faisan viande rôtie": 400.0}, "volailles et lapins": {"blanc de poulet cuit": 105.0, "poulet cuisse rôtie viande et peau": 224.42592592592592, "dinde viande rôtie": 112.27272727272727, "lapin en ragoût": 160.0, "lapin viande cuite": 135.0, "volaille cuite sans précision": 196.66666666666666, "confit de canard": 217.0, "brochette de volaille": 144.6, "dinde ou autre volaille escalope sautée": 101.58333333333333, "canard viande rôtie": 184.75, "canard magret cuit à la poêle": 83.61538461538461, "autre volaille cuite": 182.85714285714286, "caille cuite viande et peau": 283.3333333333333, "poulet rôti viande et peau": 137.75185185185185}}}