{"region_21_partitions_foodgrp_1": {"pain et panification sèche": {"biscottes et panification sèche": {"autre biscotte": 31.186956521739127, "tartine extrudée fourrée au chocolat ou aux fruits type craquinette de lu": 20.0, "pain grillé au froment type tranches pain grillé pelletier lu braisotte jacquet": 33.294210526315794, "biscotte complète ou riche en fibres": 39.54545454545455, "biscotte multicéréales type heudebert aux six céréales": 15.666666666666666, "biscotte sans adjonction de sel": 17.833333333333332, "pain grillé multicéréales type pain grillé multicéréales heudebert lu": 30.0, "biscotte classique type heudebert lu": 25.14}, "autres produits de panification": {"chapelure ou panure": 5.142857142857143, "fougasse garnie": 76.15384615384616}, "pain": {"pain grillé maison": 67.35164835164835, "pain baguette sans sel": 60.0, "pain aux céréales artisanal": 47.58620689655172, "pain courant français boule à la levure": 64.33333333333333, "pain sans précision": 61.15384615384615, "pain de seigle et froment": 50.28125, "pain brioché ou viennois": 40.0, "pain complet ou intégral artisanal": 65.83076923076923, "autre pain": 78.47826086956522, "pain de mie": 53.04081632653061, "pain baguette": 68.65884670487107, "pain de campagne ou bis": 67.41228070175438}}}}