{"huile": {"sans": {"huile v\u00e9g\u00e9tale sans pr\u00e9cision": 17.612903225806452, "huile de colza": 9.88888888888889, "autre huile v\u00e9g\u00e9tale": 7.666666666666667, "huile d'arachide": 14.142857142857142, "huile de p\u00e9pins de raisin": 15.75, "huile d'arachide ajout\u00e9e \u00e0 la cuisson": 11.043478260869565, "huile m\u00e9lang\u00e9e (type isio 4) ajout\u00e9e au service": 11.625, "huile de p\u00e9pin de raisins ajout\u00e9e \u00e0 la cuisson": 12.0, "huile m\u00e9lang\u00e9e \u00e9quilibr\u00e9e type isio 4": 8.879032258064516, "huile de tournesol ajout\u00e9e \u00e0 la cuisson": 11.029411764705882, "huile d'olive ajout\u00e9e au service": 9.41025641025641, "huile de tournesol ajout\u00e9e au service": 6.571428571428571, "huile de colza ajout\u00e9e \u00e0 la cuisson": 12.0, "huile m\u00e9lang\u00e9e (type isio 4) ajout\u00e9e \u00e0 la cuisson": 10.88, "huile d'arachide ajout\u00e9e au service": 6.0, "huile d'olive ajout\u00e9e \u00e0 la cuisson": 10.677754677754677, "huile d'olive vierge": 11.711625, "huile de noix": 11.666666666666666, "huile de tournesol": 13.080379746835442}}}