{"lait": {"lait aromatis\u00e9": {"milk-shake sans pr\u00e9cision": 200.0, "lait demi-\u00e9cr\u00e9m\u00e9 aromatis\u00e9": 110.0, "lait demi-\u00e9cr\u00e9m\u00e9 aromatis\u00e9 au chocolat": 261.1111111111111}, "lait concentr\u00e9 ou en poudre": {"lait entier concentr\u00e9 non sucr\u00e9": 7.5, "lait \u00e9cr\u00e9m\u00e9 en poudre": 22.58823529411765, "lait entier en poudre": 11.6}, "lait en bouteille ou en brique": {"lait demi-\u00e9cr\u00e9m\u00e9 uht \u00e0 teneur garantie en vitamines": 202.85714285714286, "lait demi-\u00e9cr\u00e9m\u00e9 en poudre": 10.0, "lait demi-\u00e9cr\u00e9m\u00e9 uht \u00e0 teneur garantie en prot\u00e9ines et vitamines enrichi en min\u00e9": 250.0, "lait entier uht": 197.5, "lait entier pasteuris\u00e9": 250.0, "lait \u00e9cr\u00e9m\u00e9 uht": 194.52173913043478, "lait de croissance infantile": 60.0, "lait demi-\u00e9cr\u00e9m\u00e9 uht": 237.1432384341637, "lait \u00e9cr\u00e9m\u00e9 uht \u00e0 teneur garantie en vitamines": 359.375}, "autre lait": {"autre lait": 216.88}}}