{"sucres et d\u00e9riv\u00e9s": {"confiserie": {"bonbons g\u00e9lifi\u00e9s": 50.166666666666664, "confiserie \u00e0 base de cacahu\u00e8tes drag\u00e9ifi\u00e9es enrob\u00e9es de chocolat type m&ms cacah": 38.75, "p\u00e2te de fruits": 25.0, "p\u00e2te d'amande fabrication industrielle": 10.0, "chewing-gum sucr\u00e9": 3.602272727272727, "confiserie drag\u00e9ifi\u00e9e au chocolat type smarties": 8.5, "bonbons tout type sauf g\u00e9lifi\u00e9s": 20.79957142857143, "chewing-gum sans sucre": 3.6181818181818177, "nougat ou touron": 36.0}, "confiture et miel": {"miel": 18.44954128440367, "confiture de cerise": 10.0, "confiture ajout\u00e9e au service": 8.793103448275861, "confiture d'orange": 43.94736842105263, "confiture de fraise": 41.857142857142854, "confiture d'abricot": 35.0, "confiture ou marmelade tout type": 28.627450980392158, "confiture all\u00e9g\u00e9e": 31.142857142857142}, "sucre et assimil\u00e9s": {"sucre roux": 11.52579365079365, "sucre blanc": 7.771, "sucre blanc ajout\u00e9 au service": 5.997109826589595, "sucre all\u00e9g\u00e9 type tutti free": 3.75, "fructose": 7.5}}}