{"caf\u00e9": {"sans": {"caf\u00e9 soluble d\u00e9caf\u00e9in\u00e9 reconstitu\u00e9 pr\u00eat \u00e0 boire non sucr\u00e9": 92.38095238095238, "caf\u00e9 soluble en poudre": 3.2551020408163267, "caf\u00e9 au lait ou caf\u00e9 cr\u00e8me ou cappuccino non sucr\u00e9": 259.48275862068965, "caf\u00e9 soluble reconstitu\u00e9 pr\u00eat \u00e0 boire non sucr\u00e9": 153.65079365079364, "caf\u00e9 expresso non sucr\u00e9": 118.54304635761589, "caf\u00e9 noir pr\u00eat \u00e0 boire non sucr\u00e9": 198.08568329718005, "caf\u00e9 d\u00e9caf\u00e9in\u00e9 pr\u00eat \u00e0 boire non sucr\u00e9": 77.75}}}