{"sucres et dérivés": {"confiserie": {"bonbons gélifiés": 50.166666666666664, "confiserie à base de cacahuètes dragéifiées enrobées de chocolat type m&ms cacah": 38.75, "pâte de fruits": 25.0, "pâte d'amande fabrication industrielle": 10.0, "chewing-gum sucré": 3.602272727272727, "confiserie dragéifiée au chocolat type smarties": 8.5, "bonbons tout type sauf gélifiés": 20.79957142857143, "chewing-gum sans sucre": 3.6181818181818177, "nougat ou touron": 36.0}, "confiture et miel": {"miel": 18.44954128440367, "confiture de cerise": 10.0, "confiture ajoutée au service": 8.793103448275861, "confiture d'orange": 43.94736842105263, "confiture de fraise": 41.857142857142854, "confiture d'abricot": 35.0, "confiture ou marmelade tout type": 28.627450980392158, "confiture allégée": 31.142857142857142}, "sucre et assimilés": {"sucre roux": 11.52579365079365, "sucre blanc": 7.771, "sucre blanc ajouté au service": 5.997109826589595, "sucre allégé type tutti free": 3.75, "fructose": 7.5}}}