{"plats compos\u00e9s": {"plats \u00e0 base de p\u00e2tes ou de pommes de terre": {"gratin dauphinois": 163.9318181818182, "raviolis \u00e0 la viande \u00e0 la sauce tomate en conserve": 224.30232558139534, "gratin de p\u00e2tes": 133.33333333333334, "salade de p\u00e2tes v\u00e9g\u00e9tarienne": 101.66666666666667, "lasagnes \u00e0 la bolognaise": 358.7083333333333, "ravioles ou raviolis au fromage": 155.0, "cannellonis \u00e0 la viande": 312.5, "hachis parmentier": 289.35714285714283, "p\u00e2tes \u00e0 la carbonara": 175.0, "salade de pommes de terre": 185.0, "tartiflette": 135.0, "salade de p\u00e2tes au l\u00e9gumes, avec thon ou viande": 50.0}, "plats \u00e0 base de l\u00e9gumes": {"tomate \u00e0 la proven\u00e7ale": 100.84558823529412, "tomate farcie": 177.77777777777777, "l\u00e9gumes divers farcis sauf tomate": 160.52631578947367, "moussaka": 200.0, "gratin endives jambon": 138.0, "gratin de l\u00e9gumes": 112.5}, "plats sans garniture": {"poisson sauce oseille type cabillaud \u00e0 l'oseille marie": 140.0, "paupiette de volaille": 200.0, "quenelle de volaille en conserve": 113.33333333333333, "viande en sauce sans pr\u00e9cision": 60.0, "cordon bleu de volaille type p\u00e8re dodu ou le gaulois": 118.4090909090909, "paupiette de veau": 110.0, "poisson en sauce surgel\u00e9": 150.0, "tripes \u00e0 la mode de caen artisanales": 175.0, "coq au vin": 273.3333333333333, "poulet au curry": 85.0}, "garnitures compos\u00e9es": {"riz cantonais": 125.0, "salade de thon et l\u00e9gumes en conserve": 242.5, "salade de riz": 190.55555555555554, "salade compos\u00e9e avec viande ou poisson en conserve": 87.5, "taboul\u00e9 ou salade de couscous": 92.54166666666667}, "beignets, cr\u00eapes et bouch\u00e9es \u00e0 la reine": {"nugget de volaille": 118.44047619047619, "samossas": 131.25, "cr\u00eape fourr\u00e9e b\u00e9chamel jambon fromage champignon": 138.33333333333334, "beignet sal\u00e9 fourr\u00e9 de viande volaille ou poisson": 158.0, "cr\u00eape fourr\u00e9e b\u00e9chamel jambon": 125.0, "nem ou p\u00e2t\u00e9 imp\u00e9rial": 154.0625, "brick garni (garniture : crevettes l\u00e9gumes volaille viande poisson\u2026)": 66.5, "bouch\u00e9e \u00e0 la reine au poulet": 115.0, "acra de morue": 95.0, "rouleau de printemps": 128.33333333333334, "cr\u00eape fourr\u00e9e b\u00e9chamel fromage": 160.0, "cr\u00eape fourr\u00e9e b\u00e9chamel jambon fromage": 148.9375, "beignet de crevette industriel": 62.5, "beignet de l\u00e9gumes": 88.75}, "plats garnis \u00e0 base de viande": {"chili con carne": 293.3333333333333, "blanquette de veau": 137.22222222222223, "osso buco \u00e0 la milanaise": 110.0, "b\u0153uf bourguignon": 148.75, "tajine de mouton": 255.0, "couscous royal \u00e0 la viande": 369.61538461538464, "choucroute garnie en conserve": 500.0, "b\u0153uf carottes": 223.33333333333334, "paella": 463.04347826086956, "cassoulet en conserve": 276.3636363636364, "pot\u00e9e auvergnate": 480.0, "pot-au-feu": 430.90909090909093, "navarin d'agneau": 80.0, "couscous au poulet": 230.0, "poulet basquaise au riz": 223.33333333333334}}}