{"beurre": {"sans": {"beurre all\u00e9g\u00e9 60-62 % m.g.": 6.25, "beurre doux l\u00e9ger 39-41% m.g.": 19.448275862068964, "beurre sal\u00e9 sel > 3%": 12.5, "beurre l\u00e9ger 39-41% m.g. demi-sel": 7.8125, "mati\u00e8re grasse laiti\u00e8re l\u00e9g\u00e8re 25% m.g. \u00e0 tartiner type bridelight": 9.192982456140351, "beurre doux": 11.568720379146919, "beurre all\u00e9g\u00e9 sans pr\u00e9cision": 13.3125, "beurre sal\u00e9 non all\u00e9g\u00e9 ajout\u00e9 \u00e0 la cuisson": 9.444444444444445, "beurre all\u00e9g\u00e9 ajout\u00e9 au service": 9.075949367088608, "beurre all\u00e9g\u00e9 ajout\u00e9 \u00e0 la cuisson": 8.85, "beurre sal\u00e9 non all\u00e9g\u00e9 ajout\u00e9e au service": 9.2, "beurre demi-sel sel maxi 3%": 12.142857142857142, "beurre doux non all\u00e9g\u00e9 ajout\u00e9 \u00e0 la cuisson": 8.666666666666666, "beurre doux non all\u00e9g\u00e9 ajout\u00e9e au service": 9.762886597938145}}}