{"region_21_partitions_foodgrp_34": {"café": {"sans": {"café soluble décaféiné reconstitué prêt à boire non sucré": 92.38095238095238, "café soluble en poudre": 3.2551020408163267, "café au lait ou café crème ou cappuccino non sucré": 259.48275862068965, "café soluble reconstitué prêt à boire non sucré": 153.65079365079364, "café expresso non sucré": 118.54304635761589, "café noir prêt à boire non sucré": 198.08568329718005, "café décaféiné prêt à boire non sucré": 77.75}}}}