{"region_21_partitions_foodgrp_17": {"viande": {"bœuf en pièces ou haché": {"steak haché 20% m.g. cuit": 50.0, "bœuf boulettes cuites": 101.78571428571429, "bœuf faux-filet grillé": 147.77777777777777, "brochette de bœuf": 189.16666666666666, "steak haché 5% m.g. cuit": 124.54545454545455, "steak haché 5% m.g. cru": 200.0, "carpaccio de boeuf": 105.0, "steak haché 15% m.g. cuit": 134.3181818181818, "bœuf à pot-au-feu cuit": 113.33333333333333, "boeuf bifteck grillé": 139.81967213114754, "steak haché 10% m.g. cuit": 200.0, "bœuf à bourguignon cuit": 120.9375, "bœuf braisé": 120.0, "bœuf rosbif rôti": 126.57894736842105, "bœuf entrecôte grillée": 167.5}, "autre viande": {"autre viande": 145.0, "cheval viande rôtie": 98.75, "brochette mixte de viande": 100.0, "viande cuite sans précision": 94.1304347826087}, "porc": {"porc côtelette grillée": 143.22448979591837, "porc filet rôti maigre cuit": 111.25, "porc travers braisé": 141.11111111111111, "porc échine rôtie": 130.0, "porc rôti cuit": 107.5}, "agneau": {"agneau épaule rôtie": 90.0, "agneau côtelette grillée": 121.0, "brochette d'agneau": 135.0, "agneau gigot rôti": 93.48484848484848}, "veau": {"veau escalope cuite": 96.33333333333333, "veau rôti": 94.5, "veau filet rôti": 28.0, "veau côte cuite": 150.0, "veau mijoté": 120.9090909090909, "veau escalope panée": 165.0}}}}